order,pixel,wave,amp,fwhm_px,fwhm_kms,pypeit_fwhm_px
93,9.875626296308887,3806.4009767808807,72.40905409699508,2.9203394920412924,6.521069066492082,2.196276114778792
93,100.14067900334757,3808.9538847882527,1287.1738625109879,2.2194169318193304,4.928336151469885,2.196276114778792
93,109.2056168931383,3809.209566196312,127.23618086104221,2.1701682276409273,4.816270489043358,2.196276114778792
93,125.2940966268605,3809.6630361871344,176.59946224859962,3.0934451075679577,6.858441697457898,2.196276114778792
93,156.31437255255216,3810.536237128162,1758.2146537763174,2.444625160178515,5.4094225241966525,2.196276114778792
93,169.79084545091115,3810.915123749552,192.9386885685942,2.2852676027393954,5.052346804182381,2.196276114778792
93,211.1598475190105,3812.0764249949434,306.93231399601586,2.2939317496038227,5.058385373601679,2.196276114778792
93,261.34800816308257,3813.4816869382244,56.05662541538207,2.076918346045798,4.565308668845943,2.196276114778792
93,285.2206082878131,3814.148721830109,2252.697467921595,2.200728079267244,4.830039394382638,2.196276114778792
93,355.54687715250844,3816.108481029854,158.0230283901122,2.0810344002382406,4.54650133572167,2.196276114778792
93,374.9301706562693,3816.64724216922,241.862738386169,2.1839903430508225,4.765554079941856,2.196276114778792
93,411.10298606620483,3817.6510580125605,40.54215883088541,2.787076694439411,6.0672597936102886,2.196276114778792
93,487.6286578530861,3819.767727875216,989.824498778602,1.9758742445251296,4.279591658026248,2.196276114778792
93,499.59351314739763,3820.09781147619,197.5487802688548,2.0395686432792117,4.414034519017055,2.196276114778792
93,550.8348690615734,3821.5087983872545,594.4809678240882,2.1176136678198567,4.567376689724932,2.196276114778792
93,564.219896175798,3821.8766598460834,794.7223234163624,1.969080387142889,4.243310111616482,2.196276114778792
93,587.4733356344292,3822.515033081687,1219.5942705757793,1.9381701114886178,4.170237918697549,2.196276114778792
93,599.2671365495828,3822.8384650194826,81.24881552503824,1.9420773945561849,4.175259866008334,2.196276114778792
93,613.800251962486,3823.2367025552003,1139.0595655088084,2.337804008254734,5.020928031239692,2.196276114778792
93,647.3077893711204,3824.1535403796593,494.16213635387277,1.8985390108356346,4.068371223310613,2.196276114778792
93,742.9319941771358,3826.759677060287,636.7418422351764,2.1025238771478802,4.475791342234271,2.196276114778792
93,768.5854192438138,3827.456204345473,362.4681862016989,1.8540767233356463,3.9397538670731365,2.196276114778792
93,843.0710107378238,3829.4722195677314,22828.901135398763,2.0348881354966384,4.3014713822117825,2.196276114778792
93,905.2447388506408,3831.147669628209,335.1565754103154,2.018017475924081,4.246938684390323,2.196276114778792
93,931.79414581029,3831.861066258438,7887.78152173369,2.100572156729353,4.412065551777064,2.196276114778792
93,1041.1126782104286,3834.7854010944498,76.52211994944572,2.210139213565738,4.605245457367455,2.196276114778792
93,1077.9714738270761,3835.766585688338,1885.225853027136,2.242315517327571,4.659416621033428,2.196276114778792
93,1116.8389614615583,3836.7985819260625,333.19199853094517,2.0645303385662666,4.277416686178658,2.196276114778792
93,1198.706758665357,3838.963279819945,4223.834961698138,2.1519950274018154,4.430801005181091,2.196276114778792
93,1268.1933110226355,3840.790867650201,18559.002981012854,2.8633899440953146,5.863948453188224,2.196276114778792
93,1294.8845200847268,3841.4904760754707,269.161223129081,3.5856291924453796,7.327429422327775,2.196276114778792
93,1310.1084141419374,3841.8889097557762,917.3168795720565,2.0932605914451177,4.27261553785175,2.196276114778792
93,1337.6270714967823,3842.6080003885236,592.7521330105985,2.2316103971698404,4.544863120396086,2.196276114778792
93,1354.5516466325798,3843.0495397788504,3713.6778969782995,2.1588273680021133,4.3906532462984575,2.196276114778792
93,1520.121595872463,3847.339780522794,109.50075222259885,1.9714781479130237,3.9557092294578697,2.196276114778792
93,1573.4632390876811,3848.710458577249,76.34548107749015,1.9464332786656924,3.888006478528167,2.196276114778792
93,1689.5613802887317,3851.673852598048,6116.675390366828,2.2922522208427294,4.53265497379825,2.196276114778792
93,1750.8508123151669,3853.2270682560984,1462.2621685009512,2.1253058614418343,4.17984430246857,2.196276114778792
93,1783.481174585727,3854.0507894128477,183.7914557540789,2.0745682435226174,4.068328001254217,2.196276114778792
93,1845.2385606835815,3855.6036168042256,3096.254850036406,2.144940772038756,4.18260628650342,2.196276114778792
93,1919.4350094108179,3857.4583761515246,657.945436868195,2.091500592912446,4.050395522898323,2.196276114778792
93,2022.0318099117355,3860.003219719511,52.515931086455936,2.2830347688854737,4.3779749382988,2.196276114778792
92,42.85961581340243,3848.7065811178286,36.95537338555202,2.1838481583369407,4.869676605220531,2.161376147842649
92,146.75154946207306,3851.67205133684,3813.591738235666,2.450212380852963,5.427624133688075,2.161376147842649
92,201.42349425868008,3853.2256318356854,1078.4304937458708,2.1093322323090318,4.656376770453511,2.161376147842649
92,230.48233714549085,3854.04941672174,140.16461637458733,2.006360983601714,4.420805437096874,2.161376147842649
92,285.3898963328622,3855.602249584518,2779.5583436035467,2.1884028820572747,4.804789324005324,2.161376147842649
92,298.48341798378254,3855.9718225843953,133.5993383778564,2.35440319186134,5.164890997461589,2.161376147842649
92,441.9663272989426,3860.0033551023002,73.11638693556914,2.1277960395445876,4.623870464641513,2.161376147842649
92,554.6843112802375,3863.1466331399492,112.103535948851,2.0966470503670394,4.521886361116987,2.161376147842649
92,567.4853700298872,3863.502266327473,698.1926814698958,2.2375633628311804,4.821895135942647,2.161376147842649
92,577.1462577170768,3863.7704788484957,989.7275054443486,2.8520756660958244,6.141998220616458,2.161376147842649
92,603.4862950560932,3864.5009525679493,5994.172633608325,1.9581550370604524,4.209491309967646,2.161376147842649
92,638.2128285413079,3865.462216596821,129.78817035569202,2.1260281591295156,4.559476027493632,2.161376147842649
92,730.1615193298555,3867.997554071978,343.88341627154006,2.267562964070686,4.832254510969403,2.161376147842649
92,754.7884789788504,3868.674146911478,373.3899545612303,1.9701511556490199,4.19114972216732,2.161376147842649
92,789.5452756814427,3869.6272641705077,5984.511049109198,2.1450416706440874,4.552015897767674,2.161376147842649
92,830.9453840007762,3870.759825180897,1122.3748028744828,2.0401868411036697,4.316984329781071,2.161376147842649
92,842.3025295248933,3871.0699947156413,192.6013731690131,1.9802264160610386,4.186838993208206,2.161376147842649
92,921.8046858488369,3873.234904303782,499.65296993915234,2.2077173450662304,4.641149661625858,2.161376147842649
92,943.3075047617474,3873.8185263124305,3050.215742607445,2.2436229656373836,4.709465622018009,2.161376147842649
92,959.0585229066086,3874.2455135244963,1398.7191398049413,2.0192264576024512,4.233520524712055,2.161376147842649
92,971.1107836187184,3874.5719339037673,3453.358698327777,2.188573649485978,4.584561775304517,2.161376147842649
92,983.9769350993163,3874.9201110711047,15529.307021827439,2.095482053625867,4.385386212898433,2.161376147842649
92,999.5981326425551,3875.3424449010568,3089.729738104006,2.094400797607737,4.3779829593546165,2.161376147842649
92,1200.8142792525157,3880.742853160029,1747.615847248575,2.1242299917680274,4.373736016306019,2.161376147842649
92,1270.5740395103319,3882.597613276607,380.2653126323871,2.0911112808841845,4.282203279517795,2.161376147842649
92,1294.8911967648792,3883.2419914658058,513.3086839191157,2.1414504564860715,4.377026020569927,2.161376147842649
92,1346.8630265238096,3884.615401482066,33.601180175086604,3.0923581497697636,6.294611511927548,2.161376147842649
92,1385.186068540341,3885.624795654561,645.0855319363405,2.1107282656632163,4.283379353417706,2.161376147842649
92,1396.5485814576475,3885.9235261266617,971.1960552758318,2.0608064825470866,4.178017512796073,2.161376147842649
92,1441.6663410734916,3887.1072223211972,143.24600775141383,2.2336336649013253,4.511838197756698,2.161376147842649
92,1452.1415784702453,3887.3814757750347,1863.1158471904375,2.2518773122807167,4.544959350803347,2.161376147842649
92,1476.4680083610183,3888.017532199756,4091.1687151470614,2.034961032652112,4.099041376364768,2.161376147842649
92,1661.9651497648188,3892.8285577422453,172.61946833166218,1.9962089801968739,3.9579926445313993,2.161376147842649
92,1671.8816964043588,3893.0837700169855,1351.5209126046736,2.2749216804852095,4.5066753851109995,2.161376147842649
92,1684.6349334964405,3893.4116867033003,570.060787033682,1.9352906681745121,3.8294946294705405,2.161376147842649
92,1736.989722281955,3894.754289931834,187.2883378400792,2.010870133763969,3.960790382454424,2.161376147842649
92,1766.6733202441462,3895.5129376917266,87.08246374830411,2.06066746278961,4.047987507963839,2.161376147842649
92,1785.8940031595273,3896.0031770493265,82.64295185825087,1.98868433395371,3.8998937138831606,2.161376147842649
92,1806.3598735945393,3896.5243069913254,2708.4331785791287,2.105833762008527,4.122140866202206,2.161376147842649
92,1925.630553185834,3899.5432746379074,1059.4959505087247,2.2018791357093725,4.262450894318329,2.161376147842649
92,1939.941912119787,3899.9034228516807,89.73547109486073,1.9941045137980258,3.8551213204820862,2.161376147842649
92,1949.052834478646,3900.132463651785,92.86215030439936,2.2742508338775926,4.392957445097536,2.161376147842649
92,2011.5910950854998,3901.699602482095,325.76534197201045,3.8664881007333984,7.423429666532381,2.161376147842649
92,2022.9225108291064,3901.9826108522193,3379.7617190813776,2.1689117488382057,4.159728253092058,2.161376147842649
92,2033.9563377278016,3902.257906104528,179.59270357812687,2.140300089034231,4.10044736204731,2.161376147842649
91,95.21029101669195,3892.5053131086456,265.37330502098564,2.197564520525828,4.883271052042912,2.1977935035725333
91,115.2226204230279,3893.0823832322308,811.654071879051,2.3293628107768165,5.169636475161674,2.1977935035725333
91,173.38133049304477,3894.7557877434724,123.92542032795524,2.0078403688131186,4.4397705642503045,2.1977935035725333
91,340.84656747314085,3899.5437608633024,1126.0236990857682,2.3521538086551144,5.145414497259624,2.1977935035725333
91,353.3568859026151,3899.899608353154,89.92660577865266,2.198893831189816,4.806408641790356,2.1977935035725333
91,361.46727604447426,3900.130165823974,107.91144206352855,2.1425161811358167,4.680742308547093,2.1977935035725333
91,416.8155771940094,3901.7006877038543,464.5794112504826,3.2917645814606042,7.1652462002067185,2.1977935035725333
91,426.75690796241605,3901.9822401836427,4847.279449561451,2.124775007852247,4.622003196846279,2.1977935035725333
91,436.4171469060866,3902.2556750986937,269.9315267753068,1.8931208227554912,4.115652427522902,2.1977935035725333
91,454.4709340130409,3902.766276569831,446.061543377625,2.05624378982761,4.464984913646375,2.1977935035725333
91,505.4733825296655,3904.2058120245856,1517.8274649599466,1.9207077470632297,4.156611582606182,2.1977935035725333
91,518.9985777657721,3904.586830405865,260.64968925666494,1.9270334988614828,4.166414556868359,2.1977935035725333
91,663.8989037289671,3908.649475080244,121.78543441398986,1.9762977800239276,4.231291065965572,2.1977935035725333
91,707.1376083271448,3909.854858320315,155.85626088538564,1.8810852885815863,4.01555896665065,2.1977935035725333
91,770.9279574174107,3911.6272819376786,99.9271353944909,1.874694210132699,3.984175822869678,2.1977935035725333
91,780.1038624407188,3911.8816547711867,174.98947040128508,1.7842379216005133,3.789548963229031,2.1977935035725333
91,809.0557214122692,3912.6832899987767,310.33474399265936,2.2497072399563605,4.76844451210529,2.1977935035725333
91,821.2977283502779,3913.0218120464997,3489.7489280291456,2.3949923621112132,5.072096624776986,2.1977935035725333
91,834.5610658502562,3913.3882795779105,1287.0087803963115,1.9753797214226003,4.17930684496523,2.1977935035725333
91,890.5665151972669,3914.932294721391,2231.833828328017,2.034269996782465,4.286775103323488,2.1977935035725333
91,902.9102250904875,3915.271850990392,152.53330043716545,2.04682081033245,4.309512887843869,2.1977935035725333
91,924.9264246853353,3915.8768079809133,884.8166253096692,2.1924788920156386,4.608886895930828,2.1977935035725333
91,944.0476170301597,3916.401513182285,94.74567677012033,2.379917034933072,4.996039101808829,2.1977935035725333
91,985.085944480367,3917.525428229423,10005.161749552444,2.047048710637737,4.2844605200237185,2.1977935035725333
91,1016.2876059265974,3918.3779093337093,473.8943567164244,1.9540383107549424,4.080497591836914,2.1977935035725333
91,1061.6059794796238,3919.612924147126,855.5822899319106,2.1424416613012727,4.458718805095993,2.1977935035725333
91,1198.7483676380734,3923.3272075335294,564.0482145506967,1.9645591246985858,4.046358760163238,2.1977935035725333
91,1257.5827234867124,3924.9098133693656,3005.318699696198,2.061961827157716,4.22759978224406,2.1977935035725333
91,1280.081853622035,3925.5132802688695,271.32245842570745,2.1999203381865127,4.502689435061987,2.1977935035725333
91,1341.5744527542743,3927.1576442018068,658.4310642529963,2.191762116700341,4.464026859784389,2.1977935035725333
91,1438.5502269495817,3929.735850356994,6995.674343124804,2.255380351365289,4.5577146196785465,2.1977935035725333
91,1478.0929946665228,3930.7817867126573,77939.52129673696,2.1401555142340585,4.310997352495323,2.1977935035725333
91,1537.7857616534832,3932.3547445016434,668.5063676970212,2.3362750132619703,4.682531029588123,2.1977935035725333
91,1566.5896013022264,3933.111160455681,263.7535329386599,2.0390634973084065,4.076829988909269,2.1977935035725333
91,1575.3032377467648,3933.339653965257,1401.9683897918237,2.0812965129762535,4.158440640061062,2.1977935035725333
91,1587.5973062703363,3933.6617697695206,3361.657940002323,2.330885392436259,4.651962041689737,2.1977935035725333
91,1760.3910017705898,3938.1557152021874,1372.8480185869823,2.0762419449864797,4.0817859759887964,2.1977935035725333
91,1794.6333800515906,3939.0387371390875,1169.7411816922063,2.060427809444379,4.037910294725881,2.1977935035725333
91,1867.502015614987,3940.9093345526376,70.75116839522886,2.262924217127223,4.405120667645538,2.1977935035725333
91,1956.7168549961661,3943.1835494352054,302.6106073289873,2.301608211565423,4.443026320568116,2.1977935035725333
91,1968.1925341038238,3943.4747832408493,79.78833396326077,2.0053044491867107,3.866969329361737,2.1977935035725333
90,12.970900548067524,3933.33920684894,622.3810573311757,2.1909225721380885,4.8936864342494,2.1715928160737574
90,23.945086490036147,3933.660719536096,1670.9378451114453,2.4837105882725212,5.544013868139744,2.1715928160737574
90,36.400410697281565,3934.0254010672343,2248.110998540259,2.2213858185195554,4.95489741364787,2.1715928160737574
90,178.02897069931348,3938.1551877919983,974.6963742891643,2.175842286684153,4.811371655679702,2.1715928160737574
90,208.43751879646442,3939.0377508168044,874.7269097846404,2.176867714102109,4.8046394648766615,2.1715928160737574
90,273.038453000185,3940.907769126343,63.08502050632333,2.2347750641343356,4.91226736195833,2.1715928160737574
90,351.97456980227264,3943.183538684014,339.60325268180105,2.3837448750051142,5.213238055755107,2.1715928160737574
90,398.17536269604176,3944.5107678302693,2408.3147231813623,2.16942469974531,4.730344270726381,2.1715928160737574
90,428.7226030527848,3945.3863584152937,1584.4937294824933,2.271375421057222,4.942579075211016,2.1715928160737574
90,472.000889604603,3946.62418286775,2266.6763937714604,2.1604765439422096,4.68790300983589,2.1715928160737574
90,482.9430001730392,3946.936642737361,2035.2120994843804,2.10133569182027,4.556239040461939,2.1715928160737574
90,493.00511057714704,3947.223794433974,10480.321553771404,2.7885074675663986,6.042172399737535,2.1715928160737574
90,560.6239992231548,3949.149016361474,9313.531066133177,1.931469218698471,4.1660231474322895,2.1715928160737574
90,593.9273567254004,3950.094331190741,15383.944832300538,2.115805820760682,4.5533863795224505,2.1715928160737574
90,644.1056672932473,3951.515007622368,20156.137431892275,2.0117821747181543,4.314681403699289,2.1715928160737574
90,658.6116310167848,3951.924889641172,443.87464665169165,1.7841034285234045,3.822411046349516,2.1715928160737574
90,669.3742802421558,3952.228761830477,395.34393601916264,1.9606379900307616,4.197722146162861,2.1715928160737574
90,683.7901575633837,3952.635460148745,2662.9984693976785,2.0393223136279133,4.361634903795183,2.1715928160737574
90,727.8264534426946,3953.8755326830847,2448.272631257015,2.312805197527665,4.931349567134332,2.1715928160737574
90,776.0518068376471,3955.2296175718825,125.72577570922255,3.556906833764745,7.55834521987915,2.1715928160737574
90,788.4299897889144,3955.576504854438,134.88953437255282,2.180235023225808,4.6289990309784566,2.1715928160737574
90,902.0738085804537,3958.7483369343117,88.29217608392501,1.9971680487483598,4.205643377994376,2.1715928160737574
90,962.4784542812648,3960.4246509358204,3155.719952300209,1.3586417137256526,2.8484723029937222,2.1715928160737574
90,1104.5757756112585,3964.3413175589762,428.4976129435385,1.8737892876922206,3.8866810637609746,2.1715928160737574
90,1113.6119823377198,3964.5891014966437,969.9108014002029,1.9722827990656353,4.0881824074813435,2.1715928160737574
90,1134.1107773537703,3965.1506296776597,375.2101968451021,2.1466610622136284,4.442858515111947,2.1715928160737574
90,1257.501204400785,3968.5137185887475,13882.78531350567,2.0528535442506413,4.208169616100636,2.1715928160737574
90,1297.2229730890112,3969.590110343631,61483.50051458456,2.160155481229601,4.414583027493143,2.1715928160737574
90,1316.9773165873619,3970.1242751565737,9111.91734037615,2.12743648344432,4.3408523008195266,2.1715928160737574
90,1452.2617881161207,3973.7617975251524,1237.5370712748302,2.0864893322426608,4.21145851806826,2.1715928160737574
90,1491.9794766884138,3974.822828372257,198.7351786560531,2.1755127850752505,4.376847217762978,2.1715928160737574
90,1521.16811422537,3975.6005678084884,2719.3420767557895,2.300555403477925,4.617412557321566,2.1715928160737574
90,1531.7869866200808,3975.8830856650166,538.6382378555004,2.2944206629417967,4.600927930039492,2.1715928160737574
90,1549.1551182549533,3976.344679418409,323.94007215860245,2.141163467306959,4.287580818597647,2.1715928160737574
90,1558.151117398492,3976.5835270732823,132.45730592809036,2.463883711179601,4.9301374658057515,2.1715928160737574
90,1594.1785955298972,3977.538429685128,2406.557277512751,2.163958761131694,4.317055630557506,2.1715928160737574
90,1693.9685127916446,3980.169534094731,256.02899231208477,2.0878234650225487,4.130235673573868,2.1715928160737574
90,1705.8653569100961,3980.481848520903,3679.7554585665903,2.2635791889013213,4.473354045604506,2.1715928160737574
90,1759.2415433913768,3981.879474710748,480.1184307623342,2.3086165054136933,4.541705014726637,2.1715928160737574
90,1772.7437690961772,3982.2320871922425,1921.673683726731,2.1398272618824734,4.2045753576213345,2.1715928160737574
90,1789.211556211065,3982.6616324373194,152.2874404737321,2.016962395272504,3.9576835413079214,2.1715928160737574
90,1800.5206888402615,3982.9562921148818,231.0856721891352,1.9829321450548192,3.8868684688554853,2.1715928160737574
90,1841.5173006557095,3984.022219490538,126.99262097917097,1.813393185305074,3.5418866813847067,2.1715928160737574
90,1898.7119189793025,3985.503407086953,270.2736491345676,2.0265599044892877,3.9384830419439587,2.1715928160737574
90,1918.2290715055835,3986.0072703020555,282.73113349866725,2.146863294854357,4.165283399251932,2.1715928160737574
90,1939.0335782744821,3986.543480462134,83.33486462106471,2.60901551726466,5.05251688603114,2.1715928160737574
90,1986.583701615144,3987.7655720477487,81.29621275479059,3.131474028412995,6.038362340085429,2.1715928160737574
90,2009.335193865767,3988.348605870027,673.3453743108641,2.3184719336848447,4.461840035657083,2.1715928160737574
90,2028.4855630785733,3988.838498163512,226.0252603256855,1.7488781851175903,3.3599113812126875,2.1715928160737574
89,13.578008135282872,3977.535116476031,1232.9645669062832,2.1524818326997437,4.816270498435003,2.1625491152949765
89,113.09962297088319,3980.4809868301095,2277.5444182909487,2.392690498625244,5.318492886798581,2.1625491152949765
89,138.05703290346491,3981.217010969336,661.7202960563166,2.1410556397455482,4.751222413064817,2.1625491152949765
89,160.53254765864205,3981.8789085037242,325.04975008659864,2.414703630268323,5.350253610399871,2.1625491152949765
89,172.5447715787319,3982.232303138566,1345.862259927608,2.1206904743613744,4.695045272357857,2.1625491152949765
89,187.2335439837555,3982.6640981916403,112.05077250694694,2.0954698215435346,4.634872185360303,2.1625491152949765
89,206.45201912315133,3983.228480478692,1887.8297025173956,2.1586906006696323,4.7686488092363035,2.1625491152949765
89,284.14294528100237,3985.503434155803,242.77401344779844,2.127526390221563,4.675335031252366,2.1625491152949765
89,301.34983375538826,3986.005863798882,273.6271680441637,2.110537274619494,4.632716744460332,2.1625491152949765
89,319.85938359561635,3986.5457539736917,91.42265168727675,2.8250770915539207,6.1932589496402315,2.1625491152949765
89,361.57854550991516,3987.760434817543,106.28959204049686,2.827761537212027,6.181666068643556,2.1625491152949765
89,381.69894935002134,3988.345168133511,839.9580289965032,2.261206383137883,4.936486778614393,2.1625491152949765
89,398.569650570048,3988.834914745044,301.48954913892817,1.8115454260848274,3.950291661750002,2.1625491152949765
89,429.39658607851686,3989.7285185647474,3104.413251291073,2.0840637753848874,4.5353512475325015,2.1625491152949765
89,437.8821075043876,3989.9742034353617,1712.8598475646702,2.1151727674097374,4.600249414752032,2.1625491152949765
89,478.3442878672484,3991.1439889557623,284.5463443936001,2.8380972336111445,6.155812766054362,2.1625491152949765
89,494.9171843243649,3991.622293825799,2809.2744281628884,2.102698090855617,4.555472513542827,2.1625491152949765
89,549.1015857692196,3993.1827289075854,829.4369141596477,2.0934883161158466,4.5188542197992785,2.1625491152949765
89,556.7532590337983,3993.4026707556523,1184.9368013270234,1.9348179383320545,4.174075615908536,2.1625491152949765
89,607.3120844361704,3994.8533573240315,494.27388154282886,1.951851272488168,4.196404711157232,2.1625491152949765
89,636.2188665280014,3995.6807543698296,62830.69276940459,2.0172348767657224,4.328318811148739,2.1625491152949765
89,644.728964359893,3995.924056785468,6926.451344409449,2.1980000213897015,4.7132503275530295,2.1625491152949765
89,710.4654676577928,3997.79912519357,242.46711326582727,1.8517316703386322,3.9528637138843594,2.1625491152949765
89,738.6129714571867,3998.5996536837706,736.5457963680434,1.8977432660565163,4.042887001732866,2.1625491152949765
89,790.9563827247429,4000.0845583028768,580.1456922149049,1.9694951625761086,4.180443483212911,2.1625491152949765
89,801.6097412015577,4000.3861758760786,134.56342509352572,2.2148396781604016,4.697561312485266,2.1625491152949765
89,854.309624007835,4001.875205012993,72.3858916643967,1.9858063639040435,4.196280527116508,2.1625491152949765
89,865.4573491822143,4002.189539121776,3210.896118666694,1.9896648930663412,4.201136230681157,2.1625491152949765
89,945.5114310945545,4004.44019218806,6886.813671989161,2.0181258385120837,4.236479110002052,2.1625491152949765
89,1009.2945188058455,4006.224987601855,3478.412546182979,2.0904804982022855,4.368258743959419,2.1625491152949765
89,1040.4765436952534,4007.094791266239,250.95626161731064,2.206697759520186,4.600598741716986,2.1625491152949765
89,1055.4517427483772,4007.511871901715,2110.873144645668,2.0743174502729955,4.319813971155769,2.1625491152949765
89,1078.5668474051172,4008.154837589998,4914.681684163019,2.3571114458328335,4.8999997774718915,2.1625491152949765
89,1121.3738949267054,4009.342900730887,7605.193871771827,2.09880494982648,4.3493461644356435,2.1625491152949765
89,1151.5513657155366,4010.178363057735,2897.044386018962,2.855140873863551,5.902885774253342,2.1625491152949765
89,1276.7957405861937,4013.62712437813,13966.763688217892,2.107439427579443,4.315415067356543,2.1625491152949765
89,1326.6368926937998,4014.9910954623165,6027.941277713551,2.330045506303511,4.7525573143516775,2.1625491152949765
89,1460.1864728351968,4018.621554121173,491.96965169664315,2.099310893773866,4.236359663297186,2.1625491152949765
89,1483.2124928468718,4019.2438654395687,1691.4240214891815,2.3112204476106557,4.655176154109343,2.1625491152949765
89,1547.870290239274,4020.985514294021,947.7909096025684,2.4448065621943327,4.897652993073791,2.1625491152949765
89,1557.180178942407,4021.235576365377,155.74775038204197,1.969376121043103,3.942239582462808,2.1625491152949765
89,1596.3818567652502,4022.286539239312,155.14138045513596,1.7984749531926352,3.5882435200851326,2.1625491152949765
89,1631.6024899985214,4023.2280139594386,8192.767668871315,2.2757242542800276,4.526425807981996,2.1625491152949765
89,1678.469622357778,4024.4767139849587,399.1217823716184,2.0458878937232416,4.05303966245964,2.1625491152949765
89,1721.01805238501,4025.606254293612,402.78737655836363,2.0014144501032707,3.94992808095417,2.1625491152949765
89,1733.62566336045,4025.9401948126015,2886.3758182392216,2.059693983262719,4.060246491327495,2.1625491152949765
89,1765.8612601148304,4026.7924433460244,2850.63195146602,2.2504443387247743,4.42355988353903,2.1625491152949765
89,1785.0235946617067,4027.2979740860937,2316.511751515067,2.275396414000555,4.464928713807037,2.1625491152949765
89,1817.322296208766,4028.1482149225694,4325.48683986229,2.1760895003861878,4.257617274093917,2.1625491152949765
89,1829.8956252144033,4028.47856870966,617.489500405176,2.1953532548675305,4.290178432287533,2.1625491152949765
89,1867.8739575216482,4029.4742543869284,96.34318771142075,3.5315830607098477,6.877175567482512,2.1625491152949765
89,1881.7474947224782,4029.8371640483565,144.8431818845673,1.947062953502712,3.7866205255609486,2.1625491152949765
89,1942.7557918390592,4031.427806758969,1144.865720006378,2.079983686559535,4.021794713489263,2.1625491152949765
89,1964.01117543478,4031.9799652563565,16322.151382220656,2.135801956356193,4.1213878515195095,2.1625491152949765
89,1984.0984045374319,4032.5008066567925,253.7821134966527,2.983674850483303,5.746350393414596,2.1625491152949765
88,30.281685722011336,4023.230258886916,4223.249128518257,2.410481934722183,5.380143924422265,2.1674794688674472
88,71.992069559668,4024.478212864994,205.81161836964637,2.1237765407551623,4.728135065937742,2.1674794688674472
88,109.79878061476421,4025.6069624219895,233.42480584815334,2.0894608181072725,4.640920121010641,2.1674794688674472
88,121.04705603278309,4025.942344417343,1865.4187864735848,2.1587076647220544,4.791478841860261,2.1674794688674472
88,149.56836974921575,4026.7918264718646,1921.4711045132226,2.3305220213815505,5.163574979599135,2.1674794688674472
88,166.57749052819992,4027.297799490678,1641.640196669428,2.2753915439293886,5.036107613752989,2.1674794688674472
88,195.18316056210418,4028.1476730686722,3141.5323017868777,2.2682649650784694,5.011575076010438,2.1674794688674472
88,206.38172665188142,4028.480017349082,492.0854328383348,2.296363178137404,5.070163098675391,2.1674794688674472
88,239.73537431703508,4029.4686460071457,89.95856724705195,3.3422629040290466,7.363653069759058,2.1674794688674472
88,252.23800145389185,4029.83876113132,136.44016324553033,2.002930592908488,4.409499975333867,2.1674794688674472
88,306.08971869007553,4031.4299692410436,1136.0755070049472,2.152156301406173,4.721779506968064,2.1674794688674472
88,324.765873398324,4031.9806821286684,17586.73952010255,2.135842160619158,4.6802857722968865,2.1674794688674472
88,342.4937621206539,4032.5028921456283,293.6939473792659,2.9501478908757326,6.457616500271597,2.1674794688674472
88,440.6576818499488,4035.3848924154877,2690.689305909875,2.074133863264009,4.510945599014064,2.1674794688674472
88,463.6988578232336,4036.0589801575798,1723.8936106018784,2.1318041109111934,4.629349522722142,2.1674794688674472
88,482.23604818313663,4036.600638012755,2752.813519464355,2.2977719928322986,4.983820191947066,2.1674794688674472
88,502.3476509145493,4037.187629852685,39845.96922322165,2.0647427133282124,4.472438702029168,2.1674794688674472
88,520.086157204375,4037.7047779084482,29609.05984514104,2.097435029393801,4.537803016772525,2.1674794688674472
88,554.3462944379518,4038.702048445453,437.9521524777551,1.923901431062086,4.152884527902172,2.1674794688674472
88,577.3218488565512,4039.369690516544,911.0058501076014,1.9577116330428979,4.219315470230455,2.1674794688674472
88,597.1312238835461,4039.9445837992503,657.9047066884287,2.0559371222805503,4.425013289009861,2.1674794688674472
88,618.8981216375324,4040.575489795514,621.3548951965581,1.9859408142392347,4.267964616569923,2.1674794688674472
88,633.7740134304095,4041.006180575499,675.6561491210094,1.8970209591383669,4.072691926793707,2.1674794688674472
88,652.0221601936398,4041.533970056906,1132.4056324051533,1.9921818053043208,4.271716683937582,2.1674794688674472
88,680.1149448079133,4042.345336199817,4947.330187828768,2.0357024529817878,4.356623059527519,2.1674794688674472
88,738.8454630785143,4044.0370035915057,18541.135953983765,2.1942588968751573,4.676724607754285,2.1674794688674472
88,756.274026577249,4044.53781746697,8751.912434724016,1.982605586800697,4.220585321320027,2.1674794688674472
88,791.9375817619663,4045.5608998733474,21725.59884858179,2.1167442443522972,4.494718093886478,2.1674794688674472
88,809.6797122507178,4046.069005439775,298.04689099399474,1.9435651913056802,4.121723231578304,2.1674794688674472
88,820.0977893104489,4046.367093841213,338.71248231549487,2.220321540284853,4.705293057753173,2.1674794688674472
88,899.2621878818195,4048.6256604886603,289.89985258970603,2.081667090203533,4.386498729294694,2.1674794688674472
88,918.554015921996,4049.1742964912396,323.3954533451532,2.0016155589346423,4.211694164083615,2.1674794688674472
88,971.60896032616,4050.679521700309,421.18473668820843,2.036928172557316,4.269405679324568,2.1674794688674472
88,986.0668343020677,4051.088788620572,2744.452420148159,2.1469367842492826,4.495341893212071,2.1674794688674472
88,1019.4637848878439,4052.0326604638335,1579.235026433587,1.9982834379638452,4.173865964001493,2.1674794688674472
88,1027.3486903359133,4052.255196162911,3436.871696720504,2.1423824122274877,4.472185035139496,2.1674794688674472
88,1041.1386987424632,4052.644106706933,315.6027626246044,2.024000344929208,4.220652786316834,2.1674794688674472
88,1091.716148471926,4054.067391311909,21208.066616047527,2.3410463389834777,4.863111129561603,2.1674794688674472
88,1113.3165344724023,4054.673740314721,4215.053470674032,2.121095089241805,4.399195508030314,2.1674794688674472
88,1174.866524326468,4056.3965554549604,332.0911119736581,2.5145355571735104,5.190527935067219,2.1674794688674472
88,1249.5023920626327,4058.475687803221,344.2219164921012,2.042534745939557,4.191728932646782,2.1674794688674472
88,1318.9095335125141,4060.3992390635735,4843.622283793051,2.1299049880110204,4.347282947180877,2.1674794688674472
88,1404.899921697951,4062.7689233673177,83.80278396396771,1.866961239152337,3.784347640154766,2.1674794688674472
88,1442.6896398052434,4063.805548622382,127.9534021167765,1.946964530971557,3.934306445711263,2.1674794688674472
88,1470.0071721467693,4064.5530779411024,4688.267470158116,2.1435350924793255,4.321926954430826,2.1674794688674472
88,1503.9273906474887,4065.4791361048206,1473.783389304032,2.1905788910809036,4.404371939641936,2.1674794688674472
88,1683.8436111535038,4070.3506251315075,24060.761110150725,2.1477736162688883,4.252850102519352,2.1674794688674472
88,1693.5255483436292,4070.6108220491515,2074.384361553113,2.0585578118152075,4.0726560611719655,2.1674794688674472
88,1704.6535107207756,4070.90963056355,953.3528910964649,2.0405885994098534,4.033243891085936,2.1674794688674472
88,1722.4919791981902,4071.3880712328814,2177.3775532816776,2.0382757933929407,4.022698357318996,2.1674794688674472
88,1778.9019107394765,4072.8964751803724,1957.298201767872,2.1881435526820727,4.296848393130255,2.1674794688674472
88,1788.6573398165801,4073.1566304770377,37947.503463510824,2.322517216739645,4.55666978098127,2.1674794688674472
88,1802.8705471490075,4073.5352910108154,9645.958474530047,2.3089886582759545,4.524483395079614,2.1674794688674472
88,1822.5626034143672,4074.0591807727255,258.01193873538824,1.9633769941244594,3.84038051073388,2.1674794688674472
88,1887.9462599650958,4075.792494913176,221.47411199825822,2.053667635013267,3.993469999885918,2.1674794688674472
88,1920.5483833049104,4076.653209539246,3678.657610484275,2.054691333574189,3.9834240050115906,2.1674794688674472
88,1963.392313877726,4077.780676227698,3261.4122749320127,2.3859715310542686,4.6077840847217635,2.1674794688674472
88,1975.3654760788831,4078.0950153626377,1974.2825073768327,2.258722883080574,4.35718231333183,2.1674794688674472
88,2027.134443318892,4079.4503810514216,92.84817095822784,1.9552466603933067,3.7534444544622745,2.1674794688674472
87,59.68864123618105,4070.35010454543,13686.207616987202,2.144669962002623,4.781343191838784,2.183143351197566
87,94.04547949989686,4071.3891018603067,1314.4122131346774,2.107686790969586,4.688973542682669,2.183143351197566
87,152.59157397951432,4073.155097208207,26731.677067380697,2.3824292177605852,5.280637463431291,2.183143351197566
87,165.22235336787642,4073.5353438801944,6929.421308571307,2.3592694584818807,5.2253496347285715,2.183143351197566
87,182.64744739639605,4074.059482930196,188.4221091670406,2.160562621817138,4.779809229784252,2.183143351197566
87,240.41894800555323,4075.7935644851736,184.55173376858968,2.036278802717714,4.488547848419452,2.183143351197566
87,269.1394624886317,4076.653541906962,3329.1237058122265,2.130965054227479,4.688537670272308,2.183143351197566
87,306.8233402749724,4077.7797760816625,3487.9222432428983,2.4137626912825194,5.2977453137883215,2.183143351197566
87,317.36585967036376,4078.0944185425537,2104.4635854301437,2.276799807505847,4.993901532742269,2.183143351197566
87,382.2290992496571,4080.026058231804,229.92410798121418,2.09068515084398,4.566276018473575,2.183143351197566
87,405.7998341023146,4080.7261955713598,5051.456919900241,2.3105649313813834,5.038556116404317,2.183143351197566
87,466.30915969996494,4082.5191073235383,1574.549434262023,2.0194374889682183,4.386223539473611,2.183143351197566
87,537.5606251348943,4084.6220557124366,3953.167584422356,2.025009797975005,4.377117575084519,2.183143351197566
87,591.0666941093126,4086.1953284910082,18469.543144526535,2.0353090085703895,4.383564587545556,2.183143351197566
87,617.4100387150496,4086.968034081061,298.5444515103803,2.0004188077028915,4.300755850470719,2.183143351197566
87,641.5136338208097,4087.6739478139234,98469.10849149007,1.9826595205230702,4.255247282032548,2.183143351197566
87,667.6665955837012,4088.438691534612,1162.233484009588,1.884114289049747,4.036480793442294,2.183143351197566
87,717.1546553265937,4089.8823756873653,1791.4341028721662,1.970936357351438,4.208092536212312,2.183143351197566
87,731.2975993065519,4090.294135954412,3322.190054258516,2.036071256387697,4.342894336029362,2.183143351197566
87,878.1631724696571,4094.5481264198843,2450.1882347215537,2.110795905428727,4.455343723159016,2.183143351197566
87,887.8670440386071,4094.8277813071404,1456.104150108602,2.0042766086916126,4.227445084522055,2.183143351197566
87,971.5732378916131,4097.232693305939,1728.0225301267592,2.04243327329334,4.281528915634853,2.183143351197566
87,1030.0472502104597,4098.904728242547,11536.230748774353,2.13579464699923,4.457994081632459,2.183143351197566
87,1071.6757434587985,4100.091047518678,4923.086102414073,2.056969838954981,4.279947601563833,2.183143351197566
87,1121.272931966966,4101.500046755054,30606.14655339194,2.1367797857554227,4.429521080482554,2.183143351197566
87,1201.747595677201,4103.775931790861,1699.1300839388848,2.065868388533592,4.255927157588475,2.183143351197566
87,1264.4951057130504,4105.541526971253,4885.141876598055,2.1504900392282917,4.408847678652476,2.183143351197566
87,1280.7561205952968,4105.997788845248,394.90864321086764,2.0124609189458567,4.120340762546656,2.183143351197566
87,1298.5004888441124,4106.495061032282,8008.439403813601,2.2233957158354487,4.5457317237555666,2.183143351197566
87,1319.1540547962807,4107.0730565016465,3720.2411774412676,2.162009876703956,4.413207812675406,2.183143351197566
87,1359.8605469462302,4108.209690797245,1598.1290696349051,2.073444849421584,4.218559673772167,2.183143351197566
87,1409.0963278207419,4109.579938892286,57127.95590681465,2.1550506098946003,4.367255240597687,2.183143351197566
87,1441.6622141169432,4110.483502429348,2348.1438331532154,2.0853770983270374,4.214693226232433,2.183143351197566
87,1468.7662183438886,4111.23383816671,213.98544545080665,2.012816223084186,4.059025563556492,2.183143351197566
87,1496.6256762277646,4112.003484282968,2441.656669390351,2.8089952556198234,5.651488760930623,2.183143351197566
87,1550.1809501788578,4113.4784083104805,301.8928198654608,2.201450156945783,4.409595838884669,2.183143351197566
87,1566.109372023697,4113.915907039218,34121.479558310544,2.2398486199894982,4.480471052892641,2.183143351197566
87,1595.3877961302856,4114.71867193362,263.1398882872589,2.1876916607707693,4.365412674909129,2.183143351197566
87,1653.2031723815153,4116.298465899161,113.03858801647135,1.9813509116457952,3.934113036135492,2.183143351197566
87,1676.0675959673856,4116.921237761341,5255.128259095962,2.1244606059338293,4.2098997133229785,2.183143351197566
87,1711.2161119125374,4117.876378215444,56598.10103430092,2.1412437338726837,4.230266250861592,2.183143351197566
87,1902.182591263544,4123.018024865833,125.63635536325307,2.0651803225747485,4.010943051399337,2.183143351197566
87,1932.8903660743542,4123.837160544652,521.9754919343346,2.1893523233240475,4.240018446304342,2.183143351197566
87,1943.7729514775492,4124.126939242451,243.70279560123686,2.120487225478579,4.10248229462429,2.183143351197566
86,66.46027311992577,4117.8776149937685,33982.628687117816,2.158692135048618,4.808308012008915,2.1699823785051406
86,262.231158747548,4123.836301513155,492.9890287736468,2.1342680338311912,4.697669200848242,2.1699823785051406
86,271.80293846154126,4124.126026521049,230.95969712705067,2.1639543966109094,4.760033402554274,2.1699823785051406
86,419.3364281176406,4128.572045464087,1990.4696787980654,2.26863813530048,4.943653540364834,2.1699823785051406
86,440.6866932451639,4129.212350256771,473.98309350507947,2.0657051893578906,4.494969839680947,2.1699823785051406
86,460.4119131677472,4129.8032117007715,1091.4988203182372,2.1971220708886574,4.7749687084533745,2.1699823785051406
86,539.5146301555924,4132.16581222311,6357.705859381141,2.0116413014941066,4.348658052618427,2.1699823785051406
86,553.7472188318033,4132.589722783404,3509.867181039366,1.9596866433207483,4.232354185455075,2.1699823785051406
86,563.7602274020662,4132.887737613657,64178.34429938888,2.1715993114222707,4.68685811855209,2.1699823785051406
86,643.3944369723743,4135.251423256331,11176.292045278575,2.8458190441913045,6.1089590709964545,2.1699823785051406
86,661.2238912895699,4135.779051380017,323.0947706783209,2.1376943102738135,4.583166107342548,2.1699823785051406
86,690.5686900229625,4136.646181915777,1064.5197622814994,1.9746115586256108,4.2247073689690975,2.1699823785051406
86,777.5519108706198,4139.207129812255,1232.1632428951186,1.9121753457760553,4.066136609350523,2.1699823785051406
86,900.4289970567164,4142.800567750285,1008.8005099141307,2.0033075472970743,4.222615254879665,2.1699823785051406
86,937.1950059431401,4143.870142859,38430.5538036135,2.1165625163667663,4.449242023112885,2.1699823785051406
86,946.5806695907793,4144.14276620367,479.60304124731596,2.011843415614784,4.225993853574664,2.1699823785051406
86,969.7695074141027,4144.815594404087,1695.388402420367,2.3135648505269755,4.851513148433154,2.1699823785051406
86,1027.5105231572074,4146.486400058873,134.1420522227265,3.05209260362891,6.372551715666649,2.1699823785051406
86,1180.4705364514964,4150.880621463646,167.71771124015814,2.095384007732085,4.3245998708015465,2.1699823785051406
86,1230.788947392854,4152.315911677463,169.6285478677007,2.1588151747938724,4.437872655275221,2.1699823785051406
86,1241.4582357760332,4152.619584712714,415.00430084197114,2.0799505386604094,4.272406503817591,2.1699823785051406
86,1420.7422607477283,4157.687529193959,10985.876642117199,2.110808279020954,4.274074796971415,2.1699823785051406
86,1514.9462833803468,4160.323717822055,230.12503836171715,2.13253680215864,4.285064400782767,2.1699823785051406
86,1533.2277844705156,4160.833143083114,1655.9040651531034,2.1212828703776094,4.256131545015749,2.1699823785051406
86,1660.3613512878467,4164.356190039455,260.0832313554606,2.2061030154535137,4.37965624511849,2.1699823785051406
86,1677.281701338853,4164.822475401761,4137.001374878561,2.0959487463695217,4.155004554489697,2.1699823785051406
86,1696.6570075183608,4165.355658742462,16862.397283292816,2.2309328299034696,4.41511221223693,2.1699823785051406
86,1754.4958999129701,4166.942501165344,6981.157228062626,2.0704183246432026,4.0775940621492035,2.1699823785051406
86,1831.4255914443484,4169.0418892299895,307.5905796502923,2.0312566343972156,3.9740302079719316,2.1699823785051406
86,1859.7629116540822,4169.81196090403,4389.351830030622,2.114049828811569,4.125610854550947,2.1699823785051406
86,1939.3464097230037,4171.9652601130765,778.7981908699672,2.0548900058614072,3.9825304032747577,2.1699823785051406
86,1959.9677140925878,4172.520944208549,624.643305061883,2.1029966073252826,4.068226009587978,2.1699823785051406
85,18.554508144005197,4164.820741237245,2327.581061498048,2.1984171962304417,4.919565089247355,2.2121956144446226
85,35.722754791208594,4165.354220383578,9698.839509061596,2.38244753500323,5.325524540283199,2.2121956144446226
85,179.7881840430433,4169.810156207283,3347.0145126917846,2.196684875022942,4.864460880594317,2.2121956144446226
85,249.82356376253435,4171.962936142315,724.6997043184411,1.9997686384674858,4.408060746980987,2.2121956144446226
85,267.92323386709967,4172.51785910574,584.1176782809158,2.239682108172679,4.931031921192186,2.2121956144446226
85,431.74006326853885,4177.513430400634,249.4868850243576,2.016804337958824,4.391992265149649,2.2121956144446226
85,488.6380813495527,4179.237102669997,20932.142116712923,2.046888922338326,4.440350303731639,2.2121956144446226
85,498.81223339469506,4179.544694044739,533.077078500603,2.123096260203184,4.602539217174037,2.2121956144446226
85,514.7318957189634,4180.0256055802665,1282.5064285080962,2.025731847913951,4.386687486782948,2.2121956144446226
85,543.50026256751,4180.893476084954,44005.8718630298,2.0196887637196532,4.364947846084189,2.2121956144446226
85,551.6300465093598,4181.138455037773,6306.343787058348,1.9916425733372052,4.301977285893153,2.2121956144446226
85,615.6236129058167,4183.062535359596,24011.301299708222,2.0469288465573823,4.401961911649647,2.2121956144446226
85,624.7040889524809,4183.3349402334725,1155.2897924332046,1.9859577779485564,4.268183088824279,2.2121956144446226
85,651.5839458295446,4184.140407518186,725.1750387706875,2.491476385967705,5.344610434672678,2.2121956144446226
85,671.8254966955091,4184.746064519271,1437.7541120005599,2.103621884582564,4.506319506803865,2.2121956144446226
85,791.8294623899149,4188.320938337899,308.87386090027564,2.001139878326997,4.250699746899512,2.2121956144446226
85,824.4792772513323,4189.288843995644,162.11348266996544,2.042989134228875,4.329695868889446,2.2121956144446226
85,876.6506047172527,4190.831236522681,1267.2849637180277,2.312480704754,4.8821894646116215,2.2121956144446226
85,912.7229120784081,4191.894617871925,34829.054361216644,2.1626502512965615,4.553964552223197,2.2121956144446226
85,923.4645188668859,4192.210785652886,25479.315508657757,2.1223295203166885,4.465808121993698,2.2121956144446226
85,950.5847480483053,4193.008045431026,1582.0926554668029,2.01720177714639,4.235925360399593,2.2121956144446226
85,968.8161381341615,4193.543194143226,1375.65225709646,2.071300489497899,4.343786932229624,2.2121956144446226
85,991.1668652943999,4194.198373372151,3466.7593062867763,2.171043413762153,4.54558930997327,2.2121956144446226
85,1027.5984997133346,4195.26421624955,241.22918779072975,2.143838090286628,4.476342138456854,2.2121956144446226
85,1056.8594784652598,4196.118383176328,3253.993344628936,2.1652870652026657,4.511361193216272,2.2121956144446226
85,1078.1762332079265,4196.739581531738,658.7111542960354,2.121615711091062,4.413420381460319,2.2121956144446226
85,1227.7991295981508,4201.074217584612,603.2928003858282,2.515389111545561,5.173001757946122,2.2121956144446226
85,1285.9955515831298,4202.747937532814,590.1050793076452,2.865852644091173,5.86712146092862,2.2121956144446226
85,1464.9794033705327,4207.851444159857,426.09379211021513,2.6464814412936635,5.340753048022687,2.2121956144446226
85,1498.4672939643222,4208.798799805846,232.47048832177302,2.0667216748653163,4.159451226291215,2.2121956144446226
85,1526.74588326197,4209.596914005992,745.1898025426277,2.0254822068430944,4.066659652889139,2.2121956144446226
85,1543.7526122126026,4210.076069078284,57237.94827396948,2.17976523718224,4.37021885915088,2.2121956144446226
85,1554.7052055700492,4210.38432080661,199.74563402198604,2.095018527933509,4.19644344608426,2.2121956144446226
85,1599.5214774012788,4211.64291925317,289.73832554492327,2.004157682097222,3.9992397801058996,2.2121956144446226
85,1637.3704634107664,4212.702426247974,409.68516196182645,2.1370894662293094,4.25107575481702,2.2121956144446226
85,1650.5694973373345,4213.0711642144215,155.99062902821896,2.0988390384484026,4.169976928878742,2.2121956144446226
85,1693.0394832483607,4214.255014011349,4595.8597452109025,2.154016319194391,4.264096351966085,2.2121956144446226
85,1756.5726046733907,4216.018460414959,2684.4931061575944,2.147361017514834,4.227137926875017,2.2121956144446226
85,1785.41031768739,4216.815879142723,267.3323860465541,1.9340788512678924,3.797834852348377,2.2121956144446226
85,1843.350025592503,4218.412278900699,2174.8497793547604,2.1088786706143208,4.119558955516286,2.2121956144446226
85,1878.4795665088984,4219.376424859826,749.1800068260688,2.2003767739309894,4.284625125759089,2.2121956144446226
85,1947.3538116319276,4221.25834715739,1439.3960784830638,2.3114513750060426,4.472317891441863,2.2121956144446226
85,1971.6168375440413,4221.918646885014,392.6506847511396,2.0438793639182546,3.945360060493036,2.2121956144446226
85,1987.1415006461518,4222.3404045843245,113.12574093657427,2.1460014735551396,4.136641899755025,2.2121956144446226
84,14.252393633870833,4214.254288717924,2497.3632396705893,2.205788927064394,4.9360753941549795,2.2139618899168343
84,70.3620669838109,4216.0165956533765,1603.43730179098,2.212952567167251,4.934850476661025,2.2139618899168343
84,177.78764626766304,4219.3754000435265,586.5768197226153,2.309573439809735,5.11526086036119,2.2139618899168343
84,238.29268047170507,4221.25825255202,1315.5366381913866,2.2836679257067583,5.03844575040599,2.2139618899168343
84,259.58311100740696,4221.919244866623,371.641980999116,2.0679528889649523,4.556029896231517,2.2139618899168343
84,273.2789568371338,4222.344025621665,121.15184139383236,2.083199932731702,4.585753632119387,2.2139618899168343
84,373.0917446168579,4225.429589552147,4963.963974294335,2.152230515777516,4.706770325428287,2.2139618899168343
84,385.224466943745,4225.803428731185,708.4951229684947,2.0605328198539477,4.502656369727125,2.2139618899168343
84,440.0156245664538,4227.488342421533,509.09409789815834,2.0762524758836003,4.5204185821741625,2.2139618899168343
84,475.5197659634963,4228.577216173435,2193.5090724353618,2.059907014488039,4.474001354099105,2.2139618899168343
84,484.5291616803345,4228.8531557950955,286.2804914884714,2.0494386908770674,4.448563898196083,2.2139618899168343
84,500.7229380934769,4229.348761954974,14637.959632750786,2.1655249361860776,4.695462694253352,2.2139618899168343
84,543.1516763290075,4230.644978832833,2359.513624455324,2.111607833723277,4.5655052119070945,2.2139618899168343
84,556.7983153935296,4231.061178431738,2670.574541535707,2.30132071089319,4.970926606853241,2.2139618899168343
84,575.0819120845268,4231.618252860102,1899.4501074505042,2.116647679011436,4.566391316536351,2.2139618899168343
84,588.0977626576182,4232.014445696722,735.8410088107596,1.996094605515471,4.302468343640717,2.2139618899168343
84,669.3385835648502,4234.480152135248,942.4573564422404,1.9948118402862074,4.275623799643661,2.2139618899168343
84,702.8655806708243,4235.494072147379,360.8765647703449,2.338399683917631,5.000129921488663,2.2139618899168343
84,741.4194164367923,4236.65735998921,31972.632591405643,2.0258960184521597,4.320310367420763,2.2139618899168343
84,772.0733113043505,4237.5802462733545,165.2391221152016,2.0037383135131694,4.263657396764519,2.2139618899168343
84,799.8407487268701,4238.414665733911,21635.810629742173,2.1862087585550074,4.642629958839219,2.2139618899168343
84,912.6598297833028,4241.78947123636,2377.2486326340513,2.090635283541904,4.403478500852702,2.2139618899168343
84,929.5044397340563,4242.29120729487,1358.2559806064444,2.0964121621649126,4.410142804640305,2.2139618899168343
84,971.2892686374284,4243.533389909601,243.77501778776372,2.121124635279269,4.448651903101346,2.2139618899168343
84,984.1473991756974,4243.914938880989,1426.0542659669163,2.1394468260379895,4.48275450062533,2.2139618899168343
84,994.2434297584532,4244.2142946511885,212.9070937129723,2.077499200766854,4.349721513660869,2.2139618899168343
84,1002.4182561980224,4244.456535832958,526.5941061015751,2.0546051577358604,4.299225285097687,2.2139618899168343
84,1024.820134804096,4245.119675501426,1886.1745437324694,2.201392571140393,4.59846731524547,2.2139618899168343
84,1162.9062393344252,4249.18490092253,6748.810978287507,2.163725497543196,4.472678397633012,2.2139618899168343
84,1220.742720343136,4250.876009997233,2384.775589022358,2.1675424148872304,4.460490636559955,2.2139618899168343
84,1242.8245805336069,4251.519847195223,46605.49809383157,2.4176153542989796,4.966567620891001,2.2139618899168343
84,1258.3950588087775,4251.973223527997,1394.503439129323,2.267039316264691,4.651764502959482,2.2139618899168343
84,1272.4362309693538,4252.381636677426,9841.479699657859,2.146224618936574,4.399020413944267,2.2139618899168343
84,1353.6821441808136,4254.736704824248,1842.9094296421881,2.1304452489171415,4.338348976043913,2.2139618899168343
84,1385.334342441132,4255.6504317239305,1206.683354128239,2.1236233978677865,4.313705000277331,2.2139618899168343
84,1412.563659540558,4256.434774743834,1733.6905037618726,2.063256265798913,4.181610456146418,2.2139618899168343
84,1491.3600516679167,4258.695560325544,29969.29334447305,2.1550891308052567,4.339983390800796,2.2139618899168343
84,1527.1751603617424,4259.718717174738,2689.9166315799102,2.2198249774558776,4.45706381771778,2.2139618899168343
84,1556.7376494629139,4260.561147750612,83409.6702499663,2.2427341921783155,4.491828114474715,2.2139618899168343
84,1590.8962621093585,4261.532171461891,1977.2816921355736,2.2571732344800837,4.507880688992653,2.2139618899168343
84,1613.7073791399077,4262.179192621219,448.59390036537434,2.264716021230533,4.51417971142556,2.2139618899168343
84,1624.1765336796145,4262.475758608583,2719.995934645796,2.175552916337323,4.33278539535011,2.2139618899168343
84,1697.889531275523,4264.556986709076,2254.396192362965,2.1743769455808426,4.303162823000425,2.2139618899168343
84,1724.5713530787814,4265.307337402075,873.0167122285411,2.0375047051090647,4.022899985747956,2.2139618899168343
84,1733.1229650993466,4265.547489285053,457.03973716474326,2.4960566329043967,4.924860861496526,2.2139618899168343
84,1774.0176167947661,4266.693639624099,381.3565749935639,2.2133048998554807,4.351404932924309,2.2139618899168343
84,1802.4667173715807,4267.48874666314,32502.886859263508,2.171933665764594,4.259586428172058,2.2139618899168343
84,1811.1141802205473,4267.730065132916,10945.69689274498,2.2499027757761136,4.409000603676835,2.2139618899168343
84,1846.5372764179156,4268.716809732901,826.4291175750122,2.1533428569394406,4.20634522386162,2.2139618899168343
84,1902.4399972715612,4270.268177920789,216.38798163607964,2.060428740786353,4.005093160694454,2.2139618899168343
84,1934.1451641468002,4271.144827453099,1007.8121640614972,2.1057216496256643,4.081321821549262,2.2139618899168343
84,1948.1342322199255,4271.5308837108505,783.5978138156194,2.112503488980427,4.089266247919678,2.2139618899168343
84,1962.7937098427353,4271.934952006503,130.15926390544647,2.0054974639796264,3.876830527371925,2.2139618899168343
84,1976.2084858962835,4272.30427219819,2274.2537164256023,2.2483885953858516,4.341205243848623,2.2139618899168343
84,2040.7984719805547,4274.0765781241735,1527.8620018543543,2.110264179796743,4.050181315605098,2.2139618899168343
83,23.34512027222948,4265.303114905965,475.4919159624836,2.0617786520290964,4.61652283589041,2.212270954152356
83,67.00942683856182,4266.692300251856,227.84921029188808,2.387033000459012,5.3292049419879985,2.212270954152356
83,92.01510048504682,4267.486248935048,20740.452201490665,2.1844750601965397,4.868882544435618,2.212270954152356
83,99.67137265928947,4267.729106700265,7180.021479636915,2.1798385162305802,4.855963536122719,2.212270954152356
83,179.90840831419672,4270.2676280676105,154.09402963555075,2.2065790907620872,4.889394819733786,2.212270954152356
83,207.72861281744895,4271.144980361403,807.4528864691218,2.139811768748418,4.7325868433454765,2.212270954152356
83,219.98696863822823,4271.531105893865,705.5675154023667,2.167606780978639,4.790213557807709,2.212270954152356
83,232.870377169877,4271.936615978365,113.10385861037015,2.1742808674816088,4.800782588694548,2.212270954152356
83,244.58696862929486,4272.305129738187,2176.653128519879,2.259460876366295,4.984849449539191,2.212270954152356
83,301.0728895221271,4274.078127942214,1560.68343247373,2.0941987961771367,4.6029045860743185,2.212270954152356
83,316.47721290578926,4274.5606037528205,25593.38567682448,2.0999146600026273,4.610809248041833,2.212270954152356
83,337.81631486973487,4275.228225031262,2608.3251592035085,2.1623951846232585,4.740961719724441,2.212270954152356
83,347.46002948516974,4275.529659955005,589.1390382420997,2.3178087464081374,5.078613358776639,2.212270954152356
83,362.8436821686558,4276.010146912247,171.70484870060488,2.312144835706592,5.060728957351115,2.212270954152356
83,374.21934208060117,4276.365163120802,2153.963088709546,2.322993230730625,5.080691583051405,2.212270954152356
83,475.90105652293187,4279.527643792945,1711.5066103093027,2.0968942260913064,4.5544859756714935,2.212270954152356
83,499.5345971502556,4280.259887817093,217.02169639038442,2.0897861068630426,4.531599532271433,2.212270954152356
83,537.623255101681,4281.437768046473,299.18687242935795,2.3136107725826474,5.00388133155795,2.212270954152356
83,548.4843722018808,4281.773139482325,2766.3560149143464,2.0864961696395192,4.5095720932027685,2.212270954152356
83,564.649477683221,4282.2718725172645,24463.20733639924,2.022586670754734,4.3663228862106305,2.212270954152356
83,575.9107277653378,4282.619015428353,8801.385300710139,2.0552547542686237,4.43347685314748,2.212270954152356
83,596.3051613875556,4283.247084410065,87282.33478923878,2.0461334390554384,4.407697132010133,2.212270954152356
83,644.3852131092161,4284.724614290883,5741.434685527621,2.0459016440997266,4.392522243347572,2.212270954152356
83,707.5567838092429,4286.659168259564,348.7219736395943,2.10260853696563,4.494089483723348,2.212270954152356
83,748.4345340644355,4287.906896452916,215.2314184138628,1.901412380112489,4.052606080475116,2.212270954152356
83,760.9719437909162,4288.288932263466,364.30970748342276,2.0935079337505145,4.4579266576894305,2.212270954152356
83,792.6965268553272,4289.254267729143,1067.6331174985137,2.0239036063191116,4.2999231183227185,2.212270954152356
83,813.1789541122797,4289.876478049003,2477.555369422777,2.078344291769835,4.409290223317644,2.212270954152356
83,836.0726473054847,4290.570966693203,1063.1851926735028,2.131656443055815,4.514953756761404,2.212270954152356
83,845.7278335827497,4290.8635523571475,799.6750711393876,2.148381188500742,4.547112323794357,2.212270954152356
83,870.1370490938066,4291.602420339189,384.64924208603844,2.0863417656022176,4.408181374457114,2.212270954152356
83,940.3872941860909,4293.722338704014,813.5287953283939,2.064400844290288,4.339719825575113,2.212270954152356
83,1013.9350587528708,4295.931252034798,941.0349715172605,2.364299662554088,4.943186990927736,2.212270954152356
83,1042.6856350718103,4296.791790192325,898.4049053496659,2.0603642414915457,4.298463859191001,2.212270954152356
83,1122.3434843784655,4299.167302810892,1430.509297092715,2.6342939872611817,5.463337535308183,2.212270954152356
83,1194.5642461332607,4301.309818033839,55273.19844392621,2.263042291852179,4.667328296365403,2.212270954152356
83,1306.0716121286925,4304.596548213615,155.69624234033165,2.1225381475407312,4.339883679276694,2.212270954152356
83,1326.5931373910983,4305.198580530522,799.0359520882251,2.0972362570372085,4.281036359566654,2.212270954152356
83,1341.1784869529688,4305.625922238525,290.44331037760696,2.1022690677534936,4.286542691301903,2.212270954152356
83,1359.652547767098,4306.1665500345825,1305.470026953679,2.0543744160788218,4.182545975754237,2.212270954152356
83,1407.9748577211756,4307.577205165509,760.3824618085978,2.310220087874909,4.685318084889573,2.212270954152356
83,1435.7928396493585,4308.387001655352,5830.832151334312,2.1606834510885675,4.37210116833244,2.212270954152356
83,1484.7113657918692,4309.806964647559,789.7296466318113,2.431302119824519,4.899978583523954,2.212270954152356
83,1595.8602534642037,4313.013683933084,2578.8485902068705,2.102144415706629,4.197424175401723,2.212270954152356
83,1637.4553084172726,4314.206619889605,31359.672933881397,2.1914009444460034,4.360341561468592,2.212270954152356
83,1648.5010078421446,4314.522749126217,2517.6143173993296,2.0780850759319778,4.130601596999965,2.212270954152356
83,1673.1242500606493,4315.226468395261,1090.0988696014813,2.0716821022354113,4.109331156234796,2.212270954152356
83,1683.8759664958998,4315.53331162757,1380.4925306556165,2.079310104390653,4.120518056581614,2.212270954152356
83,1716.692205169099,4316.468209773226,11704.41761768121,2.0579504034278946,4.066428241743289,2.212270954152356
83,1852.5534868836148,4320.312004304458,642.6187331808518,1.9664038335717733,3.838400724846291,2.212270954152356
83,1889.1804142591373,4321.340757069495,21092.38667792053,2.1141305294950063,4.113099763541314,2.212270954152356
83,1920.9373775671297,4322.230103455054,796.1110403090815,2.2863690600935844,4.4349630699509826,2.212270954152356
82,116.8100660725699,4320.312899495663,441.61486075188765,2.041257189078894,4.540766736858749,2.22395188236591
82,148.93326501718664,4321.3417615170565,16248.038328000917,2.147263722986424,4.766834856413944,2.22395188236591
82,176.76668748822635,4322.231717625655,657.4696618280484,2.3411912381661817,5.188023088808357,2.22395188236591
82,310.57708729693104,4326.490473750561,828.2789492429007,2.096963346164589,4.60652899876394,2.22395188236591
82,425.81351105147314,4330.1315369801405,8723.159299176292,2.0859299925441896,4.547445945563723,2.22395188236591
82,443.69767385663994,4330.694383305733,1458.554350370857,2.8985896889171214,6.3114572883718685,2.22395188236591
82,487.2456544028585,4332.062388574269,2229.1463420191963,2.0508031956508534,4.452523061878395,2.22395188236591
82,498.5940520937222,4332.418293648224,27266.858755904217,2.2081116509802006,4.790156225615449,2.22395188236591
82,525.1026442811584,4333.248693400548,5567.607155477451,2.164757690156217,4.687802750245583,2.22395188236591
82,574.0823904312274,4334.779483166005,46246.6839235137,2.161854419267287,4.665822011163193,2.22395188236591
82,631.1134760946945,4336.556088967532,18216.88783820306,2.1496209684532195,4.621158162891846,2.22395188236591
82,668.1805797624669,4337.707406405914,183.8437131938031,2.5413103983597845,5.4491058610776335,2.22395188236591
82,693.6799942018022,4338.497872089069,19684.259987367714,1.9314787084116851,4.133946387254835,2.22395188236591
82,777.8303213630084,4341.097417872563,272.84733833432733,2.1624715352868575,4.600850293758574,2.22395188236591
82,910.6897555133969,4345.173002848485,17614.577521263225,2.077407026848129,4.3775140625777595,2.22395188236591
82,922.9886423150805,4345.548486508673,33636.9584601338,2.1794140936068347,4.588419391709874,2.22395188236591
82,950.6071641843359,4346.390557060489,17704.396537152414,2.1745226448938872,4.5686833377309455,2.22395188236591
82,973.7796955164275,4347.095873779674,1015.8317786090769,2.777029091678841,5.824621094290414,2.22395188236591
82,992.2798331619404,4347.658185768498,5620.231494236514,2.2132719964509118,4.635970536918132,2.22395188236591
82,1018.3694543040558,4348.4499867868935,739.8818198052429,3.155528557085092,6.59681911231036,2.22395188236591
82,1063.7420929205434,4349.823671198065,683.4409058648334,2.0981084526586185,4.3710671416213005,2.22395188236591
82,1079.3953070381815,4350.2965925572535,6225.127489537938,2.1730533476319844,4.522065581255242,2.22395188236591
82,1119.1212406445748,4351.494518649248,506.9922368594632,2.1100481570421414,4.377606012862255,2.22395188236591
82,1183.5554066976565,4353.430482855725,9264.686391218653,2.347577706074614,4.84610460669304,2.22395188236591
82,1224.8342838251895,4354.666124124771,7797.431406647658,2.548408418118948,5.243933954750948,2.22395188236591
82,1287.832622578876,4356.544914361771,5298.329037969011,2.170229440472984,4.443684973942377,2.22395188236591
82,1312.1238605611236,4357.267072935145,715.7182008606723,2.2061909430986253,4.508727648307021,2.22395188236591
82,1328.2551500529244,4357.745939102704,431.4595133370144,2.574168360739692,5.254052442946876,2.22395188236591
82,1365.1410505593014,4358.838798106512,8587.921904486178,2.2046074454613276,4.486438513668474,2.22395188236591
82,1389.0599347610582,4359.545886228305,2303.7127895629806,2.184110879952092,4.436136756572689,2.22395188236591
82,1424.7272190908225,4360.597953977598,2039.255555606774,2.1761258564960806,4.407028791887728,2.22395188236591
82,1451.7387848057174,4361.392845271268,723.3463523841461,2.1090998592188033,4.261881136437441,2.22395188236591
82,1470.0130853247874,4361.929704273908,166.3018626686213,2.557212205035251,5.159758962192856,2.22395188236591
82,1490.6355531942352,4362.53465778498,1420.5275905078058,2.1614707369457626,4.3537189477193525,2.22395188236591
82,1507.2734375039636,4363.0220358302995,342.10929609055296,1.9605592003320123,3.943810511189387,2.22395188236591
82,1516.5760183546138,4363.294269801823,6235.813562399163,2.358227925635342,4.739816206230413,2.22395188236591
82,1649.342535860245,4367.158385193678,6666.720519522944,2.1318411145752783,4.237399543607718,2.22395188236591
82,1715.2276773232632,4369.061054972193,12096.940355235294,2.3716552019369708,4.687348744982942,2.22395188236591
82,1786.3945436440315,4371.104987306343,6322.908077582649,2.108602328234308,4.141650545247906,2.22395188236591
82,1817.0946723234154,4371.983057148386,40036.6623621221,2.3921698523572403,4.685755385467819,2.22395188236591
82,1837.2517371745196,4372.55837561882,13112.772051990723,2.283547271682186,4.465032702009074,2.22395188236591
82,1864.1641829747248,4373.325010955815,180.98383242308094,2.228214742897786,4.346328729691822,2.22395188236591
82,1877.9913385819086,4373.71822859467,602.4317424219155,2.3071985423883734,4.494733583698298,2.22395188236591
82,1897.2952313414776,4374.2664341608315,235.87371410420246,1.9744044216628256,3.8398172174846192,2.22395188236591
82,1935.5919653418448,4375.3513820838225,25885.460699891548,2.053638991846146,3.9797885828754223,2.22395188236591
82,1959.0238233296434,4376.013475195672,18144.988774872687,2.239828973594755,4.331485723673168,2.22395188236591
82,1987.6029372537903,4376.819219407574,188.44879178847114,2.0731498898191756,3.9984666189468983,2.22395188236591
82,2000.4216275536546,4377.179981474112,12415.615793316252,2.329304017923898,4.487525787078027,2.22395188236591
81,38.97286588914996,4371.104389175824,3832.6682232688486,2.1386623286718143,4.782826509655768,2.2530673502891116
81,65.91208503833637,4371.982138905339,26222.53856521547,2.423092129881858,5.409623299902769,2.2530673502891116
81,119.34813119801098,4373.71928729794,432.07774964035224,2.339706719261347,5.205788739765925,2.2530673502891116
81,169.7742714802872,4375.353760123198,20836.33034349703,2.088199029834268,4.630940053521874,2.2530673502891116
81,190.2348139613486,4376.01560810576,16170.410201766914,2.218580404905909,4.913708554889121,2.2530673502891116
81,226.3625360116512,4377.18234782726,12170.807894713185,2.3722535116127843,5.241762672485677,2.2530673502891116
81,268.4687395705527,4378.539082882798,238.12848949249428,2.330093171488792,5.134457259434249,2.2530673502891116
81,295.44819359027497,4379.406657724723,13552.506193350227,2.067145364947628,4.546946106489267,2.2530673502891116
81,327.7783471722109,4380.444486038419,643.0020878247055,2.2505588307563227,4.939584848146351,2.2530673502891116
81,341.9121879915014,4380.897574334853,24316.97558559094,2.274206682900314,4.986846385585757,2.2530673502891116
81,361.25063316315476,4381.51689211927,485.4059151306944,2.043577634467303,4.475457196152267,2.2530673502891116
81,396.04192247958963,4382.629298469211,13536.985945895918,2.262611034976938,4.9435495942563765,2.2530673502891116
81,410.4725529718528,4383.090020821033,99205.55788529431,2.087251861867021,4.556121484517039,2.2530673502891116
81,443.3477714302972,4384.138128309947,647.0300679767691,2.5708405619808885,5.5992362529526485,2.2530673502891116
81,463.34542257360795,4384.774664972689,1722.930192847519,1.9751792712655432,4.296072871690995,2.2530673502891116
81,498.274376957452,4385.8846224931485,842.5927783339238,2.1233987725429175,4.607464400305457,2.2530673502891116
81,511.0104735523855,4386.28875743046,12013.235493674934,2.274452822300692,4.9308465214306025,2.2530673502891116
81,532.9690468545501,4386.984795031731,187.06834299568894,2.0190250688761524,4.370501791765985,2.2530673502891116
81,635.0379960905672,4390.207784439543,169.99866236056613,2.269300478762074,4.877670763997917,2.2530673502891116
81,762.7290553718103,4394.210833764741,3807.519625766062,2.1166039791171793,4.508484087077545,2.2530673502891116
81,787.8420113215333,4394.994273759092,1164.4614134002525,2.117293883616463,4.501881937146363,2.2530673502891116
81,824.3007292530668,4396.129397688394,2815.476049450975,2.1635230489827895,4.5882601619674945,2.2530673502891116
81,875.337613067075,4397.7138744643735,4306.807228295849,2.133446909394089,4.507750889735817,2.2530673502891116
81,921.7575594369303,4399.150395110852,9934.94767803888,2.1007771651614853,4.4234632518043115,2.2530673502891116
81,969.9893843016156,4400.638291525578,354.7198811067675,2.519654175060657,5.286673177046298,2.2530673502891116
81,1001.978098676492,4401.622451064339,1730.3879485000994,2.0951315598402096,4.385487477534867,2.2530673502891116
81,1021.575057111581,4402.224316445139,31970.982906512872,2.3830500600921707,4.9806926276791135,2.2530673502891116
81,1062.641069966822,4403.482941627198,941.7209554232545,2.245622537800095,4.679001123101248,2.2530673502891116
81,1084.8794214103477,4404.163044620822,14075.118094298648,2.1908642396410576,4.557308541115735,2.2530673502891116
81,1201.2454402671444,4407.704732564943,594.3106036448467,2.5493789810990144,5.256081976551751,2.2530673502891116
81,1267.7093227407133,4409.7146201213045,1632.6519565792248,2.203450097324703,4.519168303509089,2.2530673502891116
81,1281.1658357129081,4410.1203880542935,32427.84013219119,2.255140196651885,4.620451894752533,2.2530673502891116
81,1314.9168896140886,4411.136387749314,1100.614794133263,2.1779105348799455,4.450238493040618,2.2530673502891116
81,1371.7567557880238,4412.841803350902,166.7903230910729,3.7632527358572574,7.654755357913203,2.2530673502891116
81,1430.9691215860382,4414.6108450589545,430.64137127807027,2.1422914649775637,4.33688552506872,2.2530673502891116
81,1439.667195604574,4414.870056543877,380.67599588022586,2.096372461226601,4.240822924943303,2.2530673502891116
81,1527.4717562071314,4417.4772695568945,4077.0954006500956,2.2026480506856174,4.424105067699518,2.2530673502891116
81,1548.048370336284,4418.085755326377,2110.404990385255,2.227844530386973,4.466921087484913,2.2530673502891116
81,1609.698114797802,4419.903102506462,301.7994346027393,2.149114607405975,4.286758122336606,2.2530673502891116
81,1621.3958935886808,4420.24696008542,217.8449009591007,2.155917254138661,4.296339051655313,2.2530673502891116
81,1647.462645509937,4421.012069364215,184.4177892096178,2.201515222047178,4.377559400435126,2.2530673502891116
81,1708.3571674361322,4422.793352202121,2289.649524857009,2.1881658882705275,4.328394476562247,2.2530673502891116
81,1725.3819911035807,4423.2898277660925,1818.0463434198646,2.046882522616173,4.042996917782854,2.2530673502891116
81,1750.611221843003,4424.024320108651,2587.7588677025087,2.0586417960175787,4.057083725506124,2.2530673502891116
81,1821.4766573447075,4426.079446002231,573.3951073360015,2.093315341447149,4.100242011828298,2.2530673502891116
81,1861.8183784052055,4427.244088993617,60749.429085456526,2.3042854929703562,4.497129533950112,2.2530673502891116
81,1919.2771550427508,4428.896214814298,584.6121935682646,1.9304534981736812,3.7483867559856896,2.2530673502891116
81,1975.2463614290805,4430.497906134526,726.50152759265,2.0510508885345415,3.9624083100260274,2.2530673502891116
81,1987.451885827122,4430.846192607733,248.60799152451833,2.9667578589569974,5.725183846801183,2.2530673502891116
81,2036.3722150177693,4432.238513408133,6941.48958799177,2.317704174952309,4.4525698333334915,2.2530673502891116
80,49.556076988765234,4426.077766726287,366.3338227068745,2.0813656850122055,4.653347618257741,2.205036196194628
80,184.02195380933549,4430.4995089635795,619.4245523330359,2.1195565537297756,4.698188135767882,2.205036196194628
80,212.54466511951827,4431.433086742339,22881.541774689304,2.2965788811672962,5.080973986701035,2.205036196194628
80,237.27418834234098,4432.241263681258,7279.256163641527,2.307584765034126,5.097315571228255,2.205036196194628
80,297.56231909389714,4434.20664015801,16086.547380814698,2.074949324308439,4.56504516083961,2.205036196194628
80,313.80731669857005,4434.735033083442,488.6489791668026,1.9312276240649344,4.2443363145652295,2.205036196194628
80,324.5261854135113,4435.083402436366,7468.400838093426,2.4442596064374453,5.3679166144413655,2.205036196194628
80,381.26481895315965,4436.923746530237,1156.7167475593935,2.0348861879753173,4.452155408460555,2.205036196194628
80,399.99867942762444,4437.530017501848,2304.3908594685163,2.1141372193421475,4.619629714372705,2.205036196194628
80,408.2524210411601,4437.7969105095135,1083.7749427399206,2.0254923743539277,4.42353885759979,2.205036196194628
80,421.95599733444755,4438.239736294764,155.03989372575788,2.3556448744463716,5.139695697023664,2.205036196194628
80,435.9076433862196,4438.690201096311,106.05112751549342,2.0039951002186114,4.368290946555518,2.205036196194628
80,444.4342894845447,4438.9653180269825,150.03353859840985,2.041521688177295,4.447670550347775,2.205036196194628
80,456.50938932623404,4439.354684014576,368.194398221282,2.4383201481407366,5.307434513556013,2.205036196194628
80,476.33857858709035,4439.993461773154,1518.117382943044,2.0089863007575293,4.367239653647907,2.205036196194628
80,488.0405392852166,4440.370065676416,5371.142417992544,2.0861108454062074,4.531169519322367,2.205036196194628
80,498.5699876976719,4440.708703268598,7195.633954929451,2.178620868664273,4.728534392637191,2.205036196194628
80,533.2037561885155,4441.821012713935,14465.08682014692,1.9969810272738517,4.3241504989315,2.205036196194628
80,542.3188202936553,4442.113359337045,10044.522059455812,2.0089993881936836,4.347465543550301,2.205036196194628
80,565.5367090135728,4442.857277365199,1331.7241221582076,2.0496213071900002,4.427988231509978,2.205036196194628
80,611.7449754114357,4444.334618182265,3249.6214288967444,2.032622977213525,4.37717824001409,2.205036196194628
80,629.8993821072451,4444.913866663704,1767.6988268575185,2.0831817375519543,4.480385684578779,2.205036196194628
80,672.3977588292706,4446.267252331692,812.6181204554415,2.7996104938592596,6.00340473833448,2.205036196194628
80,681.6016297530215,4446.559873457845,1027.0042463702912,2.163858765846471,4.636825812583365,2.205036196194628
80,700.211654204919,4447.151021450881,8255.843399499661,2.125230187954043,4.548223670664261,2.205036196194628
80,742.138663676622,4448.480248533888,316.742064754434,2.1060047975949328,4.493563348783264,2.205036196194628
80,761.2627089185079,4449.085351150986,9953.936909690186,2.0685304983372714,4.407579938380826,2.205036196194628
80,794.3767072674422,4450.1313325814335,14097.80646994297,2.186211090874539,4.647241579278003,2.205036196194628
80,814.7101426115945,4450.772490927149,575.0211914425681,2.3676794068866647,5.02532553704773,2.205036196194628
80,855.3854839336993,4452.052506570457,1361.434275466892,2.23205575839386,4.723662710212107,2.205036196194628
80,873.1871751072996,4452.6116283927495,290.4025425476663,2.201591049288685,4.653044616600859,2.205036196194628
80,911.6537438139184,4453.817541880494,10025.301817016069,2.1039637235729773,4.433946872606307,2.205036196194628
80,982.3466874473828,4456.025645174527,8653.667758702211,2.207518873848218,4.628012876686128,2.205036196194628
80,1044.5470396442922,4457.959742750146,1403.5650616413734,2.1722700976248244,4.532567265735192,2.205036196194628
80,1086.3277764975116,4459.254271621315,14202.774289962452,2.202449815009199,4.581248062198054,2.205036196194628
80,1169.19541466132,4461.8107380520705,1593.5211357625833,2.3773295508754106,4.913592935061373,2.205036196194628
80,1200.7305182054295,4462.7796951376395,5976.505418698095,2.054324677784806,4.235463923469222,2.205036196194628
80,1254.970375392342,4464.4412191488655,302.25429591216385,2.206866211164402,4.530805015997215,2.205036196194628
80,1285.943339891806,4465.3871223791,164.46489920596798,2.355862481974834,4.82491344264835,2.205036196194628
80,1325.5536449984534,4466.593731147473,16325.971171081987,2.1766261163642975,4.4437288813869005,2.205036196194628
80,1346.6123823746454,4467.2338115551665,236.56291559514273,2.502635883585964,5.1007640981456275,2.205036196194628
80,1367.893494566176,4467.879652868996,342.8850308892345,2.9793763994317324,6.062254450214624,2.205036196194628
80,1423.9089327541326,4469.57479794269,437.60228773908796,2.170760090619841,4.397078738347052,2.205036196194628
80,1452.6535376233562,4470.441947990506,225.46701141170422,2.1269505205877133,4.298225902114341,2.205036196194628
80,1463.847417537276,4470.779137017409,3492.619245973815,2.178016005176602,4.397486062184751,2.205036196194628
80,1512.611914057189,4472.2447599787465,955.3433301273991,2.141920162443476,4.307322395500803,2.205036196194628
80,1545.5411771507754,4473.231413959108,2514.6253693335093,2.089401556436345,4.190312016122928,2.205036196194628
80,1555.4793344728919,4473.5287062494735,1299.0137560414455,2.3217317067534182,4.652791539852269,2.205036196194628
80,1574.6324314644705,4474.101023035585,354.5746718172403,2.1679858596539203,4.337492084387444,2.205036196194628
80,1615.7960154285406,4475.328208884329,1911.8761216715823,2.2072185600304826,4.400938049392358,2.205036196194628
80,1638.9475506505494,4476.016709483241,30017.281481927555,2.377380989017552,4.731104829986343,2.205036196194628
80,1654.4904618963067,4476.478247987027,5395.697591327998,2.153958084196862,4.281085992628095,2.205036196194628
80,1672.7335915472697,4477.019259816347,166.2964488371479,2.2231658577584907,4.411574062675333,2.205036196194628
80,1768.6804786954872,4479.851968591739,1962.9737637823548,2.0706077314727143,4.075427682383399,2.205036196194628
80,1787.8381258745897,4480.415013018977,390.45125953420694,2.031564737743856,3.99206134338527,2.205036196194628
80,1804.1552136631003,4480.893897643479,773.2604009480189,1.9749045756402726,3.8753770654395545,2.205036196194628
80,1844.4633062612797,4482.074214691671,10474.620614704485,2.13104823566972,4.167323442226489,2.205036196194628
80,1878.5817466444873,4483.070302173647,44048.82649923196,2.3493730931561756,4.580274652761018,2.205036196194628
80,1890.823329571342,4483.4270265759405,7136.28347857382,2.1037463198761817,4.097104034401691,2.205036196194628
80,1931.327900507211,4484.604819757251,2864.957241893472,2.120337198637909,4.114926546634409,2.205036196194628
79,13.771139317919832,4480.893868285198,449.86957722959903,2.0538010900639505,4.603885227743174,2.199421558218775
79,48.99750451624982,4482.0729615651235,6847.997913935039,2.1952701488452937,4.909902007798031,2.199421558218775
79,78.80302968898798,4483.0687541158,31028.43340505137,2.39079223665915,5.336814209279087,2.199421558218775
79,89.55106111827736,4483.427424109892,5006.639462860532,2.1568219084089573,4.811095946226531,2.199421558218775
79,124.9182349489496,4484.606085782117,2248.9730340076762,2.1852137592504643,4.863317981147434,2.199421558218775
79,231.92286920398985,4488.157443496075,9314.536484967946,2.12993934458092,4.707035253264937,2.199421558218775
79,249.9761564692555,4488.754416835048,18364.007562644125,2.1276533431536433,4.696368556313513,2.199421558218775
79,274.60271023554856,4489.567723312871,451.5104928732013,2.1763092437933294,4.79577770215549,2.199421558218775
79,285.81076979996766,4489.937483200239,22455.004109656147,2.198348976179611,4.840789673886484,2.199421558218775
79,355.85956104816864,4492.242838208366,2928.042503063382,2.354490633210922,5.160310136942019,2.199421558218775
79,427.58228472758344,4494.593239030593,97590.93726105665,2.168056649900799,4.728560203485359,2.199421558218775
79,469.171601527055,4495.951461937039,382.85782984585495,1.9358943526764174,4.210390740195561,2.199421558218775
79,477.46015891682276,4496.221736322573,740.5796239507332,1.9988524250229203,4.344932625956351,2.199421558218775
79,493.62834165972833,4496.748554802899,441.61094434563387,1.9031840906473665,4.132144461011126,2.199421558218775
79,518.9180245740025,4497.57153324826,864.3783783596915,2.099599634886336,4.550743270977271,2.199421558218775
79,568.1695827129597,4499.170583755799,591.0957183931149,2.015883509030996,4.354469870266174,2.199421558218775
79,587.6702125811668,4499.802355928572,1996.204210943317,2.497971188425473,5.388298623721953,2.199421558218775
79,600.099918721757,4500.20464552943,9502.029344635783,2.0971245200331197,4.519851624157311,2.199421558218775
79,613.8295088362714,4500.648641178288,873.6592104809029,2.3566008353747483,5.074113161378219,2.199421558218775
79,632.3267775563311,4501.246210431147,7060.401417256146,2.050080465040932,4.40855394368411,2.199421558218775
79,723.8474345220591,4504.192566520735,3603.7711123130944,2.442770664532975,5.2188911533394045,2.199421558218775
79,776.9844727776227,4505.895315903658,188.91204886687126,2.053561008121986,4.3707305622302535,2.199421558218775
79,795.3317915837151,4506.481887595689,4548.650089217148,2.1380395268063004,4.544633325205858,2.199421558218775
79,932.2884392930719,4510.83822876272,341.5540489925132,2.4146712572722633,5.081576436263168,2.199421558218775
79,944.5492673329012,4511.22629824654,293.577471517725,2.1457220020933283,4.511247210366066,2.199421558218775
79,1024.4982062614129,4513.748942546481,2871.311172656036,2.289317552135665,4.784906160500466,2.199421558218775
79,1048.0078869526974,4514.488150992155,3326.1424291819762,2.2613792545701066,4.717994481914107,2.199421558218775
79,1062.5823314656661,4514.945815077269,3021.69187840179,2.2525235340095446,4.694205473994154,2.199421558218775
79,1108.4928998060097,4516.3844996945145,20934.353400304582,2.202070629719242,4.573434122194274,2.199421558218775
79,1169.8220466475818,4518.299227770584,596.699915938587,2.1679716626769667,4.481300529461038,2.199421558218775
79,1221.3517015720345,4519.901666588695,420.4150387839465,2.1330551425710227,4.391776117610394,2.199421558218775
79,1241.4609823562182,4520.525432269775,4794.2745334774245,2.2550286721845203,4.635689454672051,2.199421558218775
79,1256.9717605003,4521.005949504582,1004.7991585504228,2.5706641839054525,5.277948657084833,2.199421558218775
79,1304.0907183544678,4522.462410241809,12780.122082702848,2.3194030595162887,4.744531613015487,2.199421558218775
79,1340.6664366774614,4523.589575508189,10908.819627389186,2.247414686520764,4.583833167668914,2.199421558218775
79,1355.04518519762,4524.031872510627,442.14971509840274,2.4583903665412645,5.008561654295222,2.199421558218775
79,1399.504851768262,4525.396539504977,227.05214798012273,2.163197205208543,4.391327732624411,2.199421558218775
79,1422.6489159879548,4526.10517449933,4028.0477722934897,2.1911166330346257,4.439780647123964,2.199421558218775
79,1430.9175777199853,4526.358054835547,2338.5604129440953,2.2326253665036946,4.5209686476916335,2.199421558218775
79,1461.6065198928643,4527.2952594208255,700.4662691246019,2.1759267133941638,4.3951064135117415,2.199421558218775
79,1516.8752361684626,4528.977697988542,414.8357587010259,2.2774859507265526,4.579626165722222,2.199421558218775
79,1527.1845190337012,4529.290750895437,239.67986569550126,2.157227809817843,4.334244504618388,2.199421558218775
79,1539.9914825550964,4529.679309319894,440.89657420769277,2.1737200561765286,4.362706228481169,2.199421558218775
79,1558.6046266522194,4530.243352420311,763.0555407218876,2.102398124705721,4.212942416816941,2.199421558218775
79,1575.482250694908,4530.754113421123,1206.3351222046851,2.1582451281028883,4.319119520060504,2.199421558218775
79,1610.893489798344,4531.8236099790365,5078.763057751224,2.2963079805520086,4.581647825938297,2.199421558218775
79,1632.076903017195,4532.462004448182,432.042190576844,2.289503572849048,4.560039368607533,2.199421558218775
79,1649.421263378944,4532.983925052256,1484.3075783034096,2.0998612110947135,4.176349168819745,2.199421558218775
79,1702.4512560860776,4534.575322309941,10346.710724132809,2.126253853787725,4.209897370472775,2.199421558218775
79,1729.7395721010362,4535.391652731223,5422.100348433312,2.138567661710691,4.224165142098934,2.199421558218775
79,1767.7844159892354,4536.526827468842,5287.927435399238,2.1777913252229486,4.287610362880179,2.199421558218775
79,1792.1468573310824,4537.251944682245,519.1458340785202,2.1402084469438516,4.204877382032642,2.199421558218775
79,1848.2271341941141,4538.915716740843,869.9715271628191,2.512684155978556,4.912625328971353,2.199421558218775
79,1941.9437244457754,4541.679164262261,924.2135699362688,2.045542237087342,3.966132128893603,2.199421558218775
79,1962.1549854607513,4542.272342452595,5935.441712639988,2.1551762002818653,4.171216083437928,2.199421558218775
78,31.040489649045917,4538.9100456618535,559.333533365013,2.639779157953213,5.915798688293064,2.2187257273885663
78,112.77291950334191,4541.676477695479,711.4232450884768,2.05653453520959,4.583593207826232,2.2187257273885663
78,130.41450383413093,4542.2718404665175,4947.62203399844,2.0789394363208724,4.6282566407374395,2.2187257273885663
78,215.77062719358756,4545.143567912396,509.10491688355006,2.238832408035392,4.9554689367888125,2.2187257273885663
78,234.9885316029677,4545.788110796346,7890.548119076221,2.0955702028710563,4.632417715749677,2.2187257273885663
78,276.8775967684754,4547.1904271076455,4666.058348600801,2.1390687905439827,4.715133134495884,2.2187257273885663
78,316.8716278756688,4548.52598822528,1414.3880724503504,1.958693576502567,4.305797349985897,2.2187257273885663
78,332.1624884607613,4549.035753933499,1401.3149462431752,2.297849202063903,5.0461957266123,2.2187257273885663
78,349.2954700154733,4549.606367818472,209.51779057574194,2.2367606972183953,4.906338101803017,2.2187257273885663
78,412.15844816500083,4551.694900826866,120.73192994523933,3.301518107993362,7.210637356076517,2.2187257273885663
78,444.1337277377126,4552.754139589583,469.40524659223325,2.3897722445742033,5.2078399147515295,2.2187257273885663
78,464.63924897441035,4553.432320715736,1878.7286320988865,2.2470814084984303,4.889773949226631,2.2187257273885663
78,593.2461790316434,4557.666039225402,459.5057056239509,1.982350653115248,4.275326597849823,2.2187257273885663
78,606.0584958593123,4558.085948071548,134.6974925245392,1.8932712507138818,4.079472635649879,2.2187257273885663
78,643.4196723954841,4559.30847164554,270.062648006241,2.089700125375054,4.490965854661926,2.2187257273885663
78,653.0986124286181,4559.6247105519,1371.112779856191,2.0175283899404035,4.332789851103868,2.2187257273885663
78,682.7138806992518,4560.591113697299,281.7332416337785,1.9530348823083277,4.185352632065523,2.2187257273885663
78,715.959596462112,4561.6738031258565,604.7433400497246,2.0342121210048596,4.349060098727792,2.2187257273885663
78,767.8584477176939,4563.359323542857,377.0093488661128,1.954950202926007,4.164026226683028,2.2187257273885663
78,839.8472015315627,4565.687906192204,3166.715914484551,2.276188021629411,4.823037543842844,2.2187257273885663
78,853.1157391169622,4566.115898873967,2141.054538697607,2.2452092661969005,4.75288974882892,2.2187257273885663
78,883.0646787331843,4567.080561819253,260.736815427346,2.6744869403106035,5.649219466449989,2.2187257273885663
78,909.5089930360816,4567.9307499188135,5166.365314719391,2.204301859115184,4.646838691696045,2.2187257273885663
78,927.8981261195964,4568.521081856007,5380.072517287862,2.20772135352873,4.647875329313024,2.2187257273885663
78,956.054336527121,4569.42355345965,1628.0776780912447,2.259671715848207,4.7473995657225805,2.2187257273885663
78,967.9535404028027,4569.804438297356,318.9797228267497,2.085052050008369,4.376636505637439,2.2187257273885663
78,1005.9591602036758,4571.018926175881,441.7030817364545,2.1681233070024595,4.53813594909758,2.2187257273885663
78,1044.6919762053958,4572.253436619685,8373.882387625456,2.2025301110186994,4.5966864581127425,2.2187257273885663
78,1062.2583708791012,4572.812247140205,101.55176421603198,2.4028781362185936,5.008392428271181,2.2187257273885663
78,1075.6689061027816,4573.23840173193,268.71627933717974,2.2456975833618866,4.675826994602435,2.2187257273885663
78,1105.2942381949774,4574.178431570531,271.647021805452,2.6018933039842045,5.405568975250394,2.2187257273885663
78,1130.7599007966126,4574.98493617396,6207.358939028968,2.2799802502291677,4.727401483425734,2.2187257273885663
78,1140.98413844804,4575.3083400319365,349.2608624137219,2.2381628568017615,4.637149135618757,2.2187257273885663
78,1149.834843345813,4575.588111467027,154.750694277676,2.238065251131494,4.633752134078434,2.2187257273885663
78,1310.4146551695708,4580.633868512733,86115.7935328384,2.4577133664965753,5.025589807620468,2.2187257273885663
78,1325.667963262946,4581.110158415973,3036.2588257652656,2.1862758875374775,4.464896127506935,2.2187257273885663
78,1369.2402530707727,4582.46781986294,1469.094420036465,2.8696581213922476,5.840520218437525,2.2187257273885663
78,1420.5747709488958,4584.061803396119,139.74281311263175,2.062751496140483,4.180762986023632,2.2187257273885663
78,1448.8643861612672,4584.937644721436,619.2184403189995,2.1439088010378735,4.335418234940277,2.2187257273885663
78,1471.953560288535,4585.651116894016,2005.6793357764445,2.21947251847633,4.479835065339915,2.2187257273885663
78,1545.1107991777874,4587.903577071482,408.88771800538376,2.3740912843321262,4.763271372995727,2.2187257273885663
78,1564.4016992446934,4588.495453044261,324.45199493016224,2.2428387952103375,4.4928463141361865,2.2187257273885663
78,1604.1555595850766,4589.712412778016,9428.943619097829,2.148193292449437,4.288909717761572,2.2187257273885663
78,1652.498471138205,4591.187278278694,90521.52203865311,2.4183516290770064,4.8087967922782555,2.2187257273885663
78,1743.7012288147853,4593.954562610731,7241.690173376622,2.1239355110518434,4.1902415914726685,2.2187257273885663
78,1835.1689008753358,4596.709709128505,28930.894397190496,2.2193911733412777,4.34388803711288,2.2187257273885663
78,1857.6667491914793,4597.384245543788,8786.419594279014,2.1820591616601503,4.26213265269683,2.2187257273885663
78,1978.7250475812466,4600.992312157383,510.98276298972,2.0443730245021667,3.949915091728919,2.2187257273885663
78,2018.1410311847237,4602.159155088414,109.08244572359057,2.246599074564734,4.3251177480177505,2.2187257273885663
77,17.531226834852298,4597.384132747505,5598.15015385919,2.1735259027593883,4.870944423065204,2.2126424565529783
77,95.3349605976189,4600.0522990589225,9737.903727805153,2.280055775997223,5.084870377188549,2.2126424565529783
77,122.90174518111874,4600.994873936191,391.54757553621454,2.023991469857389,4.5057412058148545,2.2126424565529783
77,157.09804565864368,4602.1620835691065,93.34670154273951,2.163922624376781,4.806734569229517,2.2126424565529783
77,188.5000345822694,4603.231911190127,88.85547579385363,2.0444817084233793,4.532026893551919,2.2126424565529783
77,216.25631777578715,4604.175927628459,2975.5025466477286,2.113599917779572,4.677017086169079,2.2126424565529783
77,268.301515109873,4605.941942399397,170.04835033453708,2.0991189084662016,4.6291603996314485,2.2126424565529783
77,323.0414838798492,4607.793597821168,1353.6430388340063,2.1162195471821583,4.649895825930401,2.2126424565529783
77,348.81490641999244,4608.6633455252095,314.9444391356353,2.2539496768761875,4.943934651564276,2.2126424565529783
77,365.50891256707536,4609.225987701226,1839.145176103054,1.9995008406656452,4.380816699891847,2.2126424565529783
77,385.81521700994165,4609.90961883707,1665.042774128076,2.132225260084918,4.66532777358034,2.2126424565529783
77,445.71011724110036,4611.921169875232,373.00653753491713,2.1605227920893273,4.708054092690774,2.2126424565529783
77,464.07846143072817,4612.536600700185,664.8217372522607,2.5143773104575953,5.472417485551876,2.2126424565529783
77,482.4187836528095,4613.150403127225,6797.556874957074,2.0405416538068164,4.435663900843883,2.2126424565529783
77,503.1265915598221,4613.842609200418,1988.0142407545575,2.093491882412636,4.544198729315345,2.2126424565529783
77,534.7038127557431,4614.896448823017,3116.2899405401013,2.036576390815304,4.410892093349656,2.2126424565529783
77,577.3719710742761,4616.317150994536,1857.6173245686375,2.0611790954601616,4.451152652570424,2.2126424565529783
77,586.6692451818956,4616.6262157855945,2899.579822505357,2.073469960844558,4.474566211068169,2.2126424565529783
77,620.3719191776313,4617.745064318438,254.74402068135714,1.9793284357540926,4.261528211821431,2.2126424565529783
77,695.3887656468299,4620.226880667603,91.38133946541014,1.9580655625656305,4.193404571017681,2.2126424565529783
77,822.8953249612599,4624.417815925028,234.92741870349096,2.6108356656467775,5.539984723145967,2.2126424565529783
77,870.4740271866568,4625.972702296575,110.45515005308218,2.027496157897807,4.287398109761619,2.2126424565529783
77,881.9735021761775,4626.347772965126,955.8424337554258,2.1239776058761364,4.487453775669385,2.2126424565529783
77,951.0155740607889,4628.593612841039,1932.5424583875456,2.2569107159340764,4.743977994738042,2.2126424565529783
77,986.2930426348806,4629.737109178867,6917.787617980055,2.2370370639205284,4.689909470108844,2.2126424565529783
77,1014.9045907346834,4630.662521706766,247.39476798714992,2.153346989589927,4.504619309181847,2.2126424565529783
77,1027.3567263555935,4631.064708848779,1060.4324444967488,2.252507598896536,4.707789545269009,2.2126424565529783
77,1045.5306897465737,4631.651087203132,189.49978407931948,2.1241677414267905,4.433178673122274,2.2126424565529783
77,1076.3606422520982,4632.644130852739,461.33656778285655,2.0116606101516203,4.188815912782163,2.2126424565529783
77,1089.2253606468055,4633.057882461437,19279.306025285077,2.3024469044752784,4.789560965901289,2.2126424565529783
77,1260.477702021298,4638.530261378485,12370.338539207527,2.4389242326559044,5.006742042783852,2.2126424565529783
77,1288.6062458241347,4639.422763358259,685.3057745153075,2.1840282303001155,4.473260208660998,2.2126424565529783
77,1306.2779018730557,4639.982550928956,4899.963778147535,2.308305200214891,4.721457235159035,2.2126424565529783
77,1319.3061910339072,4640.394792434709,158.46450199831085,2.2330760467498814,4.562883499659602,2.2126424565529783
77,1387.1137837942067,4642.534071063462,1367.8099713851477,3.001562485827684,6.1000037320461615,2.2126424565529783
77,1461.0311195215115,4644.854015875777,588.6488113451111,2.183907055455276,4.411914389452964,2.2126424565529783
77,1497.8650408348951,4646.005334525788,749.2362586871052,2.2142895647017418,4.45985875796151,2.2126424565529783
77,1523.2953773415438,4646.798363186585,276.82659845393306,2.1571856560527696,4.3359807302453195,2.2126424565529783
77,1544.3991313077554,4647.4553208839225,78.91392858078665,2.3035176644127158,4.622146696746897,2.2126424565529783
77,1579.6782661708564,4648.551222433755,4677.897937583156,2.168635103470251,4.338617046030201,2.2126424565529783
77,1601.7781421196637,4649.236235012368,164.8603319582915,3.0082936555372366,6.0075144649884065,2.2126424565529783
77,1676.2232995698855,4651.535259708629,2608.8246866548075,2.2512546188579647,4.468085679106304,2.2126424565529783
77,1719.2387064532256,4652.857669194723,25016.50009965771,2.1858826984030513,4.322687406417484,2.2126424565529783
77,1733.3731817091013,4653.291238104004,12104.402955497708,2.1098724876965718,4.167444724242595,2.2126424565529783
77,1747.354419756651,4653.71963699069,165.095085274651,2.043884094825026,4.032324534302787,2.2126424565529783
77,1799.4039509685465,4655.310369820421,113.90250424676704,2.125036461386882,4.17393199804514,2.2126424565529783
77,1927.7904089711553,4659.206199073464,86964.50164233027,2.513640878351901,4.882629908435145,2.2126424565529783
77,1983.1762570383173,4660.874511748691,725.4212757232316,2.12887511863598,4.115418831335448,2.2126424565529783
76,56.170836830217375,4659.204484739203,69561.87376257863,2.3473887015841415,5.252163807721713,2.2186411455906434
76,104.26356439269338,4660.874457241317,561.4416712692654,2.0830409311727025,4.645980671805229,2.2186411455906434
76,191.73958688616952,4663.8999044423845,351.10374966571527,2.0369537620220184,4.516705351587488,2.2186411455906434
76,209.4220637010045,4664.509569757239,8058.279944261426,2.0863400549968008,4.620958148386823,2.2186411455906434
76,260.81801171360917,4666.277978829344,426.01671533994715,1.8917264867937518,4.1753104099186995,2.2186411455906434
76,290.92832759365314,4667.311473176716,11844.956203049996,2.1143516880212982,4.65723536850545,2.2186411455906434
76,305.86274928781836,4667.823381136446,3086.7907919841423,2.081418317588031,4.580040637833669,2.2186411455906434
76,354.2740062817692,4669.479599000413,6876.3317127784985,2.07261179539334,4.545806507160723,2.2186411455906434
76,407.4270477627655,4671.292426161716,9392.755866702375,2.0272441738679827,4.430207202069568,2.2186411455906434
76,479.6393244377536,4673.745817269025,332.63013360906155,2.0008052192150956,4.350458389278996,2.2186411455906434
76,497.57178177679566,4674.353368977649,618.5957732592689,2.1151207048023584,4.593276137117468,2.2186411455906434
76,515.7993421409684,4674.970223942731,53657.00910044591,2.0579325758207085,4.463488076693387,2.2186411455906434
76,566.5589292906093,4676.684320694624,1054.549002907255,2.0546992101882893,4.440606139226855,2.2186411455906434
76,586.7852886765614,4677.365820383518,7803.25363779358,2.078415072001501,4.485549909863999,2.2186411455906434
76,613.9581776100835,4678.280003276563,626.1000070682898,2.2653600682769643,4.879705228748571,2.2186411455906434
76,651.5771131080538,4679.5430225745295,700.670763277016,2.0745127044879843,4.456593028673442,2.2186411455906434
76,663.2049166272037,4679.932802116591,182.58465896691507,2.2198786444191696,4.765147802447883,2.2186411455906434
76,675.4144449518951,4680.341769519003,145.37881973625358,2.5047429827965173,5.372037905726454,2.2186411455906434
76,723.7014496757183,4681.956038525131,10904.46479055333,2.0712221918093507,4.426697693420611,2.2186411455906434
76,739.8320129836864,4682.494174409255,296.5839250009139,3.5957860152901615,7.676219687054609,2.2186411455906434
76,749.3258099092607,4682.810636274473,165.2687162591803,2.285881480762071,4.8766962454463085,2.2186411455906434
76,772.4739467460431,4683.581427448088,1081.4205141217094,2.4786364370758633,5.279144542794136,2.2186411455906434
76,786.4300667884402,4684.045579276484,151.81405523650437,2.066643280046669,4.3971975896087905,2.2186411455906434
76,828.2223776453521,4685.43297053901,226.26801053797735,2.350357180687942,4.98560541612185,2.2186411455906434
76,869.6266551852779,4686.803718373009,149.95296589413277,2.223999297945064,4.703094203866802,2.2186411455906434
76,890.8929266728244,4687.506307791659,19211.70922689014,2.1950215167752916,4.634651065417938,2.2186411455906434
76,902.2935924468832,4687.882550317348,927.1978172266483,2.1826215981840367,4.604733213638722,2.2186411455906434
76,954.071132757952,4689.587695333827,540.2967999412316,2.1899875889327496,4.602505087026988,2.2186411455906434
76,1016.7656760869874,4691.644406317285,632.829811543356,2.0823230657764387,4.355667026238647,2.2186411455906434
76,1025.6950154722174,4691.936623401833,6465.998234469248,2.42672005854851,5.072619037533701,2.2186411455906434
76,1132.0647470961665,4695.403872128586,71993.94315235261,2.3326521497747135,4.836899980293817,2.2186411455906434
76,1174.0945590536642,4696.766844769932,1568.4400241744029,2.2961165229293874,4.745794588133735,2.2186411455906434
76,1260.1525620294667,4699.545035088642,986.8267236746675,2.530251569350062,5.194890001888056,2.2186411455906434
76,1276.7404458947133,4700.078586085124,751.9490782432956,2.370190941657603,4.859786291995345,2.2186411455906434
76,1286.9012623551491,4700.405096951308,220.3333717394255,2.141832508731385,4.388115659185607,2.2186411455906434
76,1304.872715559433,4700.982013687805,488.0397784212132,2.4793668927190726,5.072447473675793,2.2186411455906434
76,1319.5917822329247,4701.453966504776,3960.9573865003417,2.311960456224947,4.7243549020455875,2.2186411455906434
76,1387.6761862918001,4703.630484118294,17561.91934686757,2.4003094384172337,4.878419535777254,2.2186411455906434
76,1440.3333085595539,4705.30639986325,91791.98186058115,2.334518202748798,4.724900441125906,2.2186411455906434
76,1481.5229770863539,4706.612796412018,872.3072215657743,2.2192747100658945,4.4763783101111425,2.2186411455906434
76,1511.6628370804608,4707.5661890867705,5778.957271639552,2.241388890711846,4.509922372303821,2.2186411455906434
76,1695.118795910322,4713.322471079025,364.19194385074354,2.1389228686370627,4.2386482513528705,2.2186411455906434
76,1721.9673805982482,4714.158073088903,1530.85994705149,2.1487863733744352,4.248438025136791,2.2186411455906434
76,1805.6102976432055,4716.7499518067325,3380.8531011806144,2.113224002972413,4.1480961189372545,2.2186411455906434
76,1824.3572135308532,4717.328505598496,274.30953279311495,3.068738219841796,6.014300258169781,2.2186411455906434
76,1869.255121986961,4718.710567713522,362.529104207591,2.1532830359145585,4.203594254652238,2.2186411455906434
76,1909.222499450366,4719.936628583517,1918.2403507794456,2.1677142135822693,4.21689482048956,2.2186411455906434
76,1969.5012994243525,4721.77818958349,1168.3802703255888,2.134627460322226,4.130070650176038,2.2186411455906434
76,1980.0999139740886,4722.10103741031,346.0077852321655,2.110972119737278,4.0806466061853675,2.2186411455906434
76,1996.394613047792,4722.596839847808,2487.5532410262445,2.169394913066505,4.187561685323803,2.2186411455906434
76,2023.1528377198479,4723.409555571795,3651.9973552608603,2.187994685650962,4.213193680034995,2.2186411455906434
75,17.057066524907565,4719.935773772392,1295.3813366106463,2.1808033432019327,4.8905712278306614,2.2011453549045665
75,69.34067739235772,4721.779013347286,845.9771002849537,2.154662356981757,4.815892562858736,2.2011453549045665
75,78.51710951064076,4722.10196201029,258.64410512803533,2.148664876091409,4.799398033146854,2.2011453549045665
75,92.58180036622478,4722.596616952464,1882.340628313337,2.126420608725804,4.745425624859011,2.2011453549045665
75,101.56333522591694,4722.912289614244,1685.557137926894,2.370581056841636,5.287230582410201,2.2011453549045665
75,115.76817356899876,4723.411213825617,3032.909299056287,2.1348628437416726,4.757182051966421,2.2011453549045665
75,154.28067279981963,4724.761861230677,55533.101888172605,2.121715884468185,4.716216571710477,2.2011453549045665
75,164.09394042465166,4725.105536475608,39535.09368478956,2.139961934976744,4.7536691005629494,2.2011453549045665
75,192.5534002119258,4726.101122627413,4972.110129787549,2.5027611818473874,5.549029904722037,2.2011453549045665
75,225.9659120009867,4727.267873487715,134.36446362096697,1.8127273909980541,4.010384948362058,2.2011453549045665
75,252.4886397291759,4728.192409031353,70388.76783644618,2.3020489970774864,5.084175365595204,2.2011453549045665
75,289.1922300675687,4729.4694464633785,633.273553675926,2.636892613542513,5.8093660404983725,2.2011453549045665
75,317.4622485208559,4730.451156017742,7722.268174760409,2.0935764059818767,4.603743569157065,2.2011453549045665
75,339.1414327199618,4731.20286885273,5957.072533298202,2.0490195683521417,4.499104860418189,2.2011453549045665
75,368.0923194417792,4732.205198499048,2634.1490280059843,2.0287590178507298,4.445904295974773,2.2011453549045665
75,402.0365107502274,4733.3781750362,15827.395212410529,2.2445978106615696,4.907562453257616,2.2011453549045665
75,459.74419345486183,4735.366768065277,351.4364890737096,1.995353325830106,4.3453401801243805,2.2011453549045665
75,514.0776905995847,4737.232650941681,47526.350350493536,2.246251596707481,4.8735178543619435,2.2011453549045665
75,565.0986579999453,4738.979051346305,638.0354820890187,2.086706840043666,4.511304187874292,2.2011453549045665
75,572.8007816651367,4739.2422035904265,373.39563871553395,2.016217327580427,4.356469599563956,2.2011453549045665
75,649.5309958513263,4741.856805563709,64593.50814565748,2.0639217182040266,4.435388353187503,2.2011453549045665
75,662.0485889484437,4742.282137566767,5041.385662775773,2.1911843035253424,4.704862630022229,2.2011453549045665
75,742.7030936131049,4745.01448450028,12179.57564518019,2.1020962986579015,4.487462490843396,2.2011453549045665
75,791.5718975399458,4746.663080893323,1767.0318569021301,2.251702700863482,4.789808990536286,2.2011453549045665
75,859.3175923533031,4748.93975545304,205.65404478972093,2.5051186994476913,5.302829333908842,2.2011453549045665
75,906.8190007948563,4750.5300003431,11904.177292837074,2.2142812132622787,4.670603104533106,2.2011453549045665
75,970.784127560265,4752.66341478067,288.45594477298823,2.273449502958342,4.772588306440476,2.2011453549045665
75,1003.2877730921651,4753.7439620734585,80258.63542594975,2.2956078722211855,4.807532879132421,2.2011453549045665
75,1018.7444216623405,4754.256960419734,948.4227374269373,2.769319320888762,5.792598745747091,2.2011453549045665
75,1148.7459740446934,4758.550045028688,781.6629884292845,2.6267741214180758,5.4401664137858825,2.2011453549045665
75,1290.6456776003906,4763.19145827616,360.7452377576554,2.2224133005389413,4.551950296690507,2.2011453549045665
75,1311.0486543929346,4763.854950180392,3223.1006680032765,2.293329086986823,4.689769086053785,2.2011453549045665
75,1367.176037328618,4765.675111385644,8461.497356697211,2.298439024315829,4.679296607053002,2.2011453549045665
75,1405.9587805714984,4766.928441701656,2860.4185871926284,2.3843998498959356,4.83912301129363,2.2011453549045665
75,1437.1142844491021,4767.932691205368,16097.357772026933,2.2538024631280544,4.562638801040762,2.2011453549045665
75,1448.2983526900487,4768.292626902521,746.4673566182611,2.2218092581962954,4.493863080322,2.2011453549045665
75,1482.4677627540248,4769.390442198739,3043.351249816335,2.2430043466923912,4.524201844381447,2.2011453549045665
75,1677.00766665073,4775.586978138073,22643.904403096243,2.2377715253172923,4.441256350441147,2.2011453549045665
75,1710.6379119199619,4776.648814821583,1691.4831583674627,2.213512232722585,4.380506000143889,2.2011453549045665
75,1725.844358085571,4777.128027069678,1968.5845024234561,2.1929116355620994,4.334218148606452,2.2011453549045665
75,1757.2608905323596,4778.116271294008,657.5456825422842,2.095825956643413,4.131409008663275,2.2011453549045665
75,1770.3428366978785,4778.527059121412,1485.9173813587342,2.0961103495125286,4.127380463028126,2.2011453549045665
75,1805.5221639482772,4779.629622916223,55845.96812548965,2.153005137794382,4.226330957171312,2.2011453549045665
75,1824.280501799608,4780.216274085328,443.27466334651996,2.212897815756055,4.337163747730233,2.2011453549045665
75,1873.6712643464557,4781.756726077155,721.1957388020328,2.206991115368171,4.306875046231101,2.2011453549045665
75,1884.0929810775401,4782.08098951938,759.4426535999845,2.4912350495145827,4.857333882992639,2.2011453549045665
75,1949.1143545654745,4784.097908417971,7863.882684797447,2.181230081483708,4.228725572654369,2.2011453549045665
74,28.01741113910873,4784.098104846,5623.0407404290845,2.1551834154487595,4.828039753765071,2.256528956809582
74,98.19801798893391,4786.602188692304,358.8285416528828,2.077655500220122,4.634086685289692,2.256528956809582
74,123.04226667115586,4787.486322202997,332.46355781879635,2.5663604838526557,5.715091906633207,2.256528956809582
74,151.20102629522,4788.4869263474875,2950.449416003244,2.1374684086960096,4.751525776506904,2.256528956809582
74,214.37085542416796,4790.725846243656,15918.109076167633,2.068289291423177,4.5791875680609015,2.256528956809582
74,244.10069621990078,4791.776765261311,1973.6047724724044,2.1775592151915144,4.811735185055231,2.256528956809582
74,290.68316120692066,4793.419777681646,905.8071328315854,2.176202399502023,4.79396493431098,2.256528956809582
74,305.3042245510224,4793.93455870609,130.78671923800053,2.4016537405699867,5.285732787878253,2.256528956809582
74,323.74243207392635,4794.583104887739,1325.7224529324017,2.1168451367408325,4.653053084034858,2.256528956809582
74,399.8590603049604,4797.252946825016,2089.9053451804307,2.157061652057321,4.717424523943432,2.256528956809582
74,510.10845094512115,4801.098363156617,451.3994041548884,2.000920313343613,4.3432452495834,2.256528956809582
74,522.0172571426494,4801.51218149082,6669.885977009283,2.0553202709260394,4.457631150126185,2.256528956809582
74,594.0862636312793,4804.0099712632355,214.59765985686576,2.00831586466472,4.33389644986723,2.256528956809582
74,617.7545170464558,4804.82781264598,1231.005834364354,2.087245046630882,4.4966275586338575,2.256528956809582
74,631.4001244405708,4805.298771729027,2267.6134688317265,2.0210777464350134,4.350087472580728,2.256528956809582
74,668.9417519139062,4806.592361359417,129.16659688976884,1.9109246347578037,4.1019262326454795,2.256528956809582
74,691.4208931865898,4807.3654498555925,90464.2482744629,2.2912090704622834,4.9105179751604435,2.256528956809582
74,753.0560142799259,4809.4794222550845,47621.652676196296,2.128526563154113,4.541560428487292,2.256528956809582
74,796.3542449755558,4810.959405263107,14596.967406541191,2.117493609203293,4.503931715345409,2.256528956809582
74,877.5326496388011,4813.7228037734785,1968.690609013102,2.2252559175760918,4.704717153274817,2.256528956809582
74,896.0849518865562,4814.352247477003,1623.264758345864,2.2749159379317083,4.803297476585708,2.256528956809582
74,1039.1264868457843,4819.178891542821,975.0810343945465,2.2952860513318862,4.794497392589552,2.256528956809582
74,1063.4675683162022,4819.995527361701,4267.074104337168,2.3237973177746056,4.845180973111546,2.256528956809582
74,1090.7002071129903,4820.907539725464,394.8343024471768,3.129023293445289,6.5101298992235375,2.256528956809582
74,1117.7557521215272,4821.811906594142,1459.2124650387998,2.3462871651732518,4.8714735616224365,2.256528956809582
74,1130.4418967474135,4822.235367347673,12662.196017207403,2.360398460290497,4.896237817447631,2.256528956809582
74,1151.45250396555,4822.935866426915,10493.802088229742,2.270095895786014,4.701278961524327,2.256528956809582
74,1189.551278588038,4824.20344054418,30788.22388731832,2.318761418434219,4.7875320421106435,2.256528956809582
74,1199.3608689043049,4824.529258633182,8199.41849322108,2.3150940974364476,4.776605738599383,2.256528956809582
74,1212.1775254936522,4824.954611510804,9536.984929972095,2.394337009379006,4.935087896657845,2.256528956809582
74,1223.986783662611,4825.346187315488,5094.4772015331355,2.410700284308348,4.964149404547278,2.256528956809582
74,1243.644168129334,4825.997260695093,1729.6453891337333,2.3626071207741477,4.857485115050515,2.256528956809582
74,1255.8095146932474,4826.399730629268,385.1494135812084,2.5683840088447853,5.275576610022565,2.256528956809582
74,1284.2264211701427,4827.338484224179,163.17740447693956,3.297832672026639,6.75894700280739,2.256528956809582
74,1305.72185867766,4828.047308196975,14373.83639147869,2.324418745654063,4.755629655552818,2.256528956809582
74,1374.263882816642,4830.300136431094,305.7280910302013,2.275461119974287,4.630292015157165,2.256528956809582
74,1400.0988632527653,4831.146348884101,1700.7251695665884,2.3514831002971843,4.775010580267919,2.256528956809582
74,1440.6542460496883,4832.471474486144,36644.12971430101,2.2654759242513998,4.585172020640847,2.256528956809582
74,1455.2712668468912,4832.948103342297,9730.848830864337,2.237587784414121,4.5235971529036245,2.256528956809582
74,1480.6210882422984,4833.773477824783,218.84980031552593,2.3680851213006644,4.777319098713245,2.256528956809582
74,1492.2841109738013,4834.1526950166235,54139.37087354609,2.2805972222282023,4.596704887455642,2.256528956809582
74,1596.7388092061556,4837.5342158385165,701.7962994206185,2.0486462527028118,4.093769944093251,2.256528956809582
74,1612.8993850622212,4838.055001938245,465.65957627118127,2.6341674506394965,5.256844241868561,2.256528956809582
74,1643.8568230730289,4839.050838193457,457.09311364129144,2.223875169602995,4.426650187444316,2.256528956809582
74,1664.2685822102749,4839.706153806523,860.6935748335122,2.1655475371192967,4.303378630827251,2.256528956809582
74,1687.615559420298,4840.454446902212,153.68359826615142,1.9437837268534355,3.854959371448088,2.256528956809582
74,1707.500605613149,4841.090722411615,933.8606213739474,2.341177115695676,4.635313925436812,2.256528956809582
74,1730.5820423821174,4841.82805115724,16876.61924637173,2.1101352864388683,4.169816259298995,2.256528956809582
74,1742.1287967444512,4842.196414480317,38670.49620157492,2.2253556161149723,4.393435879683728,2.256528956809582
74,1783.7586394284426,4843.521745097974,296.6262113431806,2.17886591271632,4.286437307559149,2.256528956809582
74,1878.350590053649,4846.5171890818665,2249.6311624110517,2.126643817942108,4.150386985655939,2.256528956809582
74,1902.8976040122434,4847.2908792882845,344.90541498231755,2.2676930866831833,4.416195588829159,2.256528956809582
74,1947.1648727238364,4848.682323458822,364.6604082482299,2.1304065666389924,4.133173953715602,2.256528956809582
74,1962.6633636978188,4849.168326461216,29759.99012599583,2.3446370374831913,4.542526087210163,2.256528956809582
74,1980.2737527616139,4849.719824986501,19670.397978339617,2.1533028234226164,4.165708957269412,2.256528956809582
73,15.46695312039008,4849.164823283853,21846.543374952158,2.278624267999763,5.110748157065178,2.240011300119638
73,30.695232325238802,4849.717040023516,14309.963056863093,2.1272681997811613,4.766397315940111,2.240011300119638
73,60.60523542964305,4850.800271580543,266.8218444040472,2.1199077271545947,4.740782948038174,2.240011300119638
73,88.14468954707503,4851.796026069348,26868.313080280754,2.082794951131893,4.6497014673053805,2.240011300119638
73,155.51553909239257,4854.225380640677,1854.0838256126206,2.1090124373316015,4.687527003581551,2.240011300119638
73,250.4586844881849,4857.632951556809,415.3082519095011,2.0341127433207107,4.493256345010203,2.240011300119638
73,285.78918193733585,4858.896161011469,303.05397407648985,2.1982580479880958,4.844274054332336,2.240011300119638
73,308.0121430022991,4859.6893733537045,7634.492349134165,2.0694018860098997,4.553641058596099,2.240011300119638
73,389.06712486537396,4862.573615165857,3164.506251472971,2.123103729155596,4.646479747286606,2.240011300119638
73,403.1589991025359,4863.073627265321,2437.602164924184,2.146977326464582,4.6942810846808865,2.240011300119638
73,509.55717084107846,4866.835089617236,34716.91997463982,2.026150513560389,4.397840635618761,2.240011300119638
73,521.930963665047,4867.2709468075045,7536.0634433026535,2.363414983532902,5.125642745243281,2.240011300119638
73,568.5888009982427,4868.911430391757,1305.5887967146655,2.187402206759979,4.728487855239481,2.240011300119638
73,589.1221135292991,4869.631870564555,892.5079904992227,2.0097862312410424,4.338485090704165,2.240011300119638
73,606.4877328061399,4870.240445086032,4043.8363757904435,2.0497772623909714,4.419556881828523,2.240011300119638
73,675.4085098645594,4872.6492013471725,3803.260932305739,2.0817440658147257,4.466722037331781,2.240011300119638
73,722.2558331636474,4874.280481243016,23483.909837620515,2.1752966035720207,4.651876276246655,2.240011300119638
73,763.8649633612899,4875.725248325548,7780.399113472767,2.111243735123039,4.50132678516384,2.240011300119638
73,840.1046544671577,4878.362354676765,3480.421618993838,2.1916804081105754,4.647172703388717,2.240011300119638
73,890.430897817519,4880.095896224785,45736.3039494409,2.232055745453888,4.715483173661903,2.240011300119638
73,953.0627830485772,4882.245221547669,743.6488235591244,3.003898305274514,6.316579908485567,2.240011300119638
73,981.4945477828032,4883.217925033783,998.7368841885486,2.20458159348566,4.6261079207670495,2.240011300119638
73,1089.819179443134,4886.906682730523,684.9839483109655,2.424925637874562,5.046748326442481,2.240011300119638
73,1193.426719093555,4890.40897633376,28182.893856532704,2.5475428280629107,5.26002328810087,2.240011300119638
73,1206.6897817937281,4890.855470326802,1654.957043601129,2.258582599610566,4.6583102198299535,2.240011300119638
73,1217.5449566847406,4891.220590678782,2158.5717350541468,2.322626317459332,4.786286099141189,2.240011300119638
73,1235.3889247052514,4891.8201692997745,2049.5282557274427,2.3815525330713165,4.901187254849218,2.240011300119638
73,1304.212385102057,4894.125533105705,2198.8060057999487,2.352393049983586,4.8148720366176425,2.240011300119638
73,1324.8143459296145,4894.813400865178,1519.1832846910945,2.3225878802275832,4.745921447523154,2.240011300119638
73,1391.3771770576275,4897.028749761352,468.5619523146381,2.328390929911763,4.73261925810986,2.240011300119638
73,1459.9092433361081,4899.298251694524,128.8772286107732,2.16701084693658,4.379928925153292,2.240011300119638
73,1475.909994648455,4899.826454959478,1790.7937924785717,2.447001119657576,4.939347893680855,2.240011300119638
73,1486.4464000941543,4900.173925510247,2326.7666370641327,2.2670334575976328,4.572312096655727,2.240011300119638
73,1528.0644806832809,4901.543699586035,434.15893663097086,2.1780815110891774,4.377666236043364,2.240011300119638
73,1585.2808253747664,4903.419754030418,4687.024165655019,2.627545877658434,5.2559316322970355,2.240011300119638
73,1668.1618066566907,4906.122599700773,7800.297868756666,2.4080925378752798,4.783174330385445,2.240011300119638
73,1855.5177567108947,4912.1672255526,1924.3160369050684,2.2032971345848007,4.30521539621955,2.240011300119638
73,1866.1352069434856,4912.507025369723,1142.2622368815823,2.08607498854529,4.072536264828715,2.240011300119638
73,1894.5457800298238,4913.414806821923,218.57816101875397,2.011152263226473,3.916099083363812,2.240011300119638
73,1909.7554896720098,4913.8999110245,18488.694298973063,2.158275483186924,4.196915839259779,2.240011300119638
73,2000.661096906721,4916.786399575827,203.52452016265786,2.2870949882741463,4.410782047467391,2.240011300119638
72,23.379625116112415,4916.795332691577,141.3332316397369,2.1267293015336644,4.764872124178117,2.265548127002197
72,80.4767560196507,4918.89015847412,452.2409661784924,3.201823534704616,7.148835129538186,2.265548127002197
72,192.70147390987628,4922.988733430922,12388.759509153899,2.1114027576492873,4.681151451848575,2.265548127002197
72,229.31774404641425,4924.320491953493,3986.896138604971,2.135078414437992,4.72280342315078,2.265548127002197
72,270.0193791733039,4925.797599126345,7489.454765613233,2.061874934186582,4.548853308966629,2.265548127002197
72,297.6747197582739,4926.799277225086,1569.468329568947,2.0990566793609977,4.6224609655395446,2.265548127002197
72,399.07154367205095,4930.458079159926,1035.4438559579776,2.1620642607640685,4.7295083123483215,2.265548127002197
72,407.16933435609474,4930.749334023638,569.5390520998616,1.9626049718528622,4.290887780210086,2.265548127002197
72,424.16468181964655,4931.360149818891,3607.662683892755,2.10201289342936,4.590422393250306,2.265548127002197
72,463.11176096630044,4932.757555854834,103.64659831475197,2.2432610183574644,4.885948541187832,2.265548127002197
72,514.2457631351086,4934.587196606947,12359.072623801929,2.1748209079369,4.720352526671363,2.265548127002197
72,532.209226550925,4935.228587272658,12115.147680636202,2.0280468956460074,4.396313689059375,2.265548127002197
72,614.3560662413015,4938.152522158031,6203.30394849378,2.0397773006201505,4.396464869875965,2.265548127002197
72,644.1346393489795,4939.208723847421,7284.1181476222255,2.0925820935925246,4.50070892294375,2.265548127002197
72,695.4197836223882,4941.023021333212,22177.788371068254,2.0270996138349764,4.344017557998392,2.265548127002197
72,745.7258158016031,4942.796845513084,521.9111916581877,1.9906102689799896,4.250145100229013,2.265548127002197
72,759.0441133055937,4943.265483675689,297.48318319800734,2.6114925664597375,5.570524137094354,2.265548127002197
72,861.0424548010524,4946.840910220267,36200.109840287434,2.2247987954090838,4.710234247500175,2.265548127002197
72,872.5150346813033,4947.2415472204175,623.0271421835992,2.1201929403572874,4.484767921791784,2.265548127002197
72,895.5841848438331,4948.046214923314,4001.143988439935,2.191493032979067,4.6276467781045545,2.265548127002197
72,974.2426703115211,4950.780420752012,421.4725857226626,2.350306549997554,4.933974509566536,2.265548127002197
72,1009.7114098164482,4952.0085178396475,19373.192592367068,2.2351097258928547,4.679330580451854,2.265548127002197
72,1031.7338494617195,4952.769525830925,93.4505022672081,1.9777765715634072,4.133642228655655,2.265548127002197
72,1044.3886198988853,4953.206298095423,165.97068069638752,2.6037953403807164,5.437053865248568,2.265548127002197
72,1069.5128360727158,4954.0723054281225,725.0588184945613,2.1349120710863807,4.44907696011645,2.265548127002197
72,1140.1602047160516,4956.499286102368,517.739843325658,2.894529816247336,5.9995194492951915,2.265548127002197
72,1188.7959332128737,4958.1630537193,828.782052585691,3.0152123535060893,6.225804893569302,2.265548127002197
72,1227.4397366427506,4959.48089747751,687.6321612421652,2.290285915237013,4.714886368017681,2.265548127002197
72,1245.8432660288693,4960.10721666346,3025.6712625386986,2.3311719518386367,4.791872146745264,2.265548127002197
72,1297.8299578292986,4961.871966182997,3731.8949419361866,2.7061036716870293,5.539699001481553,2.265548127002197
72,1324.098052562978,4962.761138831285,144.5519058357672,2.15145853203251,4.395168775508883,2.265548127002197
72,1344.3777832673302,4963.44644146006,201.7481279021786,2.472821284745992,5.043611502121286,2.265548127002197
72,1395.0278055216324,4965.1535917733645,562.9395347099232,2.500054662699039,5.078340164077595,2.265548127002197
72,1405.3607195172185,4965.501080248025,5420.162224040117,2.2500824098945826,4.566895583140514,2.265548127002197
72,1434.0592606911475,4966.46480278525,73214.87497009106,2.488931698612055,5.039871105086705,2.265548127002197
72,1453.446702936226,4967.1146920305755,4357.295290460057,2.2924158696413546,4.634813382797043,2.265548127002197
72,1493.2224264506212,4968.445092803057,712.3512088045558,2.2305942770747174,4.495203795955185,2.265548127002197
72,1510.9021870593183,4969.035172312326,148.7978723983814,2.32700290031921,4.682623515351666,2.265548127002197
72,1543.9824869495994,4970.137165308919,12567.452868152723,2.216542896415577,4.448345387443439,2.265548127002197
72,1555.1753953962457,4970.509412030105,473.4342447939168,2.265053365469973,4.541611175382641,2.265548127002197
72,1582.8058008490334,4971.426986470056,4447.478900416647,2.794669554634605,5.590687197267157,2.265548127002197
72,1646.9582047099718,4973.550047712301,6463.990654564518,2.404828027027105,4.785536032453714,2.265548127002197
72,1674.2243204510805,4974.449270282109,191.1578292372469,2.59093064102554,5.144381154599133,2.265548127002197
72,1684.5509320456583,4974.789349866299,3247.822601881427,2.5287317654132333,5.0163128827796175,2.265548127002197
72,1762.1057327511667,4977.334860177739,2612.2712912710463,2.242331149321598,4.419807767538221,2.265548127002197
72,1781.8351643978888,4977.9800114372065,1625.8039467166384,2.1550101061152174,4.240613447178738,2.265548127002197
72,1872.9121670997833,4980.945547985451,253.75037901368907,2.240960102058634,4.376286423156573,2.265548127002197
72,1892.3045310231676,4981.574287000627,2887.9081040963815,2.1949274329631234,4.2795566509633245,2.265548127002197
72,1916.0000295107322,4982.341260470844,5323.972625932904,2.219201051034837,4.318160937723306,2.265548127002197
72,1925.1416038498508,4982.636776844039,133.29010971718097,2.5041381271055716,4.86890717779157,2.265548127002197
72,1963.5769536829112,4983.876967667399,5570.152722312742,2.2389385763360283,4.338984818281307,2.265548127002197
71,43.117154606640156,4986.763939044374,10237.969065057376,2.1483576668833835,4.812326134867138,2.2218231463035996
71,58.576875245411756,4987.339709594048,274.95198215348125,2.290733636755246,5.125859996715095,2.2218231463035996
71,90.83126229550005,4988.539299851197,2426.899552626893,2.262004541349658,5.050926689304593,2.2218231463035996
71,149.1704192517481,4990.703280532953,3485.5181049359803,2.1569631116034387,4.797951464818178,2.2218231463035996
71,225.41875173551512,4993.5203837195895,339.7385588695775,1.9136748657807694,4.235317441790399,2.2218231463035996
71,239.1537875852586,4994.026493195516,339.7399491439805,2.463981621711503,5.448149280469968,2.2218231463035996
71,302.185372691878,4996.343776427998,114.60111211827171,3.3264651418515903,7.324172833764832,2.2218231463035996
71,438.72929107120825,5001.3335994721765,2916.0266633492897,2.094617514858762,4.569209490195976,2.2218231463035996
71,498.15652185683496,5003.492353940301,36100.10488330499,2.07843115664631,4.5155519025238,2.2218231463035996
71,511.14436290984105,5003.963098961245,246.29504989128205,1.9723454894664454,4.281227104887845,2.2218231463035996
71,520.1738778086116,5004.290151354728,131.17844516859435,2.172225929995844,4.712158810102798,2.2218231463035996
71,539.6009833317397,5004.9931877605795,1930.4508078418792,1.9253779978630678,4.170892033272635,2.2218231463035996
71,644.4735365784934,5008.7736616202665,257.4167971775394,1.9875582366778755,4.274394769478606,2.2218231463035996
71,667.1036443439185,5009.5861671083085,991.083855076495,2.038457496466109,4.376746511661192,2.2218231463035996
71,699.1020975139444,5010.733037587564,18412.67054641986,2.251317947253641,4.822824931175812,2.2218231463035996
71,716.5554775274101,5011.357604584743,764.6711614488942,2.4187568734915463,5.1748838996186075,2.2218231463035996
71,729.3471809949593,5011.814910711443,299.8505151160753,2.0932096238276148,4.474550239377448,2.2218231463035996
71,744.375244721109,5012.351687010295,342.50376356889626,2.1964199217634843,4.690146140730979,2.2218231463035996
71,759.0413325448433,5012.875033373786,368.41859210834895,2.1275829536134774,4.538273963598675,2.2218231463035996
71,806.4883614938883,5014.564736306355,118.29414726745128,1.966317383343112,4.180110343158465,2.2218231463035996
71,818.9114604644142,5015.006291915721,236.37397004573114,2.5861687716427233,5.49265518624797,2.2218231463035996
71,883.250581788468,5017.287354639549,10572.734747896458,2.2068681896354523,4.6652695549167,2.2218231463035996
71,901.5415626961742,5017.934071664625,817.4033468474303,2.2041277274795883,4.652983784063649,2.2218231463035996
71,980.7166705304847,5020.72439108514,3949.9705791781757,2.2628004661822736,4.748986002891357,2.2218231463035996
71,994.4185264709321,5021.2057706189335,10954.603947980391,2.228646844946772,4.672769415044034,2.2218231463035996
71,1015.3286044901746,5021.939531197527,2885.246474759266,2.35871131115753,4.937700879568002,2.2218231463035996
71,1035.692489300288,5022.653122054449,389.8652475374914,2.2394478757977185,4.680638759523469,2.2218231463035996
71,1087.129599358238,5024.451152212105,717.348853796074,2.4791983941735465,5.161766273047591,2.2218231463035996
71,1106.0310104478488,5025.110266603458,1012.2383820355462,2.109556137306827,4.385802420238797,2.2218231463035996
71,1167.8974150227768,5027.261560425525,860.727808019116,2.1735128939062305,4.4972889934479845,2.2218231463035996
71,1199.5506415539583,5028.358633373812,301.82120486827057,2.4872106782732675,5.133609842134162,2.2218231463035996
71,1219.9072147357663,5029.062875038842,165.87985841645096,2.5822897590694165,5.321544596653885,2.2218231463035996
71,1247.991258956506,5030.03277351068,35813.40872765055,3.0295123940446973,6.229484811814517,2.2218231463035996
71,1259.0205236112406,5030.413141818961,620.5186434082452,2.185615462461296,4.490317890333062,2.2218231463035996
71,1284.6358022302009,5031.295375269395,6984.066671100554,2.231064489114032,4.574283484526496,2.2218231463035996
71,1384.394059356641,5034.7155724944805,562.892850746605,2.208429146272118,4.492107398428633,2.2218231463035996
71,1401.669302210731,5035.305301469882,160.41661738858383,2.385662299083432,4.845529691586572,2.2218231463035996
71,1412.9647455384395,5035.690486724067,234.30839962607678,2.3818257974106434,4.833406827680172,2.2218231463035996
71,1484.874295823967,5038.135018526191,336.7781962222111,2.173690910104871,4.385016039489271,2.2218231463035996
71,1501.1703987633816,5038.687148040587,673.1254127246023,2.175927840556626,4.3837014135313295,2.2218231463035996
71,1558.8966085777317,5040.6374285627735,28100.78282332435,2.2560497556807246,4.523093308847887,2.2218231463035996
71,1567.6763762122177,5040.933291165281,1322.2502285325725,2.019203120944342,4.045171334806775,2.2218231463035996
71,1615.1745660124363,5042.530384554373,1050.5794208584302,2.158023506402706,4.306042409496369,2.2218231463035996
71,1686.671861667955,5044.923159951957,536.4797791045474,2.251172056916306,4.464104964467997,2.2218231463035996
71,1722.8725423589567,5046.129458816507,47153.90225291476,2.2391161842956233,4.42624999762683,2.2218231463035996
71,1738.7421324082193,5046.657159053445,4955.543314562865,2.190439708076218,4.323936833005262,2.2218231463035996
71,1780.616104316942,5048.046282525611,397.32681595511673,2.1587770377416104,4.245602732147141,2.2218231463035996
71,1792.8692251648931,5048.45186213983,10175.62147834735,2.1806788319026706,4.284086389799557,2.2218231463035996
71,1804.5210807135716,5048.837157900351,2183.195806316528,2.149930969118345,4.219145808718928,2.2218231463035996
71,1906.4415204893262,5052.191403171916,10653.031162173611,2.1355774012805218,4.152699802732979,2.2218231463035996
71,1923.5339862067972,5052.751087592532,539.6485257992973,2.107171334152625,4.090662606858507,2.2218231463035996
71,1940.1932704190906,5053.295796562862,3466.4740653802282,2.2508927633563216,4.36319310921596,2.2218231463035996
71,1983.9850733740934,5054.723912296382,227.81941018804457,2.0447189678547453,3.947274574256668,2.2218231463035996
70,10.460336313597258,5056.751431444568,21946.864690512644,2.1179405934382314,4.75421883465249,2.214493950584995
70,80.42152954879104,5059.3950984308285,1594.3176504178966,2.103136603741973,4.69993608509628,2.214493950584995
70,166.48902098543365,5062.632987745311,2793.511345075649,2.1148459753370314,4.699855723040822,2.214493950584995
70,178.07275530160223,5063.067548800727,1646.041485122572,2.0741599685656786,4.605826034316426,2.214493950584995
70,188.26804775843,5063.449781000941,14358.291995160927,2.2619748110279057,5.019595608046682,2.214493950584995
70,212.16970452636838,5064.344991187402,690.1280417118655,2.0003779270177575,4.4320899040138,2.214493950584995
70,227.70877520228697,5064.926320061375,1820.9944749644496,2.150968662404581,4.76071994883862,2.214493950584995
70,240.81282069313679,5065.416141560629,1381.1472132744632,2.372499849196895,5.246524212858651,2.214493950584995
70,256.8087156595912,5066.013547399771,11157.370689494803,2.0458137345316896,4.519300522014925,2.214493950584995
70,297.96105340712575,5067.547890235143,2363.05318920576,2.1811805624687097,4.805195069304593,2.214493950584995
70,315.30944783244416,5068.193592778402,1200.6639727554516,2.2631578588395524,4.980122688994396,2.214493950584995
70,324.88093905468025,5068.549555289369,1077.5035452323914,2.0316715545001305,4.467733691859043,2.214493950584995
70,370.38943998116326,5070.23921715904,501.40508701796085,1.9029070104202976,4.171896201147919,2.214493950584995
70,384.077542194196,5070.746530108033,478.60554115115264,2.081757982128653,4.559676187259024,2.214493950584995
70,449.5213389360675,5073.166203561187,902.235422006521,1.9959717724554713,4.352123079452564,2.214493950584995
70,509.93339916324,5075.391226952349,114.43295969422104,2.0186321790434607,4.3833367281460704,2.214493950584995
70,528.1288563329133,5076.059748622504,506.66788113642946,2.0348733704072486,4.413077413760674,2.214493950584995
70,550.5104714048279,5076.881033662803,2444.2631037281967,2.0161604315627066,4.3654826406280165,2.214493950584995
70,581.2533177210454,5078.0072533508965,133.48419968438407,1.97680716342179,4.271280661782744,2.214493950584995
70,651.0027380271272,5080.554315976308,1121.6386704418142,2.0483999217420163,4.404112867784842,2.214493950584995
70,672.6199304633528,5081.341420395009,555.2335531012343,2.292460635641134,4.92112427397501,2.214493950584995
70,686.7900095678457,5081.85677517627,202.78619870060143,2.1780759865182953,4.670900099404789,2.214493950584995
70,845.4551191817496,5087.594957475653,242.748731963151,2.128297464015404,4.512082748786596,2.214493950584995
70,904.4001615079889,5089.711437929076,573.0902629132196,2.3158695687348625,4.888353193360917,2.214493950584995
70,930.3229317984734,5090.639569862973,607.6093288868738,2.1807506931728877,4.594229203141008,2.214493950584995
70,1067.7139320861654,5095.531377332042,8061.597287127989,2.031192223612268,4.234724825690303,2.214493950584995
70,1094.5359783202812,5096.480972388192,8006.0037655232845,2.2259179782973444,4.631095986643614,2.214493950584995
70,1117.0941736631557,5097.278234620234,315.1294878384627,2.2927080815275325,4.761977188122407,2.214493950584995
70,1134.8886232668683,5097.906243525888,14245.336981038608,2.261213578669276,4.690031961370813,2.214493950584995
70,1179.1538741372935,5099.46505108552,24184.84593411511,2.3149042163602878,4.785001194410724,2.214493950584995
70,1252.6318923881993,5102.041759698849,16172.994034156365,2.3561129982255746,4.841965984392941,2.214493950584995
70,1267.1990422776978,5102.550982415347,2979.702105428978,2.2707664559957883,4.661407334928372,2.214493950584995
70,1286.3089696240213,5103.218192712976,109.23759743865067,2.1238489138196783,4.35324904467532,2.214493950584995
70,1416.6758249001875,5107.745058539864,195.76392860989893,2.2074571625182418,4.4772312372258805,2.214493950584995
70,1426.6629974470882,5108.090057711142,155.40644429781125,2.0743242004735127,4.203785695351214,2.214493950584995
70,1443.1850066910526,5108.660233166698,484.950278574779,2.2164859971643955,4.486032041548692,2.214493950584995
70,1515.7839045755113,5111.157249572368,568.2782480566951,2.19826222570498,4.422543672653591,2.214493950584995
70,1622.6191272092667,5114.80680652118,5960.661902104545,2.2200668053502857,4.426712640993527,2.214493950584995
70,1642.8328069609775,5115.493942073584,172.75965909997802,1.911715449264737,3.8054487547217537,2.214493950584995
70,1671.6268148303845,5116.470887061921,37374.26716707679,2.1886487453973897,4.346021496008517,2.214493950584995
70,1708.5849705231742,5117.7216068843745,294.14169076018464,2.1410746497380884,4.238173898234955,2.214493950584995
70,1765.103677979824,5119.62724201593,1099.1824340959595,2.502976031857689,4.930776608575748,2.214493950584995
70,1893.393201299941,5123.920891560285,1153.1875036486342,2.526449423693043,4.921755762227886,2.214493950584995
69,7.60214372742574,5129.917719172687,2103.8073048864367,2.2186766669795897,4.97907534521065,2.2629215720157245
69,42.91215025430564,5131.272365762283,449.59762579349575,2.100277356688805,4.702943291582367,2.2629215720157245
69,53.1153739088242,5131.663308498793,219.61898301040767,1.9751002507318307,4.41983888934168,2.2629215720157245
69,75.01486112148798,5132.50164510603,2038.1895325075836,2.2065118847211207,4.930774584026034,2.2629215720157245
69,128.46064169821176,5134.543261351256,252.61535405861133,2.3156096377713014,5.157022553868371,2.2629215720157245
69,171.37584040105222,5136.178122279676,5178.958171319256,2.1106927269840456,4.687614703178452,2.2629215720157245
69,207.45859445622202,5137.549585377056,177.749630241292,2.0900989255600475,4.6310181031522015,2.2629215720157245
69,243.18254708440003,5138.904592165795,1575.264239428042,2.067054792940106,4.56917712123844,2.2629215720157245
69,329.33976826653424,5142.160900390883,6632.523067567064,2.639764704698773,5.802026506332569,2.2629215720157245
69,343.5119676874066,5142.694953007433,123.10708094852433,1.8884213300956878,4.146469589379074,2.2629215720157245
69,357.3106852261464,5143.214499098147,14675.129442350259,2.2455226910438966,4.926281110184229,2.2629215720157245
69,396.74466325982985,5144.696897197956,30804.197228167628,2.083457979108982,4.558463145357003,2.2629215720157245
69,414.0672487225777,5145.346976721086,6721.1751902236065,2.078810216310231,4.543072056308049,2.2629215720157245
69,471.20346195963833,5147.486348251442,462.89939963144496,1.9769331793852603,4.303709205473537,2.2629215720157245
69,499.1515603287135,5148.530107061058,552.7923289090954,2.490464830234048,5.4112539834389946,2.2629215720157245
69,528.9847624220147,5149.642290779563,9142.964972483856,2.04338006842322,4.430666640085901,2.2629215720157245
69,555.7573250873231,5150.638628208773,622.6817800948502,1.9461849514385914,4.212036070818748,2.2629215720157245
69,571.9166022354144,5151.239192131764,214.07449606680132,1.9848639427472807,4.290972202894381,2.2629215720157245
69,596.3015247038217,5152.144317779819,670.4584186575056,2.133136519960331,4.603800376634598,2.2629215720157245
69,654.4139228840944,5154.295763536816,163.86068721447103,1.9948867960451369,4.287911765969371,2.2629215720157245
69,672.1619597800596,5154.951257935055,825.5644557893111,2.0348952137488494,4.368340324306504,2.2629215720157245
69,691.8556597675026,5155.677744822806,28157.11320524614,2.0904034830495255,4.481132486707888,2.2629215720157245
69,709.6362159458585,5156.33287125347,2912.5365450192908,2.044796096363892,4.377747190343001,2.2629215720157245
69,810.6067251058287,5160.038905307976,90698.4062461758,2.1536001093350894,4.577267247132701,2.2629215720157245
69,867.9430116934419,5162.132514853832,31193.541430953785,2.297599709486185,4.86302533177388,2.2629215720157245
69,891.0903409739553,5162.975478873604,7221.745085851398,2.1597243281533713,4.563469214270998,2.2629215720157245
69,911.6164206742872,5163.7218955848375,14391.242417276428,2.304455171653802,4.861730925321814,2.2629215720157245
69,1021.8721822034965,5167.713635871735,484.62633041076396,2.2839590825556884,4.778993648601352,2.2629215720157245
69,1095.3486234854577,5170.357128752847,2247.07976323198,2.3481130056684543,4.8860069357323015,2.2629215720157245
69,1131.7461045394577,5171.661623877036,3691.5931106003673,2.2917045567679604,4.755081384019482,2.2629215720157245
69,1207.2070516255435,5174.355531275725,1292.052349590075,2.2061931491330147,4.551046361198106,2.2629215720157245
69,1275.0556704512107,5176.765329155788,4229.176509126726,2.3047521680929757,4.728955565491873,2.2629215720157245
69,1291.5810540164525,5177.350480136638,1327.7212462242876,2.139015444732435,4.382970034468328,2.2629215720157245
69,1321.3441548028072,5178.402595132926,18853.433158773194,2.256082028447596,4.612163367457865,2.2629215720157245
69,1383.3108595229419,5180.585739594616,163.93792348327693,1.9902149515585483,4.048393577686272,2.2629215720157245
69,1428.2288468964719,5182.161987562464,393.82286540488826,2.1993947477229376,4.457555228727788,2.2629215720157245
69,1464.7034948316502,5183.438050236016,381.74148567199103,2.501620296890311,5.054728548998362,2.2629215720157245
69,1479.9271852302597,5183.969612875031,3727.6863076335994,2.2492422252868196,4.539165380534363,2.2629215720157245
69,1521.9015278287309,5185.432044183313,8501.883086076787,2.187165728596172,4.398558950215026,2.2629215720157245
69,1543.1980589067555,5186.172247782278,2189.9632925272863,2.4706247755286674,4.959927429785345,2.2629215720157245
69,1591.7765742069384,5187.856157067763,1950.8098557634378,2.203678992504692,4.405861504224081,2.2629215720157245
69,1648.394144991962,5189.810724692763,2690.230212720544,2.229772998862889,4.43691152145629,2.2629215720157245
69,1686.5040432659816,5191.121480104251,963.0793658925273,2.150536186232777,4.2649799913640125,2.2629215720157245
69,1721.3770423522649,5192.317439830177,14389.393358132167,2.1443953189730256,4.240351921992202,2.2629215720157245
69,1826.4797454546733,5195.901704577064,5127.454514406588,2.208230365482041,4.32667684029655,2.2629215720157245
69,1866.5302447314882,5197.259474637968,19387.376944218562,2.135758910599092,4.169485899440962,2.2629215720157245
69,1908.600458591586,5198.680888026098,546.177754978032,2.173045829769217,4.226366970772563,2.2629215720157245
69,1955.4406031706521,5200.257606064092,9022.1853674601,2.632731031591179,5.099192231616416,2.2629215720157245
68,6.102926269227083,5205.28828207924,1297.7127334928705,2.226474723361895,4.9965768064028016,2.2713082526131165
68,39.935492282315025,5206.605349706094,1493.398606517207,2.150172130209658,4.8151120234485925,2.2713082526131165
68,55.99470138274605,5207.229659912756,1994.1623968487431,2.253593061096925,5.0416493616779166,2.2713082526131165
68,157.8823528536123,5211.177590494497,4427.720339239705,2.14981173734124,4.778405813723512,2.2713082526131165
68,196.90472902539375,5212.683614939009,26783.205253811262,2.156014729363161,4.780157787776921,2.2713082526131165
68,205.97174567250258,5213.033065200184,402.90694656526944,2.0082138197510315,4.4498685893355105,2.2713082526131165
68,273.0684191221594,5215.613347750206,911.1507605199938,2.0906519623047877,4.6123123049242505,2.2713082526131165
68,387.2026389512604,5219.979270190868,10342.167838974497,2.0591398688362506,4.508473934163847,2.2713082526131165
68,402.5226576456502,5220.563044976355,13869.004267586492,1.9902086633280252,4.352853659520398,2.2713082526131165
68,424.9041029538508,5221.414930614674,350.20433078537593,2.0400424958382604,4.45521200142389,2.2713082526131165
68,459.54046850739854,5222.730990181405,5617.097620222911,2.307311335032571,5.026912820432331,2.2713082526131165
68,474.94003162027974,5223.315228631817,364.12114913301644,2.2714135222456484,4.943630796308691,2.2713082526131165
68,485.50782075721287,5223.715837434066,122.92560593318149,1.9297989171756567,4.196956518562206,2.2713082526131165
68,534.6515857694556,5225.575385493318,1151.9855560929234,1.9900393515866808,4.313373167027917,2.2713082526131165
68,559.8880992926456,5226.528111774123,175.65200034691225,2.0725711014971324,4.484467836435381,2.2713082526131165
68,573.2990973482845,5227.033792718998,410.7931472983951,2.344214831056657,5.067636049156195,2.2713082526131165
68,598.4387615075335,5227.980576528105,310.0947572969845,2.051678778017822,4.427493463051344,2.2713082526131165
68,643.689753455773,5229.680997128803,2117.142943337586,2.026345591958433,4.358681604641923,2.2713082526131165
68,664.2559624275369,5230.452212509661,623.4479851811138,2.004872710946223,4.306385058634659,2.2713082526131165
68,745.0818258637205,5233.473279802893,1659.76915441128,2.173804205974061,4.642259604236902,2.2713082526131165
68,777.5550091989181,5234.682600147624,20607.34944925674,2.0169900331748742,4.297107727608432,2.2713082526131165
68,903.8726104522461,5239.3622166538435,1952.2408426459874,2.202195326701471,4.648488927583913,2.2713082526131165
68,928.5559021759047,5240.272046051979,9529.635006282328,2.1119515435137486,4.449711513431167,2.2713082526131165
68,948.6126130314404,5241.010223072718,9184.466720374778,2.1535038399558033,4.530482440953095,2.2713082526131165
68,966.1670105420691,5241.655480195914,27753.12391756216,2.2068762751743223,4.636851512758491,2.2713082526131165
68,1107.9765165909644,5246.839625826806,514.3166725796476,2.5096092122606506,5.216272242605266,2.2713082526131165
68,1158.0102832200419,5248.656526603998,1592.4430185925958,2.164604463474714,4.481799344417405,2.2713082526131165
68,1223.0499232761451,5251.008730397859,441.705271676996,2.4289546957992636,5.003646504029217,2.2713082526131165
68,1259.7472489588572,5252.331087975101,1807.524855241724,2.1546665889841075,4.425679070235745,2.2713082526131165
68,1313.3242136345452,5254.255395639479,3324.259513476839,2.6690229078505983,5.459117600422973,2.2713082526131165
68,1331.5034155208125,5254.906627334851,2138.278300561574,1.5146151630813651,3.093231476616975,2.2713082526131165
68,1391.0333198415037,5257.033081732378,276.59253982384934,2.364278930020497,4.805575983989738,2.2713082526131165
68,1401.4874309087932,5257.405545389155,275.9251789648778,3.029707909158551,6.153124405572936,2.2713082526131165
68,1418.9114356889372,5258.02569325496,369.0961015695633,2.3531648853016325,4.772132941663747,2.2713082526131165
68,1469.5081564444756,5259.821940167778,45687.23115340507,2.21582156704287,4.474926014327095,2.2713082526131165
68,1509.5278866428507,5261.237855552769,782.8160864163003,2.0574101449031454,4.141351112829573,2.2713082526131165
68,1518.8241686117435,5261.56614852036,6436.046134335459,2.1884701055614784,4.401885406099074,2.2713082526131165
68,1636.3776995047856,5265.697396531322,865.4267424027586,2.26981214769943,4.521093551299072,2.2713082526131165
68,1707.3672279332843,5268.174057042042,21740.921342750604,2.1462849536113806,4.2493702216518185,2.2713082526131165
68,1720.455637167715,5268.629176967031,485.7706687572047,2.1320393307392322,4.216479634910601,2.2713082526131165
68,1743.5677286758364,5269.431699700285,212.7440176803401,2.4134262737725476,4.763164038709506,2.2713082526131165
68,1751.9294823893408,5269.721683955784,172.24212776764037,2.1118658677629645,4.165136937798488,2.2713082526131165
68,1879.1481648657018,5274.109763518341,1275.847629193997,2.122698697767117,4.140560559517706,2.2713082526131165
68,1922.2019107184635,5275.584596570639,5897.44668521697,2.2347876698415083,4.342721323529632,2.2713082526131165
68,1989.4203571023816,5277.876816333181,2511.6391900448048,2.2384207410120327,4.323956238769767,2.2713082526131165
68,2011.2072681423679,5278.617043102875,1317.6099612694297,2.507382316781496,4.833980194820551,2.2713082526131165
68,2021.5533798984225,5278.968090363544,15875.118534319243,2.2665559821393897,4.365379428540838,2.2713082526131165
67,9.47011176506593,5283.098501050252,466.4683957708288,2.4432186963448213,5.479730989407538,2.2053586619318595
67,143.03101825568754,5288.358491070335,787.7781955489372,2.348863307590683,5.225068010634918,2.2053586619318595
67,219.91078144889002,5291.368867860186,3620.446011198589,2.138730851669169,4.734588757584884,2.2053586619318595
67,269.1802553625138,5293.291288725928,1949.9918203422108,2.288017138786525,5.049182735586608,2.2053586619318595
67,320.4463351993013,5295.2858730683965,270.96006476565594,2.2808524908823,5.016725639132194,2.2053586619318595
67,335.4784933115253,5295.869601379832,3240.8048111596713,2.09400211597804,4.601225629850682,2.2053586619318595
67,353.29938285187666,5296.560958977445,426.84953172764034,2.0449635280723886,4.488153950340117,2.2053586619318595
67,366.9283720000796,5297.08920588932,1502.104796556527,2.1649411374900076,4.747081552503093,2.2053586619318595
67,384.05759294131315,5297.752517543279,4354.929311804287,2.1137760502270786,4.6296700794213885,2.2053586619318595
67,421.9164010930376,5299.2161749606275,6134.675201898133,2.111928838614783,4.613904586733718,2.2053586619318595
67,435.8652881944276,5299.754619419605,6465.395334287196,2.0441932844291366,4.46172479325147,2.2053586619318595
67,456.54203104518666,5300.551938002836,183.3334416599341,2.253515772801025,4.911634555128918,2.2053586619318595
67,494.0789279361985,5301.996858775449,3673.1957823829002,2.0392901877391005,4.4335603767450396,2.2053586619318595
67,517.0256458830935,5302.878528812436,3937.7282446355475,2.0847427137723336,4.525248939587186,2.2053586619318595
67,559.9354498775022,5304.523895542024,2600.441014604239,2.0803403255133937,4.502320707916318,2.2053586619318595
67,601.2228485297723,5306.1029188661805,1098.2131496981365,2.143122219485347,4.624969774637114,2.2053586619318595
67,663.1570278007806,5308.4638971880595,1112.0262894505795,1.9639453603551802,4.219820961515099,2.2053586619318595
67,675.7652898458296,5308.94339684496,8224.430282890382,1.9946859814421174,4.281914395671987,2.2053586619318595
67,749.6466701165814,5311.745346962066,31309.431655564884,2.057912115027387,4.3942493963488145,2.2053586619318595
67,765.5424714094643,5312.346441298074,2423.280810865161,2.038274777162139,4.347276175668263,2.2053586619318595
67,795.6623931796646,5313.483700456063,40273.87369812249,2.0776138242557396,4.42151248618309,2.2053586619318595
67,809.6288383943504,5314.010276518681,16449.772136199274,2.0218591992578685,4.298453710590723,2.2053586619318595
67,819.5850629270439,5314.385358665584,8606.568361073785,1.9861963979647,4.219539952994053,2.2053586619318595
67,881.19932719057,5316.701038947039,715.393802035244,2.334578134503858,4.937356687898768,2.2053586619318595
67,942.0081344677827,5318.977055738529,5621.437346572886,2.1278030734082196,4.479568449145034,2.2053586619318595
67,1029.9643310304498,5322.252477488559,13133.470992235552,2.1516391311342615,4.499592774874317,2.2053586619318595
67,1044.6648462930495,5322.797971210858,485.9061536456278,2.130786171971265,4.450862641712012,2.2053586619318595
67,1087.4573878259826,5324.382690453262,787.1400006485893,2.124207063795781,4.422777246166581,2.2053586619318595
67,1134.2446333332528,5326.109883548308,326.03613968887555,2.8861311533271072,5.98725204906751,2.2053586619318595
67,1148.3091743817724,5326.627968060722,13411.878641603833,2.1825171105136647,4.522658595731764,2.2053586619318595
67,1179.1124260326362,5327.760826367848,3493.329578830835,2.270217295261481,4.692958348479937,2.2053586619318595
67,1198.1816120128585,5328.4608839566,20030.035836444924,2.2062241997592014,4.553844511854744,2.2053586619318595
67,1227.1509381291016,5329.522548599472,1778.5630324173862,2.2756645952982706,4.686399404604405,2.2053586619318595
67,1263.745216682929,5330.860464695585,8416.643134692004,2.31781655469616,4.759155716029126,2.2053586619318595
67,1283.016631603203,5331.563608075551,3127.91717818711,2.2615852989665903,4.6366378744567385,2.2053586619318595
67,1328.8313174638713,5333.231225353459,348.5769538695854,2.070226800288967,4.228629103244473,2.2053586619318595
67,1509.6370173642913,5339.757010836852,266.88250291683426,3.7759054959140093,7.598906421926934,2.2053586619318595
67,1519.9181378873377,5340.1254056864955,169.47639896551385,2.2306266615233046,4.485334453614901,2.2053586619318595
67,1556.350936327494,5341.428530417552,373.4265723726653,3.189282332401463,6.393708284134876,2.2053586619318595
67,1571.900031657138,5341.983575307326,766.1533525119258,2.256360789116317,4.517359355677568,2.2053586619318595
67,1658.614764280284,5345.066690880932,57679.17139795599,2.1824549032326948,4.337324054574031,2.2053586619318595
67,1685.3004994652858,5346.011287426344,274.0484024178631,2.5458749171924313,5.0483477494398175,2.2053586619318595
67,1737.8020202836428,5347.863878434345,4997.972724163711,2.1852668353531675,4.313593897156544,2.2053586619318595
67,1756.4618349556254,5348.52045598555,1073.657889068446,2.3491458351947228,4.6298795213037245,2.2053586619318595
67,1783.1543663054722,5349.457977959317,3289.3412600925462,2.2724883845741717,4.468332536248451,2.2053586619318595
67,1792.001364493266,5349.768268857944,488.4299763361889,2.6981834161093863,5.301219376465853,2.2053586619318595
67,1812.5898395257,5350.489513958121,759.9876835145868,2.013213259668212,3.9482097784327497,2.2053586619318595
67,1825.656507556538,5350.946638721489,2966.196549782334,2.225801918573688,4.3601790691117746,2.2053586619318595
67,1856.492227947887,5352.023483427799,115.21624722548073,3.544205918718923,6.92462898448256,2.2053586619318595
67,1873.3621729700922,5352.611476438608,2428.0057940715815,2.20368013240989,4.29910317087171,2.2053586619318595
67,1927.3986922201798,5354.489453912604,888.7065073600434,2.442032507599281,4.741454389264578,2.2053586619318595
67,1973.5465021565772,5356.086689856189,1160.6517749398658,2.158923848223275,4.174305650751275,2.2053586619318595
67,2003.524270052113,5357.121002736799,912.6907326041885,2.20109050505139,4.244451366912179,2.2053586619318595
67,2027.6685877098962,5357.952177118578,229.40576491383774,2.1422019284346976,4.122020895574371,2.2053586619318595
66,32.72544931432413,5364.065279132247,2142.070396858,2.2359198568635565,5.008884575280847,2.1561162739453072
66,58.45816521771223,5365.09600641346,510.04108320167325,2.259462305746236,5.053715984522103,2.1561162739453072
66,72.14890180577954,5365.643794459808,254.00538022566917,2.3059179984349996,5.153090857653591,2.1561162739453072
66,105.53322375838147,5366.977809363975,155.6617330277355,2.8209168410858974,6.290461006013856,2.1561162739453072
66,236.92758556834278,5372.203947900835,2159.464305130973,2.190075074220177,4.842844972646238,2.1561162739453072
66,247.34705320659774,5372.61670088101,114.86497685429138,1.9617665474395574,4.33517096991297,2.1561162739453072
66,354.4861263423042,5376.846377616281,24138.93396266177,2.043493537158205,4.4840656187927745,2.1561162739453072
66,365.09490332760555,5377.263746903385,4649.500526339872,2.098241927387955,4.600827195469245,2.1561162739453072
66,390.5067673774242,5378.262426861335,2789.6838354375413,2.356699328260927,5.158570158426349,2.1561162739453072
66,548.1620115703471,5384.4241262451305,21143.370071982026,2.0574077859178574,4.455552139371959,2.1561162739453072
66,576.6698396738271,5385.531960156264,16956.863431703776,1.9949888003783418,4.3116938833615785,2.1561162739453072
66,716.7575578819282,5390.947100763165,658.6662376825492,2.113366347112467,4.522657306043017,2.1561162739453072
66,743.1397765571136,5391.961508920092,45202.76185353861,2.270356567337944,4.849572901320805,2.1561162739453072
66,759.1554899808706,5392.5764761802275,4309.142126543778,2.0693826553848016,4.415196582007531,2.1561162739453072
66,812.8068051698601,5394.631895804435,545.5541624678176,2.859353902571455,6.076835425585655,2.1561162739453072
66,834.8487507430032,5395.474243673323,3887.2165308284702,2.2372287548926,4.74703416750732,2.1561162739453072
66,855.525764740114,5396.26331501481,23467.603942936723,2.05178603200858,4.346857030255288,2.1561162739453072
66,890.9011336496712,5397.610789757114,253.88322138768083,2.134568201345388,4.510584098204138,2.1561162739453072
66,917.724475073908,5398.630388083928,496.0586290000123,2.041054742313876,4.3043519596025295,2.1561162739453072
66,927.9763744610484,5399.019594089794,1595.9310070538243,2.4822059990759353,5.2307950465442055,2.1561162739453072
66,946.104869209322,5399.707169923113,729.071972051665,2.126932652708124,4.476104433673341,2.1561162739453072
66,983.5166235263906,5401.123449037825,960.8000694639996,2.014572735341576,4.227572739369352,2.1561162739453072
66,997.4241254412522,5401.649018360278,894.4311010513463,2.068253867891423,4.335969803350742,2.1561162739453072
66,1062.7329939915758,5404.110351312151,1629.3440700011283,2.382769916654743,4.970345135785749,2.1561162739453072
66,1078.5148588242935,5404.703463198528,1237.1944984484826,2.0485367405302104,4.2679175244179675,2.1561162739453072
66,1132.1172219004875,5406.713059388731,1265.535080782805,2.1572399698561493,4.4760623673989315,2.1561162739453072
66,1147.2417898852545,5407.27872168564,636.7641571968915,2.176594902861472,4.510967970302541,2.1561162739453072
66,1162.1887943990384,5407.837148396076,251.09438566387573,2.1496288954262113,4.449883413205214,2.1561162739453072
66,1173.4805239091224,5408.25861937541,390.2839231838246,2.1030245546176594,4.349674510515205,2.1561162739453072
66,1189.2822416064942,5408.8478598927,2061.564218380985,2.2761014270787983,4.70176018730113,2.1561162739453072
66,1197.5822609523966,5409.157098344392,16256.313754084082,2.1433149776357605,4.424338828864548,2.1561162739453072
66,1281.494358829569,5412.273104938119,19058.63416450822,2.0978585313426157,4.302164920400252,2.1561162739453072
66,1383.419838623737,5416.032439596406,637.7468447708018,2.163915295112773,4.401332725495797,2.1561162739453072
66,1464.230296999695,5418.992785416855,51022.76451773398,2.2502549440528323,4.546667287448472,2.1561162739453072
66,1485.0590773732763,5419.752886785975,446.10416994096505,2.195127094511856,4.427580891961291,2.1561162739453072
66,1509.2657797467675,5420.6347433601395,390.6722081498641,2.2135136718452912,4.455771539544775,2.1561162739453072
66,1628.5649741662057,5424.956882950623,2211.8780038600125,2.278830220293108,4.54111085269311,2.1561162739453072
66,1644.0589124958751,5425.515275066154,7531.3762489138235,2.1831906252361724,4.344960961578774,2.1561162739453072
66,1664.29223707671,5426.243444902448,106.22004262883962,2.3225973734011665,4.614497985846089,2.1561162739453072
66,1690.5688783802696,5427.18736576999,35634.81849345025,2.195858125118353,4.352575588361788,2.1561162739453072
66,1842.9590976583427,5432.622485950756,13401.778524698724,2.2572099540701083,4.415082968549868,2.1561162739453072
66,1904.607460975207,5434.802070128016,3359.532967809885,2.2321689604010437,4.342001230997322,2.1561162739453072
66,1929.0127895175876,5435.6618431748975,4516.695382731209,2.242566909806213,4.352813406885949,2.1561162739453072
66,1995.8231402759286,5438.006500770032,339.89578671398107,2.22118815106601,4.285168900751068,2.1561162739453072
66,2021.3425308761455,5438.898588190571,5787.247759085002,2.2370270987833383,4.305854366968152,2.1561162739453072
65,56.28749114543999,5447.539520268148,394.23436380231954,2.1487694735952707,4.8023754671079315,2.164920981117193
65,111.73463863413961,5449.787962090552,140.75934232882474,2.0947013952797064,4.665715764203437,2.164920981117193
65,141.5722218006888,5450.995158485714,6275.440111234205,2.1105493361582024,4.692391950182345,2.164920981117193
65,151.91372537850754,5451.413111704384,988.6468576924422,2.020405584653172,4.4892110418179225,2.164920981117193
65,195.44849328464687,5453.169996952347,6679.484204193624,2.2631250949259694,5.0151275296651905,2.164920981117193
65,209.47846915034816,5453.735296605574,8915.435839406402,2.106044941049465,4.6629527271427955,2.164920981117193
65,244.6572713504484,5455.150800924738,211.42314069651104,3.1519499009951404,6.962876253349019,2.164920981117193
65,261.3827022428391,5455.822815792738,1045.9686729198693,2.4249436191828795,5.351438831864811,2.164920981117193
65,293.78787407943486,5457.123032512604,276.94724425219414,2.1431391751439786,4.719596101027202,2.164920981117193
65,432.7718570079409,5462.672258441963,533.354844827078,2.0662247353249192,4.509118771745123,2.164920981117193
65,447.3695927023604,5463.252491925819,5318.43203133947,2.096531832774456,4.570995975756599,2.164920981117193
65,469.4574923158454,5464.129488871213,4756.533483631296,2.06560635005499,4.496949669167892,2.164920981117193
65,487.19728746502625,5464.833007100947,196.89604299815448,2.2173698180502477,4.82151177094819,2.164920981117193
65,498.65685524404756,5465.287067845675,142.92670228124393,2.039891054798883,4.432007841169542,2.164920981117193
65,509.6497244736449,5465.722341976349,9318.703359510131,2.0512084471289866,4.453281700952137,2.164920981117193
65,584.6353276690987,5468.683719897369,891.3629818549491,2.196140925641238,4.743553533025359,2.164920981117193
65,624.6208747388365,5470.257273115466,183.44754469102708,1.7995065358500533,3.876081328018431,2.164920981117193
65,633.8726098076996,5470.620799359823,361.33682082824674,2.4628749686177924,5.301628673640682,2.164920981117193
65,648.714683867635,5471.203545192601,88.47839323126779,2.558167879989052,5.500985677370051,2.164920981117193
65,692.2337871345015,5472.909101391713,273.66919597945554,2.071115826326733,4.440187482853368,2.164920981117193
65,744.3173557188139,5474.944107104825,3188.9272261909196,2.5440114316515072,5.433864341734747,2.164920981117193
65,781.3321830163304,5476.386205314237,18561.42598813048,2.0055443730493634,4.272350087016386,2.164920981117193
65,823.1060522253348,5478.009546745824,105.93644852900364,2.1471393941632573,4.5600740118486405,2.164920981117193
65,837.7009423584666,5478.575658769586,595.0004515276983,2.0189122902663743,4.283055015011951,2.164920981117193
65,850.5938967314167,5479.075302035145,257.23883484094546,2.0074906269114834,4.254773088172322,2.164920981117193
65,881.3913744471481,5480.267074937536,194.97827163990098,1.916022797724206,4.051960919050072,2.164920981117193
65,889.9639582910881,5480.598374462756,3428.3763888779204,2.0995436160927423,4.43711587687649,2.164920981117193
65,905.7163319450309,5481.20665103562,258.47472391595545,2.051199431873804,4.329812792103167,2.164920981117193
65,937.0197374382338,5482.4135197502255,2383.0336250412174,2.178653390939022,4.588251764066519,2.164920981117193
65,952.3844117476385,5483.004954322072,483.4753164074555,2.1754414444278516,4.576349872998757,2.164920981117193
65,964.9522737113897,5483.488272777313,494.96534808496057,2.2130918352804754,4.651014608152133,2.164920981117193
65,1021.7841851922886,5485.668662754799,8562.882139056326,2.147640371222609,4.494062100225699,2.164920981117193
65,1032.6118216711768,5486.083105588713,321.82301297220863,2.320388949935231,4.851485393136867,2.164920981117193
65,1043.8420652329505,5486.51263100232,176.6310691706657,2.1369829164810032,4.4642714907329175,2.164920981117193
65,1083.8634676716515,5488.040612151849,284.83845572851345,2.6084275375310284,5.43245776000125,2.164920981117193
65,1094.6113721772151,5488.45022994234,145.5814585287439,2.069351463321831,4.3060954862366145,2.164920981117193
65,1139.3873252208905,5490.153374482612,18344.158846457674,2.0920748118495913,4.338561287134552,2.164920981117193
65,1193.5891260262695,5492.2078219458035,110.67864897547928,2.299272443295163,4.747769845899057,2.164920981117193
65,1245.510146102944,5494.168338668678,13342.204179255414,2.0925926193628452,4.303264950993501,2.164920981117193
65,1260.4114296213115,5494.729645180931,4546.636600212911,2.1714471890646183,4.460451444612533,2.164920981117193
65,1290.3527617857987,5495.855642984926,4514.724179388626,2.0724167045340867,4.246835700930888,2.164920981117193
65,1338.55472379171,5497.663173747594,10901.964406845225,2.053494195242978,4.191491585268269,2.164920981117193
65,1364.993737144662,5498.651880867488,174.1482694745119,2.260345926815664,4.603992393073408,2.164920981117193
65,1393.3980422520938,5499.71191368498,1071.2961786595574,2.430897810827905,4.940098827472199,2.164920981117193
65,1422.1583412375667,5500.782936779836,75123.83261860523,2.2150658209137166,4.4908039095047885,2.164920981117193
65,1432.683091507286,5501.174295448496,3481.2445359589397,2.196175210646836,4.448481346923198,2.164920981117193
65,1451.1219107208965,5501.859186223794,390.9017323456509,2.588964667052292,5.236326147006634,2.164920981117193
65,1476.6823031908025,5502.807017526777,1894.134209035489,2.086218789420246,4.210427651768699,2.164920981117193
65,1494.6027794093702,5503.470445993373,8255.69686119437,2.133624774259257,4.299669885099249,2.164920981117193
65,1530.3942305638184,5504.792749423918,241.5322587464905,2.240536556800031,4.501950286935817,2.164920981117193
65,1558.540322302023,5505.830041989486,13248.58427681737,2.1296804492980206,4.26880443614191,2.164920981117193
65,1575.5072011178056,5506.454246785677,206.66212537406454,2.485305116022318,4.974501104321755,2.164920981117193
65,1607.9528749684341,5507.645619756684,5101.3812870216225,2.420973941398035,4.832637130201727,2.164920981117193
65,1629.8502654310068,5508.447964874086,466.71243467326707,2.0467926059601544,4.078081166933112,2.164920981117193
65,1674.7036880421695,5510.0871391906185,1720.784597222628,2.2085522126152415,4.383482752653337,2.164920981117193
65,1714.109512687213,5511.522436873778,16141.466077439185,2.1846185818999526,4.321449376880791,2.164920981117193
65,1743.4152738584928,5512.586935660537,223.40728014470852,2.3609823765272324,4.658611083151484,2.164920981117193
65,1774.8208443423691,5513.724934467409,126.7155611673263,2.3864931334605357,4.695859080701907,2.164920981117193
65,1849.0645552582837,5516.403735672654,10184.5688155294,2.2201371929853253,4.340256323772717,2.164920981117193
65,1930.6084337832935,5519.327259407818,373.2466975673089,2.2091451492037004,4.287431976884899,2.164920981117193
64,31.321232910477462,5531.6109145743885,257.1250270514796,2.060830091639863,4.614916005895343,2.1677532037635086
64,46.373518334072166,5532.2325958699375,2253.105755280578,2.245309848381773,5.023348099813852,2.1677532037635086
64,174.62285642598272,5537.508581493341,621.0437290887488,2.1130785139673973,4.689269817935399,2.1677532037635086
64,202.89269024846342,5538.6664802360765,4464.635985809279,2.1324230380023903,4.723738399585117,2.1677532037635086
64,213.36847881387698,5539.095085488087,1440.8382517370376,2.06043902450217,4.561353059389567,2.1677532037635086
64,255.11108458138156,5540.8004012815445,30172.7264982022,2.1794425624509044,4.811755956212159,2.1677532037635086
64,270.9882407155465,5541.447963738645,52808.8207768915,2.149936262223566,4.741691999811163,2.1677532037635086
64,301.3350136305224,5542.684033387918,1480.6018535269254,2.185252401910242,4.810177394409082,2.1677532037635086
64,312.05944211102894,5543.120336877058,1387.5188058868332,2.1052371812078072,4.6307171328932695,2.1677532037635086
64,320.7795727680274,5543.474898625758,417.08911320617455,2.138532762725911,4.701182867569654,2.1677532037635086
64,344.266918073914,5544.429001977556,5782.072476948591,2.1311249129272536,4.677824539281293,2.1677532037635086
64,397.5440790653762,5546.58836149863,514.1436171803966,2.2770192096146977,4.980230672180909,2.1677532037635086
64,424.012724678094,5547.658627920995,6224.8605986291295,2.1301662429733135,4.650964516485158,2.1677532037635086
64,449.1523772473536,5548.6735939086475,332.2070715291574,2.1092599249056785,4.59760586358771,2.1677532037635086
64,585.7646833376326,5554.162174208048,1576.0699882280426,2.1176049176705507,4.572917852396126,2.1677532037635086
64,658.6921929728481,5557.073294998692,952.4608167295024,1.9952688793649427,4.286912989305754,2.1677532037635086
64,674.2084220394155,5557.690958729724,5820.859703930602,2.0861767543101752,4.477516613224041,2.1677532037635086
64,696.7684809407232,5558.587941133415,17450.562093832927,1.9777832152215646,4.2380020791390765,2.1677532037635086
64,718.840541134326,5559.464279132337,358.4979634068882,1.9904173221220847,4.2584399718321775,2.1677532037635086
64,729.4763364630309,5559.886117371345,25296.88144078082,2.063394041936586,4.411438721293738,2.1677532037635086
64,738.5650233270879,5560.246366921432,29819.25196583014,2.170047862480776,4.636160463693473,2.1677532037635086
64,749.6731583802527,5560.686376810662,1461.5676957224257,1.9505951513603554,4.164048105678553,2.1677532037635086
64,975.3275112648977,5569.55610482325,10018.98805903251,2.136941845813548,4.4875068169729495,2.1677532037635086
64,989.2177804304514,5570.097741264319,158.6394495885444,2.4751093098042243,5.192204118478348,2.1677532037635086
64,1057.1718169963106,5572.740149359481,17310.237550690643,2.2442831253103805,4.683881127643869,2.1677532037635086
64,1080.3767945052275,5573.639653463851,339.4897884696247,2.0208204447382454,4.210122996134947,2.1677532037635086
64,1112.9612263482745,5574.900291651131,44311.96892304032,2.173645570231473,4.517074534298667,2.1677532037635086
64,1153.19351098885,5576.452849022156,341.62495797917177,2.3096323704524977,4.784863778482752,2.1677532037635086
64,1247.3876079861477,5580.070493079059,762.7645649965259,2.6728751576569585,5.496764757093566,2.1677532037635086
64,1269.2475141030382,5580.906555763092,26763.655037131015,2.1665982791523906,4.447839218192645,2.1677532037635086
64,1288.0585076898083,5581.624946692682,2353.207981242069,2.2199789636890905,4.550532513769011,2.1677532037635086
64,1305.856146566999,5582.303730028206,1156.9248790566241,2.1274053982971117,4.354501306751114,2.1677532037635086
64,1319.7340248733435,5582.832403850346,252.84031022229794,2.1006073421004428,4.294821483317848,2.1677532037635086
64,1348.1898795121842,5583.914733743712,784.1228627837866,2.160800339549436,4.407929191636245,2.1677532037635086
64,1385.0033738798636,5585.311567992106,15703.92078375767,2.1458196859462837,4.364241303876027,2.1677532037635086
64,1395.6248162353259,5585.713870544859,1712.8084889457189,2.106978218059339,4.281399546234055,2.1677532037635086
64,1420.7384584248928,5586.663813336545,199.7443584562027,2.411889369180786,4.8909553084729795,2.1677532037635086
64,1490.3197351186718,5589.286371441943,1442.4588819830196,2.12216788092338,4.278939402424823,2.1677532037635086
64,1625.831855728613,5594.3537073344205,191.94310252639272,2.06389886594707,4.113827242874483,2.1677532037635086
64,1638.4470927669602,5594.8227054401505,2264.5936781435807,2.1173082660813995,4.215930479458223,2.1677532037635086
64,1647.7500678110218,5595.1682622879125,13949.459542212697,2.189258462376314,4.355438646311277,2.1677532037635086
64,1686.8539065279676,5596.617960111943,24126.17587262654,2.2540357633394956,4.469173577503427,2.1677532037635086
64,1779.581907841666,5600.037410209484,3975.6663199659633,2.312165413278633,4.5470713993967,2.1677532037635086
64,1801.797741519731,5600.852797752531,205.80002429390734,2.2605302266296743,4.436818869754375,2.1677532037635086
64,1811.5641759840328,5601.210781131416,1900.0684019728085,2.215476657358973,4.344503226268326,2.1677532037635086
64,1833.767634622567,5602.023557330993,522.2778680442392,2.3698975235060042,4.638150879669558,2.1677532037635086
64,1864.8725783746638,5603.159648181851,26994.075972628656,2.2952237535432327,4.479449012427857,2.1677532037635086
64,1945.0555041826929,5606.074559596334,58349.490873638584,2.285833590044771,4.428606276842431,2.1677532037635086
64,1966.0214396335855,5606.83345399429,387.7281778606401,2.9879892583389047,5.777738450985249,2.1677532037635086
64,1996.7411276308374,5607.942921980167,2486.881754593413,2.2481335943269047,4.334591803206196,2.1677532037635086
64,2019.1327313616066,5608.749750530671,129.22447664029073,2.2525891235011883,4.334246518839955,2.1677532037635086
63,26.468705659033553,5619.203020520228,233.97703236522986,2.248941656138069,5.033256092314199,2.3511106765561283
63,82.36736549517596,5621.5444660773555,809.9426709120976,2.3216247605672082,5.178630338080948,2.3511106765561283
63,104.77205708343136,5622.4810158464015,471.95330224165383,2.1938945390238356,4.8869428332361045,2.3511106765561283
63,200.59292860127343,5626.473854716104,516.5957673535328,2.1006497921212035,4.651822835078658,2.3511106765561283
63,219.06671663650678,5627.241273810614,378.012581791948,2.409287033732587,5.329322854066378,2.3511106765561283
63,228.2078776433681,5627.620718580335,1223.1343491157215,2.0920009722522916,4.624890638979881,2.3511106765561283
63,244.5476440495071,5628.298497414408,703.5196547294839,2.0990572921866932,4.635553056218709,2.3511106765561283
63,306.76032604003416,5630.873466691057,157.1947807295988,1.9821855436335694,4.360311579560862,2.3511106765561283
63,393.11721271121473,5634.432763065206,3230.008209139258,2.252955756032208,4.928510241234974,2.3511106765561283
63,403.4627772225933,5634.857982256019,2523.4513138488937,2.1314272651827144,4.659611959584179,2.3511106765561283
63,412.01425982176875,5635.209269251119,531.2892756433013,2.180818128047055,4.764777979410095,2.3511106765561283
63,426.07565402209576,5635.786517048625,258.3277759900954,2.436627835021372,5.318791937282114,2.3511106765561283
63,436.10718060955196,5636.198040745083,145.07392147478737,2.326712749598304,5.0755182550870295,2.3511106765561283
63,466.5532250091824,5637.4455440303645,795.8012668842283,2.1490741753676734,4.678398849370151,2.3511106765561283
63,726.8385272670064,5648.017180015611,1144.1198499548152,2.240063173194052,4.790167190440122,2.3511106765561283
63,758.0753993422178,5649.274381332686,577.0938585305594,2.0557952851314774,4.386445198912948,2.3511106765561283
63,790.0506248664806,5650.55868775453,7831.566640294627,2.0834619383681803,4.435296079704515,2.3511106765561283
63,832.8514378948908,5652.273645941451,16959.10190256629,2.230488445857292,4.733552231025891,2.3511106765561283
63,916.0371427538811,5655.592977916344,10155.400263767886,2.109885834488458,4.4504356894367545,2.3511106765561283
63,927.6128137093393,5656.053422291943,809.306474351071,3.1592554707788607,6.657971867891762,2.3511106765561283
63,984.1723197088916,5658.298022729959,209.01141994069485,2.136287203776044,4.483322105208483,2.3511106765561283
63,995.6342962593121,5658.751848700035,2358.2066367061525,2.1106882311850366,4.425599206572149,2.3511106765561283
63,1014.4623812278388,5659.496556790504,6181.981671114339,2.1389285772346684,4.478719259542249,2.3511106765561283
63,1067.407683885469,5661.585534185999,355.19773548494214,2.073787954570913,4.324836416845372,2.3511106765561283
63,1144.515343313123,5664.61407919027,2574.9941823134955,2.158020231370966,4.4734732813872125,2.3511106765561283
63,1154.8810779844182,5665.019957472877,172.89341521303376,2.094817407364537,4.3390725799904155,2.3511106765561283
63,1184.8894481376253,5666.193268981578,2254.0658522804565,2.23637691364926,4.621421442773882,2.3511106765561283
63,1199.2604060166884,5666.754274050412,21831.01763585031,2.096201505420703,4.32698387950306,2.3511106765561283
63,1210.7160197157714,5667.201056737773,22298.32582817391,2.15258331120831,4.439162924244471,2.3511106765561283
63,1231.013254985003,5667.991767268454,331.50613143725906,2.1702886209357275,4.468595565684103,2.3511106765561283
63,1249.2808019414042,5668.702414168062,4435.404323332778,2.1796490764752106,4.481452868436601,2.3511106765561283
63,1280.4874755902958,5669.914235696425,524.8371407098832,2.1994696854398548,4.5110191108260125,2.3511106765561283
63,1294.7425113580136,5670.466868541845,74.6016016624015,2.4609941244082085,5.041320456805309,2.3511106765561283
63,1340.6476975994788,5672.242557166358,194.4737437774963,2.0155178803194667,4.1134515252770845,2.3511106765561283
63,1422.9408996064985,5675.410618076442,1625.5709855628552,2.1685824895937165,4.396227303515983,2.3511106765561283
63,1453.7072179197658,5676.589990208116,8649.000553717997,2.5076484322046664,5.070558495427992,2.3511106765561283
63,1466.6374442547358,5677.084822589972,119.66211419844966,2.165028453041174,4.37303608076144,2.3511106765561283
63,1507.0663035875598,5678.628849275934,8583.190955052427,2.176936567054556,4.38240221662453,2.3511106765561283
63,1659.991522532308,5684.425447604446,63.587646418138405,1.9837583531375147,3.9417501124196286,2.3511106765561283
63,1722.4484083687337,5686.77269083351,3837.440772727669,2.194720765166135,4.337449797784249,2.3511106765561283
63,1767.4740457519683,5688.457491462814,305.55916886724486,2.1507658745481706,4.2337816732872735,2.3511106765561283
63,1780.1475621676948,5688.930602268913,385.4994999812159,2.232977399435569,4.390560999214405,2.3511106765561283
63,1880.458374791595,5692.657855118348,196.97229330445725,2.8360159989171208,5.526615528528716,2.3511106765561283
63,1896.3634097112672,5693.245983106762,1832.3409805744366,2.7771905839724145,5.404154700490336,2.3511106765561283
63,1948.1089559766451,5695.153955192327,67.46314957227798,2.162577026684387,4.188301887061639,2.3511106765561283
63,1971.5920672251682,5696.017069291295,72.23847661554986,2.2324415024918576,4.314107150911211,2.3511106765561283
63,2025.0081096855176,5697.973909257409,392.13855289254724,2.285484509334941,4.395049554427508,2.3511106765561283
62,36.61669232094208,5710.2613487263425,396.74290145701553,2.5105996107103903,5.613450364354912,2.181765315034141
62,114.77658264518776,5713.583214107961,160.92080449664402,2.0589298269490177,4.5818371611562005,2.181765315034141
62,128.55407426869147,5714.167332765238,1027.851634958684,2.602748808232611,5.787060165329055,2.181765315034141
62,150.54887290706557,5715.098937992107,74.8847955588488,1.8626581936164,4.1359139571022965,2.181765315034141
62,183.1741489135309,5716.478758526621,145.89423075505306,2.2147766409844944,4.908048526753981,2.181765315034141
62,237.21617616561488,5718.758940178464,1393.172771464444,2.162006680713702,4.774985706299659,2.181765315034141
62,245.62372152292596,5719.113066417382,139.7699893276683,2.033840634810333,4.4893793527037795,2.181765315034141
62,295.5097407790739,5721.210858154293,22939.680356682118,2.1213745058833497,4.667809081065465,2.181765315034141
62,338.4652740677994,5723.012502360501,372.0697574956616,2.005382930669733,4.400757367816196,2.181765315034141
62,388.85570543479434,5725.12037411777,73.89659840498183,2.158991679808565,4.722271716876853,2.181765315034141
62,424.2939572542866,5726.599126377512,4400.659639055888,2.1736355206723923,4.743466115161158,2.181765315034141
62,472.4017591269321,5728.601670974575,139.1343292348209,2.054401121751698,4.469125895776871,2.181765315034141
62,489.0494312032193,5729.29333331917,1194.092044732164,2.364194755783806,5.137255804268633,2.181765315034141
62,544.0127559493657,5731.572050723774,321.32994736804034,2.089395892927053,4.523476006494379,2.181765315034141
62,616.5185684496687,5734.566563156924,9400.23444381917,2.2091036856923796,4.7590200468939905,2.181765315034141
62,690.8089324597587,5737.621025181456,2049.4364893775623,2.195343114461699,4.705295956546742,2.181765315034141
62,762.5249666047417,5740.556238711989,303.85596546851343,2.0195702218731797,4.306748191042963,2.181765315034141
62,776.156207124475,5741.1126363862,8429.218032822902,2.2555523332525644,4.805552416002476,2.181765315034141
62,853.1677309569782,5744.246943380159,1124.5325442256928,2.149563544096636,4.554549508582929,2.181765315034141
62,927.7393426823589,5747.266985150892,1080.3114906865212,2.143810274852397,4.517579791314747,2.181765315034141
62,993.4921105835604,5749.917479039705,917.3744257835754,2.1206784699601573,4.447341752147547,2.181765315034141
62,1003.8784789874354,5750.335080060884,14954.40050843537,2.1888558701072856,4.586540573399044,2.181765315034141
62,1019.9881671050927,5750.982213173047,60901.01800134148,2.206572293473009,4.618111135447447,2.181765315034141
62,1029.8950097667569,5751.379822066109,4802.1395923683995,2.184738782515833,4.568972526979269,2.181765315034141
62,1110.9245210307554,5754.621755793791,18853.37967374423,2.2046267501297665,4.582202019464183,2.181765315034141
62,1178.4316118279582,5757.308676767215,85.54718345461399,2.204889822733405,4.558991184584024,2.181765315034141
62,1200.7709577427822,5758.1949952633595,161.31303251831204,2.528697505471128,5.219094855931237,2.181765315034141
62,1213.49789987659,5758.699304813977,2031.0412915152287,2.1166545895736384,4.364532344078948,2.181765315034141
62,1227.319857700903,5759.2464813912,918.615897399352,2.402442244241026,4.948346606110381,2.181765315034141
62,1259.3652791176967,5760.512973519824,1225.2902195222584,2.176804945237046,4.472207235642134,2.181765315034141
62,1376.7584546497376,5765.12714546176,21615.156841848853,2.1852337552207093,4.446815509699672,2.181765315034141
62,1485.8855559186604,5769.379956576352,2951.4782816461093,2.2399154154835292,4.516859418668874,2.181765315034141
62,1496.2332123908716,5769.781363168132,10774.164194630272,2.1554261745437766,4.34280709603363,2.181765315034141
62,1507.8680160479469,5770.232314079387,145.63969587191949,1.9446410720647789,3.9141233863250195,2.181765315034141
62,1546.6487664900565,5771.732437970228,313.5233642574278,2.8132605375524196,5.643622923598397,2.181765315034141
62,1572.8096541982616,5772.74180331,139.08756401467946,2.0491162463250148,4.101491719013942,2.181765315034141
62,1588.8595650882455,5773.36001626733,1251.8817296884558,2.059987973517216,4.117541919204519,2.181765315034141
62,1645.930179144323,5775.551816879087,7166.989585193745,2.3526656094365355,4.679170557723339,2.181765315034141
62,1689.4823359884,5777.217607196344,103.24189160124087,2.124263551283696,4.208842517178589,2.181765315034141
62,1703.9682268113145,5777.770345164623,612.040043815233,2.154107401343929,4.262261858922909,2.181765315034141
62,1728.4156392994787,5778.7016794551555,1206.2742317647733,2.127974411978863,4.201496438037694,2.181765315034141
62,1736.4177459340513,5779.006111372606,1811.4449240763784,2.1623978937777526,4.2663862407837865,2.181765315034141
62,1754.249758268189,5779.683778994383,116.44246193528186,2.0390982000251454,4.016575663528099,2.181765315034141
62,1789.352386773291,5781.0148101208415,111.39631119292619,2.2762593194246428,4.469466367831894,2.181765315034141
62,1800.5553393800924,5781.4387741245055,655.6162759218256,2.309895362298517,4.530527989217573,2.181765315034141
62,1848.7556494951,5783.25823889097,568.9854904026006,2.4598274304512615,4.803260960182484,2.181765315034141
62,1866.063400811293,5783.909730451172,1233.9964893601518,2.732655920368282,5.327565781841668,2.181765315034141
62,1890.004336343494,5784.809291750483,331.29797906871255,2.1794636866635444,4.239526466750838,2.181765315034141
62,1921.3113728910537,5785.982787194913,98.24440443164676,2.103442833527395,4.079700212276073,2.181765315034141
62,1934.2767740704294,5786.467828045629,1317.1106538435959,2.2561849257057793,4.370553365561436,2.181765315034141
62,1950.2629337034064,5787.0651097918435,65.04446282770729,2.559785419997932,4.951117934834533,2.181765315034141
62,2033.133887182461,5790.147690747455,118.93201657248767,2.479571446103694,4.757687001492531,2.181765315034141
61,32.68857535667639,5803.693722139779,1893.666714363868,2.3652137310683803,5.286601160187511,2.251952731254347
61,50.58851995704585,5804.467916950473,154.81021615488606,2.392852142684456,5.342721372228555,2.251952731254347
61,80.35395960614821,5805.753729276564,87332.4415111588,2.2571557891832086,5.031103986264629,2.251952731254347
61,116.51001002109422,5807.312930795907,560.5126269042908,2.2123551017781145,4.920371615701831,2.251952731254347
61,129.8647499269335,5807.888097026214,1632.8553612377982,2.3953891909252394,5.323289664065564,2.251952731254347
61,162.51920981909052,5809.292760736165,638.7236072755358,2.2097812937582217,4.901030708023638,2.251952731254347
61,171.68747928712125,5809.686704854477,278.5442096162484,2.130625432194942,4.722889533796241,2.251952731254347
61,185.16747062217206,5810.265565526959,458.52917457125295,2.174245948084045,4.8157660523849986,2.251952731254347
61,202.91670161298063,5811.027118346448,173.8813742211636,2.2142272833160774,4.898924139550695,2.251952731254347
61,259.6346235636626,5813.455770401156,253.67724747865748,2.201534800674473,4.853722367377351,2.251952731254347
61,300.32826610670037,5815.193622188695,88.22663075752929,2.5812513063194493,5.676661653769958,2.251952731254347
61,326.9730614344633,5816.329384639869,107.79637887470224,2.463140115881702,5.407692290051126,2.251952731254347
61,343.5388245509694,5817.034664419449,64575.579361137694,2.1713869092771376,4.762023978656235,2.251952731254347
61,388.00660465636014,5818.924603943382,834.6233862595566,2.072745829397203,4.532922480760646,2.251952731254347
61,397.9505562896107,5819.346581928026,3181.4964135154655,2.2021393148431048,4.812794822129182,2.251952731254347
61,414.82236519650957,5820.061998791254,580.3347189671754,2.205030061042188,4.813821236714012,2.251952731254347
61,430.7924579526846,5820.7385413860775,360.65366053269827,2.1608417252019074,4.71245757302535,2.251952731254347
61,501.6640241331096,5823.733322384871,208.19092360461062,2.7988396332114043,6.0754584060442856,2.251952731254347
61,643.5562831652193,5829.691440262088,279.7399435002117,2.58378693485413,5.555199824448791,2.251952731254347
61,668.3471407911753,5830.727157071605,361.7637913840553,2.213024174496422,4.750195894352656,2.251952731254347
61,686.1237180202623,5831.468852930898,181.65018013113024,2.466952731700627,5.288653555147488,2.251952731254347
61,709.5554013736636,5832.445244360389,2062.9064022586094,2.2013449754750143,4.711369314638267,2.251952731254347
61,746.6303683955326,5833.987219019363,6300.658826079003,2.2263658807247038,4.752574068258906,2.251952731254347
61,792.2981203035223,5835.88160126981,6088.133580534897,2.3605499125783287,5.022975963923203,2.251952731254347
61,831.4329215004428,5837.500577734262,1044.0484252844285,2.25087513047745,4.77624724933968,2.251952731254347
61,850.6535963425206,5838.294221394109,221.22420174008454,2.087278914731417,4.422720445045992,2.251952731254347
61,905.8391118003591,5840.567354375093,13235.41749761664,2.2363510311159582,4.719654570241574,2.251952731254347
61,947.0287512950582,5842.25858564146,2875.6675402699257,2.322625554700933,4.886947953608327,2.251952731254347
61,959.2810827736822,5842.76076363326,143.17775467467555,2.903537466031605,6.103788770730293,2.251952731254347
61,981.4857431001694,5843.669796472658,223.72978623429327,2.1681847365715625,4.550476282218262,2.251952731254347
61,1008.2880107187215,5844.7652312563405,436.7885573740213,2.1976991232627676,4.603098824214705,2.251952731254347
61,1024.4457980271422,5845.424649999154,2562.9447663453766,2.3092266367351595,4.830868851111106,2.251952731254347
61,1048.6790214488683,5846.412268968163,167.02998625391058,2.3759240650818128,4.961000998558929,2.251952731254347
61,1076.4026492296437,5847.540115310922,2875.776691238298,2.2949570772779904,4.782091902006687,2.251952731254347
61,1141.3211479424917,5850.172598678445,92.80082140479139,2.424036628678051,5.0258226747556485,2.251952731254347
61,1253.4426203325675,5854.690679962147,536.1987291155883,2.1431329013277285,4.404393471689192,2.251952731254347
61,1263.5602722406281,5855.096584694338,9622.151844424821,2.17628234659272,4.468587551433425,2.251952731254347
61,1279.6978678307303,5855.743378205854,8473.381261709954,2.190631026996759,4.492280057369431,2.251952731254347
61,1302.3516714921877,5856.650045933838,199.04867434010004,2.2116258095892345,4.527298935338715,2.251952731254347
61,1314.1833115896925,5857.122977725147,413.8785836624269,2.095738455062303,4.285907698815483,2.251952731254347
61,1457.4449527824452,5862.816158779615,361.93527044766233,2.190982242103182,4.428143305235939,2.251952731254347
61,1521.5481266894878,5865.3434257319395,9271.068749092805,2.175063745755489,4.371860527392246,2.251952731254347
61,1600.4942467300536,5868.438411525763,1274.3259669236393,2.173796413958065,4.34006729613267,2.251952731254347
61,1620.6916823521542,5869.227097972027,252.33687537543756,2.3746245665433694,4.732359696946667,2.251952731254347
61,1640.5298240259579,5870.000503666214,1158.0693596351114,2.200082028588766,4.376842413018531,2.251952731254347
61,1696.6327049785261,5872.180969418384,9742.667705006252,2.212557364007917,4.379924326885441,2.251952731254347
61,1712.9041470203442,5872.811490591848,2959.432368924894,2.2289671927903445,4.406117277339003,2.251952731254347
61,1749.642728517054,5874.23199151136,5733.121673978661,2.2350607500814155,4.403513910494363,2.251952731254347
61,1795.0504138394108,5875.981663260182,5691.704276430994,2.2458527471470338,4.406760918125644,2.251952731254347
61,1897.5272157676534,5879.905604246544,1183.6577435808713,2.241830098450584,4.357239266194491,2.251952731254347
61,1919.636691965695,5880.747653781235,347.808861219575,2.432131163376534,4.717372180462992,2.251952731254347
61,1929.0774378657056,5881.10671369351,426.03106213861616,2.4600857437155783,4.76755418408546,2.251952731254347
61,2012.1872954520636,5884.254744524116,7216.996926274097,2.4273496417549314,4.667107765667171,2.251952731254347
60,47.0165714085604,5901.043361435623,2086.8205240759885,2.493209190838241,5.566472532145468,2.343737470581149
60,57.02232728995863,5901.482969755935,3194.3420007322097,2.355612124349475,5.256138292518125,2.343737470581149
60,105.9829671949387,5903.63076940772,312.5468745271898,2.361453901776892,5.253738510956188,2.343737470581149
60,119.81457623935523,5904.236531152358,649.4485345412554,2.248752781925581,4.9987818731511275,2.343737470581149
60,155.4512755348955,5905.7952107057035,4102.866525066302,2.288207755595278,5.075709004264627,2.343737470581149
60,187.8154760187412,5907.208188476355,5675.596182098773,2.2376326395097212,4.953531598683043,2.343737470581149
60,204.9383619195395,5907.954755793279,494.2326490994924,2.247387759514714,4.969936438035371,2.343737470581149
60,265.1690894683751,5910.575335463288,6460.818031501719,2.4183218281452974,5.328108668178281,2.343737470581149
60,301.3268986305979,5912.144369397729,165.20096527513337,2.0675423597399005,4.5450067731172,2.343737470581149
60,318.0481010375188,5912.868907472327,1327.6049481939074,2.246945256635513,4.934095759896026,2.343737470581149
60,337.8397837736352,5913.725617451277,36170.6293885717,2.329337207837461,5.108554401147838,2.343737470581149
60,367.2092715578915,5914.995163158458,199.71837361442013,2.6482816481635645,5.797338548483334,2.343737470581149
60,497.12618049829393,5920.5855973658045,3666.2704090791726,2.331461913220977,5.060974538010672,2.343737470581149
60,588.17589775429,5924.47835845803,912.1335311052476,2.970298290937026,6.408804387326403,2.343737470581149
60,624.6250602643355,5926.030788036347,636.7648723526632,2.351853817066481,5.0617632133887325,2.343737470581149
60,648.5038676951918,5927.04596822968,8946.095204677673,2.3402872923931635,5.028649527850178,2.343737470581149
60,659.9669443041313,5927.532783013982,23494.78725067984,2.4009248838925044,5.155066569307497,2.343737470581149
60,729.00117857424,5930.457274170111,14565.087694516997,2.4490070034693225,5.2333229411618,2.343737470581149
60,744.7442486658985,5931.12244061356,3502.2187587066373,2.359426746415531,5.036274293812766,2.343737470581149
60,755.5176966198533,5931.577255330965,5781.740782433163,2.362594727824016,5.039156033876978,2.343737470581149
60,862.1446876422388,5936.061902791735,1672.6257213328593,2.6461487775596964,5.6016226296260125,2.343737470581149
60,927.7619264241865,5938.806384961554,1162.4650399183495,2.287008400105772,4.81822763053719,2.343737470581149
60,939.7359043940181,5939.3059267735625,4519.518530487063,2.3071204992184557,4.856326414522157,2.343737470581149
60,967.6806474926829,5940.470206384912,33750.74316260401,2.2412355480655166,4.707922087963431,2.343737470581149
60,1108.2131142753044,5946.292042743955,11763.311074888612,2.2720783590854783,4.722666825882238,2.343737470581149
60,1146.8175583789148,5947.881441922617,527.7864679471234,2.298484431037836,4.763215428610201,2.343737470581149
60,1295.8335422016346,5953.97574771441,83.339786087018,2.4837976937436723,5.086996747044275,2.343737470581149
60,1351.4725710038517,5956.234251985776,467.2410382166732,2.1481549250360907,4.379969080086297,2.343737470581149
60,1375.6261144710852,5957.211773165843,1963.787100011948,2.3095303682489408,4.699349920199262,2.343737470581149
60,1392.8682944824784,5957.908493792545,712.0985536670687,2.240653375619507,4.552806553591681,2.343737470581149
60,1413.5223229566798,5958.741878672598,154.89088567403311,2.0921340385468525,4.243625865235295,2.343737470581149
60,1437.892237121371,5959.723507441462,170.20775893885477,2.2294878869279517,4.513176091422503,2.343737470581149
60,1455.5774577569646,5960.434721801917,263.03386808444645,3.4936660665462944,7.061581272464139,2.343737470581149
60,1478.0185089847494,5961.335791537762,1557.1075630609303,2.7197090785572917,5.487014235597624,2.343737470581149
60,1495.2085473301354,5962.024952968227,378.8553546293238,2.2779043435445314,4.5890439041757345,2.343737470581149
60,1505.4253627694673,5962.434113208764,1012.3311924523905,2.1974961739274566,4.423282829248656,2.343737470581149
60,1585.4762067299184,5965.628532881386,134.29081473276338,4.018854024881711,8.033786715860224,2.343737470581149
60,1674.7789173062909,5969.1678811590355,206.11291923378909,2.1813091812722183,4.325941858217623,2.343737470581149
60,1731.2903717915865,5971.394156245369,2435.555612472458,2.3104147048624677,4.55888955129644,2.343737470581149
60,1749.3410195414003,5972.103038622143,120.73617958711075,2.698951819934227,5.316814231852342,2.343737470581149
60,1800.2573594323399,5974.09675670754,351.08118564134554,2.2478181656156964,4.407354230175893,2.343737470581149
60,1809.1009076638882,5974.442154053456,187.12584302459695,2.1987380160755574,4.307519310721435,2.343737470581149
60,1867.6867406194685,5976.723612245291,35146.126664874566,2.3369393821702724,4.553002027892041,2.343737470581149
60,1945.0019288722765,5979.716430398718,121.7443899037539,3.4898904454967927,6.749368391853725,2.343737470581149
59,38.27594198300235,6000.663522450428,2380.2588863957985,2.4350738790342565,5.435193035993565,2.408080703122856
59,99.49796568306617,6003.394505353839,650.6704767846494,2.3691096631032753,5.269438966211568,2.408080703122856
59,113.55640027236126,6004.020434218494,674.0317833053894,2.1981156376832436,4.884844595156521,2.408080703122856
59,176.7682566599671,6006.829280078086,7173.071290336203,2.301898967332664,5.096545021668165,2.408080703122856
59,189.4979497941549,6007.393819151529,1232.7853369862614,2.456343761809736,5.434611587003545,2.408080703122856
59,219.7883227257143,6008.735630868546,15875.088338994468,2.2819804370850507,5.0394678038745,2.408080703122856
59,289.7199357564395,6011.825256929351,14198.623638944642,2.284715653462512,5.024074861073032,2.408080703122856
59,409.4340301390437,6017.0870946694995,11523.303638108278,2.3176867584250513,5.058800037916976,2.408080703122856
59,430.90026937383715,6018.026902905346,273.70795742240443,2.3522564821890772,5.1270529657770725,2.408080703122856
59,491.2173549753322,6020.661485268412,3124.8882553500216,2.468863908901568,5.360409195912732,2.408080703122856
59,538.1338149730857,6022.704402869604,22015.118635706815,2.450138135182392,5.303386692352009,2.408080703122856
59,588.5419430475811,6024.893089406702,913.1706028765502,2.426807497659779,5.23511027977991,2.408080703122856
59,633.1264524077686,6026.823436700844,4595.362315341323,2.6316260379030427,5.660143680206694,2.408080703122856
59,704.7608045500288,6029.914009745861,1792.1559207233681,2.6017597720101424,5.56839055352475,2.408080703122856
59,719.1592420580548,6030.533566869111,1340.2178118207473,2.448809764995374,5.2359595429331796,2.408080703122856
59,727.6223972638116,6030.89747272343,818.7667159255636,2.4425800584283084,5.219373398820458,2.408080703122856
59,737.4485977798612,6031.319746801908,807.0637035303823,2.4383636685778503,5.207097258726701,2.408080703122856
59,755.9863578842466,6032.115686258381,7169.8805213613205,2.5175321488986833,5.369020328871948,2.408080703122856
59,825.3322214966962,6035.084851786905,1590.1395403947333,2.631186726961431,5.584059534904608,2.408080703122856
59,851.7198807557437,6036.211223249352,3331.456928318319,2.5597434251063484,5.421926404564684,2.408080703122856
59,867.03536252886,6036.8640895003355,2466.4054519644837,2.6205675828017676,5.5447572258786195,2.408080703122856
59,903.8772526085884,6038.431904531689,469.1935222940681,2.4665484198600005,5.204862032384867,2.408080703122856
59,925.956621525776,6039.3696750855115,54835.8064763326,2.5920969014081447,5.460985025730697,2.408080703122856
59,949.1364333268874,6040.352705049675,6035.191852147295,2.5188180098150372,5.297615568013426,2.408080703122856
59,1018.750537619684,6043.295770002308,164.00893673200375,2.430502188550825,5.085235333813967,2.408080703122856
59,1041.6669289491574,6044.261557801967,1891.9152698135588,2.494821854421438,5.210744970164342,2.408080703122856
59,1085.5431794357955,6046.106423924066,39350.262549625826,2.5092109509165246,5.223246901747893,2.408080703122856
59,1144.4661010747602,6048.575080581747,1172.3093644492599,2.850620892970104,5.907396110101068,2.408080703122856
59,1195.9975317507804,6050.725619999109,30903.916989767138,2.463574974325238,5.084536664292409,2.408080703122856
59,1213.3146872762716,6051.446523819544,2175.1515500112055,2.3632395597385143,4.87089819647271,2.408080703122856
59,1242.431994739405,6052.656622637129,2914.742302184695,2.47060644554461,5.0804486625750584,2.408080703122856
59,1284.4622843255972,6054.398837293605,9773.631435384497,2.4295982023601015,4.979284823525043,2.408080703122856
59,1300.341332767199,6055.0556410309155,10941.568330100052,2.3600419612120693,4.830471194881643,2.408080703122856
59,1354.0023264719719,6057.269467148449,1306.5546315470951,2.3952418446540578,4.880927757247916,2.408080703122856
59,1417.0502085927924,6059.859109748144,4049.6849227223174,2.356366006556913,4.776668298873052,2.408080703122856
59,1427.5825216821745,6060.290499389337,1593.2037304034184,2.2692332752916085,4.595800572079503,2.408080703122856
59,1498.8309441809947,6063.199500992751,1894.252396072963,2.7480457407521373,5.532157084493695,2.408080703122856
59,1525.7424809770184,6064.294049725248,295.82197915986984,2.2172714072278765,4.453317066847008,2.408080703122856
59,1537.0124621808116,6064.751730817181,97.09649491909819,2.393824915076994,4.803362463921637,2.408080703122856
59,1603.8772729951595,6067.458675481525,625.9992611118024,2.388419809234009,4.7646398893277,2.408080703122856
59,1621.6736017019316,6068.176678661949,1062.2158056540093,2.272137981084837,4.525493738934878,2.408080703122856
59,1636.171090592459,6068.7608187496835,2448.078760229674,2.32832861983331,4.631675298281808,2.408080703122856
59,1684.4411348416088,6070.700730151577,3890.105593174765,2.328604300663687,4.612454778928226,2.408080703122856
59,1786.7670888316572,6074.787320299697,37161.435868172404,2.359767470987614,4.630649456855892,2.408080703122856
59,1864.7349086287682,6077.877262856521,134.36922792533028,2.1474824335420344,4.183626300134519,2.408080703122856
59,1907.2929693995613,6079.555048554961,4619.7549336655475,2.285783026801316,4.435435553741179,2.408080703122856
59,1921.2490596193493,6080.103875872733,3566.016410354978,2.3271430948437963,4.509685458413828,2.408080703122856
59,1993.4624367936183,6082.932789996253,624.6849950518654,2.450120366596951,4.7152496861740065,2.408080703122856
59,2027.1756566200906,6084.247182854095,95.44438845731561,2.469290421750779,4.736425916622188,2.408080703122856
58,22.785003663285718,6103.415622310533,5159.515508863716,2.3809748385773206,5.314280446418081,2.5986490854853823
58,109.01964085770342,6107.326025611474,7523.418021043487,2.464094735886538,5.473296190156428,2.5986490854853823
58,151.03687590451125,6109.225328190383,2862.3740211127,2.399349483053356,5.316652394543399,2.5986490854853823
58,187.34009263220537,6110.863106927672,210.98360025646605,3.012074026047411,6.660418569657308,2.5986490854853823
58,268.8207355135978,6114.527906311001,56971.90853430416,2.343808332016988,5.157598118613908,2.5986490854853823
58,293.92519797775554,6115.653897707903,969.8135197638708,2.3502829290287073,5.1640558093949345,2.5986490854853823
58,315.4427559080128,6116.617812389084,35453.88725843286,2.613103820461907,5.734208816721526,2.5986490854853823
58,343.18870292908275,6117.859096419497,1742.1744549277935,2.494703618025164,5.465015887409945,2.5986490854853823
58,441.66221599257483,6122.2493900751815,13458.922565939592,2.4801774106930337,5.399705936557246,2.5986490854853823
58,460.9555800846909,6123.106742307018,2343.61245754754,2.684624238453707,5.837756801202825,2.5986490854853823
58,504.9540687032106,6125.058427152289,1373.419628264376,2.692647333394003,5.838679054915706,2.5986490854853823
58,530.203776039589,6126.176233197183,7679.451737694359,2.633222658462812,5.7005653549571536,2.5986490854853823
58,558.6805407926728,6127.434939872493,3085.6396307336404,2.626276820921206,5.674747482456902,2.5986490854853823
58,596.7615972350756,6129.11488912972,2188.0389856458114,2.7475455645598,5.921882557512519,2.5986490854853823
58,644.8206419634864,6131.229603932288,792.3689849594219,3.0387822599152146,6.528572081710031,2.5986490854853823
58,665.8493164693652,6132.152997231793,417.90597425000504,2.5799993441218754,5.535043209167514,2.5986490854853823
58,742.5834442573087,6135.512433255135,577.1779862987563,2.5144910924919386,5.366056659394568,2.5986490854853823
58,837.1350754513414,6139.629845769846,929.4782579820649,2.7347236064928,5.797543893803016,2.5986490854853823
58,853.6697870383125,6140.34733127021,6907.768130399358,2.8005192938603805,5.92981122332959,2.5986490854853823
58,995.1839853268975,6146.4563074881535,792.5036235363526,2.6888164918806856,5.634829445888502,2.5986490854853823
58,1035.231375586992,6148.174614840733,129.23384946863175,3.1327751967735784,6.545518800085639,2.5986490854853823
58,1133.7919372375434,6152.383371927327,1755.0925438683942,2.67801174601547,5.553084182149847,2.5986490854853823
58,1164.5933755442725,6153.692698276126,44974.38718069669,2.6768993271945427,5.537373557513454,2.5986490854853823
58,1213.6071410969407,6155.770265231672,5508.314978309009,2.6236959774076984,5.406387012303837,2.5986490854853823
58,1224.124037389044,6156.215091974636,2961.713265425215,2.7152381139232724,5.590572248633102,2.5986490854853823
58,1249.366763332819,6157.2813776593775,8857.374407446343,2.5243177466469526,5.18710454619336,2.5986490854853823
58,1285.139940118712,6158.789104213954,5216.114676615149,2.653515750171771,5.436797445265439,2.5986490854853823
58,1386.8363620242555,6163.053367125632,4587.180555377266,2.7043868328409206,5.494824655606706,2.5986490854853823
58,1406.4913621171593,6163.873741755888,26393.19081920263,2.502109773557669,5.07578035730638,2.5986490854853823
58,1444.1646862416944,6165.442710413024,585.751859914346,2.4642427968749003,4.983015012934884,2.5986490854853823
58,1462.0131834397703,6166.184440734966,44760.17680907143,2.5406355825953253,5.129661947638366,2.5986490854853823
58,1611.8680529191288,6172.370759854101,506.57171643146603,2.77776310778853,5.536003820836576,2.5986490854853823
58,1651.3162277554093,6173.986835334329,32919.28885620674,2.575043704870654,5.114236176285617,2.5986490854853823
58,1671.3730503703196,6174.806488639448,10975.319024185123,2.5282846752096284,5.012383742550371,2.5986490854853823
58,1741.5020837797706,6177.661642317995,194.41651777396086,2.5170398962512217,4.958082875424966,2.5986490854853823
58,1802.7324118922254,6180.14065339851,10719.211513466378,2.375991641238993,4.653991507331274,2.5986490854853823
58,1837.9013066112498,6181.558619718582,2717.2336611964547,2.39581784616776,4.677513499399539,2.5986490854853823
58,1859.196728085988,6182.415113698543,8266.216956835418,2.3729577738229257,4.6237395917132735,2.5986490854853823
58,1960.184920879868,6186.454915986074,12388.822127640373,2.51908610372197,4.8613197196711,2.5986490854853823
58,2020.417692343557,6188.846957862184,485.9648894542067,2.594353944562401,4.977342421279976,2.5986490854853823
57,20.837510550764303,6210.401077106332,1389.2164693350105,2.3110899031645897,5.157407529785552,3.0755423664973947
57,128.61600692330137,6215.36982657503,735.8874306522616,2.1947767254719226,4.866773490304807,3.0755423664973947
57,178.5008738083374,6217.660238195676,4914.932363153033,2.5530105835992076,5.6443563784287605,3.0755423664973947
57,214.08132245780848,6219.290242943229,162.38209366285687,2.5964340157183523,5.7283849121744135,3.0755423664973947
57,366.76433474352183,6226.250251308582,27028.741752359747,2.6300802722080245,5.749123406055866,3.0755423664973947
57,534.378706616902,6233.824877077408,166.30905466440467,3.5275863408603993,7.630897732891768,3.0755423664973947
57,553.8301209676914,6234.699323311512,8204.999503207482,2.8890098129607376,6.241533371238489,3.0755423664973947
57,595.7428762027833,6236.580231391963,11990.828242633155,2.96257179859441,6.383137295945677,3.0755423664973947
57,606.8638714658003,6237.078544776045,528.409650256137,2.881738078955159,6.20453476710118,3.0755423664973947
57,616.7938195474416,6237.52321796561,150.8341414540268,2.8116112498317647,6.049601590825058,3.0755423664973947
57,667.7484746822495,6239.800967162186,272.5858235474594,3.5811682858306435,7.679598878675408,3.0755423664973947
57,689.8744984026927,6240.787904281125,511.225386821145,3.829715280779048,8.200575668197727,3.0755423664973947
57,704.5442087330804,6241.441533248959,448.21478144896815,3.1175652471893174,6.668946399226461,3.0755423664973947
57,732.3768132248578,6242.680071273027,3393.443535450768,3.1658136089394335,6.759841101365733,3.0755423664973947
57,824.591056139407,6246.76854100862,4135.637244995758,3.0760189222691783,6.526205172176676,3.0755423664973947
57,837.6398470680236,6247.3451888823265,4803.820310871485,3.10699710913748,6.585923376496411,3.0755423664973947
57,850.2259437776348,6247.900939174708,548.0986394383615,3.1267942890984233,6.622287158720742,3.0755423664973947
57,948.2214711496025,6252.212662941054,825.3435162744968,3.1545942378254814,6.634230623268258,3.0755423664973947
57,1095.9884908665574,6258.661118715237,2142.55932419555,3.0439532584539224,6.330319239815905,3.0755423664973947
57,1107.343138954328,6259.153891378159,9352.92133019107,3.036085466242444,6.308528645428184,3.0755423664973947
57,1134.6542886717455,6260.337509674679,14935.39375199148,2.8833138792501094,5.977876671968888,3.0755423664973947
