chunk,order,pix0,wave,chi2,chi2_meas,npix,resid_rms,sig_med,ew_ratio,min_obs,min_dec,weight,wave_resid_ms,osample
0,58,24,6104.354357300299,7.0814160179461,38.99013260154093,40,0.005179241789149266,0.0027100978629421317,0.996843702833304,0.37990882686730504,0.2577963230059549,2.2370565181576e-06,42.47146098138096,10
1,58,64,6106.168038576769,0.16889847395534266,0.9299515632223434,40,0.0011414626717689384,0.002782532139925441,0.9782725393683827,0.8983676791704104,0.8842988760257932,2.187751886885859e-06,43.45013599117425,10
2,58,104,6107.978565196777,0.2890238447874709,1.5913594123988732,40,0.0014769894185248762,0.0027545260373533697,0.9790470901786229,0.9043065308582112,0.8911258864343622,8.504566913008249e-07,45.61764615948702,10
3,58,144,6109.785928056173,1.5907669872110966,8.75873068498297,40,0.0029629824287169563,0.0027325869330308986,0.9831181609966547,0.6672842857165681,0.5235442255188575,8.72851522299675e-07,45.86882347956166,10
4,58,184,6111.589695057304,0.28857679771011385,1.5888979802811853,40,0.0014678311737877517,0.0027567385499247246,0.9504964815986144,0.8752458027770853,0.9066515684302786,6.372261061017177e-07,48.32123662375517,10
5,58,224,6113.389937357071,0.6883745144250188,3.7901760790404,40,0.0020026528456566317,0.002731515232627493,0.9829303835799343,0.7355629699013554,0.6499560651278259,5.733077339781487e-07,51.62755502860336,10
6,58,264,6115.186359066365,0.42408625679381534,2.335010306551355,40,0.0018021073045107305,0.002763681410761278,0.9784516460563119,0.9007580967907851,0.8836179297566548,3.403275957306869e-07,51.31689423620552,10
7,58,304,6116.979029984277,0.7872636743734974,4.3346577829079385,40,0.0022946542141603727,0.002770709122366948,0.9849031957538346,0.740920168420192,0.6694834769055209,3.089597677752638e-07,53.071417160602124,10
8,58,344,6118.767661395677,0.4742029522736081,2.610951812791928,40,0.0019233232847737202,0.002809054551126722,0.9639513360023442,0.9392107599066619,0.9291530673599029,3.9103230436829683e-07,52.884691230292674,10
9,58,384,6120.552431346997,0.40149267800467336,2.210610521155395,40,0.0017017878463697503,0.002741457848111437,0.9780690586740349,0.8677061571097572,0.8275259997349469,3.459780899365536e-07,54.7846220960311,10
10,58,424,6122.332992404497,0.3827425575732939,2.107372739324525,40,0.0016881863094938955,0.0027253558897393252,0.9718665907685737,0.9238289273767071,0.9174447102123136,3.1636370205513783e-06,58.854735341121746,10
11,58,464,6124.109599085204,4.52343610103897,24.90594719292612,40,0.0032934376386406505,0.0026074733555442016,0.9886305942385355,0.3674952494358156,0.2558756689983479,1.3888723894526083e-06,56.66469160993275,10
12,58,504,6125.881863718032,0.8413047399950422,4.63220679135099,40,0.0023587678774727593,0.0026962976345630114,0.9818325061817675,0.7693261603283637,0.7104312726725324,6.785959936668768e-07,58.00268571046321,10
13,58,544,6127.650110261296,0.3110381307329244,1.7125696231768053,40,0.0014840683990273043,0.0027209851317167746,0.9824628434849754,0.8690628645666912,0.8379348960448953,6.515850897484322e-07,56.763968147563375,10
14,58,584,6129.4141137191,1.4124449301610529,7.776893064860018,40,0.0027105585561588027,0.0026955703303023866,0.9862938375843,0.6821569051724368,0.5701263118157222,7.141472467261469e-07,61.168662145041374,10
15,58,624,6131.173742574501,0.4456291748710502,2.4536251754316534,40,0.0017408595709288732,0.0026898206476566947,0.9841901922312608,0.8482178706926815,0.7986049441921546,3.031086290663168e-07,58.65199325237119,10
16,58,664,6132.929210966725,0.5468641697894567,3.011022998943487,40,0.0019294708245531176,0.002685873386083581,0.9838564191078812,0.8368738612470221,0.7952813396459364,1.509195492793339e-06,63.95198565395083,10
17,58,704,6134.680236279598,0.14463054450780963,0.796332837147471,40,0.0010445525603911747,0.0027238332208900187,0.9799227327133475,0.9300780595679105,0.9248576697025161,1.2163294027903334e-06,57.593203301348574,10
18,58,744,6136.427069457637,0.44265147178365305,2.437230002780957,40,0.001809590323568963,0.002724829803692157,0.9606556115438601,0.9067574899968021,0.8968420212228203,1.8233397603379777e-07,62.86119520521439,10
19,58,784,6138.169424661692,4.395909178004339,24.20378654782552,40,0.004059868920915531,0.0026246463217986862,0.9755748913522725,0.4815341798718591,0.34875881655308577,6.3464694373235735e-06,56.74812146946272,10
20,58,824,6139.907476406033,2.496792886683245,13.747290864377073,40,0.0023735739567125546,0.0019355037028323911,0.989901111507352,0.40201173345187974,0.31231738491282235,2.0765566599422295e-06,67.7496511305682,10
21,58,864,6141.640899580614,0.29563263613924073,1.6277472831987814,40,0.0014513980991384214,0.0026402707269451457,0.9669862125608379,0.8116583331495818,0.8102442243975216,2.813374012576003e-06,63.412549034835536,10
22,58,904,6143.370200009629,4.207807266191739,23.16810124624316,40,0.0038240074890621726,0.0027321386382224136,0.9940019411017912,0.5216591137772835,0.34489819201127786,1.3085460199206225e-06,60.09810702322129,10
23,58,944,6145.094835015458,0.20436178654295198,1.125211841219939,40,0.0012584734737984091,0.0027881945550689725,nan,0.9721263451164658,0.9705952280515427,1.293570249935478e-07,67.3697256667962,10
24,58,984,6146.814854577089,0.5381060556893275,2.9628010007953667,40,0.0019991015694769756,0.0027864363879522053,0.9875062610347258,0.8577321463659813,0.8250038358600726,4.826239575982844e-08,54.81765398745851,10
25,58,1024,6148.530422429827,0.5849019864253723,3.2204584438811796,40,0.0019115999597061203,0.0027855335732253337,0.9701825979072743,0.7577133275736088,0.7153483802714405,1.2092761535480896e-07,67.35542994016922,10
26,58,1064,6150.241154725402,0.5182664983470838,2.8535648014858515,40,0.001901878956816285,0.002793596854480645,0.8966160311427647,0.858043603873616,0.8015399401942828,2.3720905114355005e-07,65.60047339639412,10
27,58,1104,6151.947435197166,0.21293362143297356,1.1724081898250014,40,0.0012752912593035218,0.002758919901289876,0.9766806394401045,0.943298848753453,0.9301272510514363,8.252033083638649e-06,119.18094779180338,10
28,58,1144,6153.6488657108,1.8545585386503638,10.211161603279221,40,0.00333406223507956,0.002782527159477895,0.9835661946811219,0.7061024304939283,0.5682300152415479,5.409704713573697e-07,66.29084244347094,10
29,58,1184,6155.345382550589,0.6257610429275656,3.4454275781556034,40,0.0021157914941951446,0.002775024105831034,0.9945394122371229,0.8384690352697336,0.811634953049824,2.4263360681812718e-06,62.58553163714704,10
30,58,1224,6157.037174314632,0.6714629403462242,3.697061296041924,40,0.0020159182808766993,0.002801434488631074,1.001244729955641,0.7349770724653066,0.6622809114305,1.3435191068378998e-06,65.05248021680725,10
31,58,1264,6158.723965931751,1.2424228764155731,6.840755094160013,40,0.0026986945769199174,0.00281471386051648,0.9960821318994124,0.73861402036148,0.6110083703879458,4.88623198383455e-07,69.2038929681933,10
32,58,1304,6160.40571127684,0.2869752650764199,1.580079974165576,40,0.0015065408584752314,0.002826260519174389,nan,0.9564668778096346,0.9424692903160149,3.920327576590347e-06,65.46077346771229,10
33,58,1344,6162.082458164445,1.3994340585621028,7.705255470398815,40,0.0027732431596240595,0.0027214142296192985,0.9930691417649762,0.7104342269294547,0.6118864760747312,1.1201007085607999e-06,68.93397342569412,10
34,58,1384,6163.7540948279,5.150458995925644,28.35832250231012,40,0.0030585126546367955,0.002142447597109344,0.9848483668679857,0.31127953313258644,0.23565282597139345,6.1936252245960015e-06,67.9948085036249,10
35,58,1424,6165.420463408693,0.9490629722416454,5.225521426948591,40,0.0021343968314545885,0.002444948120765982,0.978484607738345,0.6852449596851459,0.6055432970626224,3.742458701506643e-06,68.84914059379368,10
36,58,1464,6167.081661053879,0.8293471016756477,4.566368277910612,40,0.002286905807527677,0.0027463455255949767,0.9121351525769232,0.7853074374466357,0.6915485899820887,7.63242795416883e-07,69.73471351567271,10
37,58,1504,6168.73757248642,1.2942373182349662,7.12604435722451,40,0.0027787943710444285,0.0028440303903595017,0.93982201267731,0.709347053764501,0.5806436804330576,5.001974951327706e-07,69.95228060763581,10
38,58,1544,6170.388180675246,4.322352959301924,23.798787503339646,40,0.00416376934441099,0.0027294946284181524,0.9917054641303961,0.5355231145784639,0.3959143749445551,1.8796203679999061e-06,72.60686589137529,10
39,58,1584,6172.0334475685795,1.1384222871930352,6.268129964645131,40,0.002449043679502146,0.0026970421567251413,0.9760451553769703,0.6647636154153997,0.5690331852222344,1.2297212246875483e-06,71.13667246558803,10
40,58,1624,6173.673208523425,0.23619508600407438,1.3004853407556602,40,0.0013459654811898193,0.0027630522252857087,0.9743522611772246,0.944312581555046,0.9358171741649602,1.4002216470269033e-05,70.31375468150777,10
41,58,1664,6175.307597974224,1.5074887048197063,8.30020215551371,40,0.002870527690026343,0.0027963861219301297,0.989220033108496,0.6774971785625167,0.5263620354973555,6.855536808818273e-07,73.10632465436419,10
42,58,1704,6176.9365488564235,0.5576853156351619,3.0706040079331314,40,0.001868075208348944,0.0028325933067569085,0.9882485498942022,0.7689585015918555,0.6776020640561973,3.839871411590507e-07,72.62469208121348,10
43,58,1744,6178.559906335655,1.0378256657179545,5.714247012331586,40,0.002454183108129359,0.0027599409349537054,0.987500115042457,0.6888492849364165,0.5793932588696854,6.811304197788236e-07,73.57121488642106,10
44,58,1784,6180.17774938619,0.17810408754509913,0.9806374844609116,40,0.0011856865401640786,0.002810235585280264,0.9746888904525306,0.9395783661979942,0.9356735300333011,3.782431617019072e-07,73.2437758731558,10
45,58,1824,6181.790007139059,0.9658773144759449,5.318100853388386,40,0.0024086852420704625,0.0028290981806880205,0.9851646404864999,0.7149056022017419,0.6034847402016835,5.66737283715871e-07,74.5601742774701,10
46,58,1864,6183.396557432603,0.1587130185326264,0.8738706527755686,40,0.0011491496044051587,0.0028775010255794845,0.9755399035876057,0.9549763621769962,0.9524509930800231,1.376559176249242e-07,75.37348573479096,10
47,58,1904,6184.997334095798,0.38627968698733256,2.1268481019543537,40,0.001761386437498954,0.0028721925259335263,0.9791357248451007,0.8772642448804512,0.8687385131788545,3.075995098793865e-07,78.62357707296174,10
48,58,1944,6186.592215722894,0.3269548864713759,1.8002069566219543,40,0.0016125046975437722,0.002881035289952922,0.9785113056167836,0.834261408203745,0.7941415821041544,1.7922840251276467e-06,82.57693913248374,10
49,58,1984,6188.181093391717,1.0336977273551393,5.691518667643282,40,0.0026350583707011777,0.0028407585518857095,0.9827266478356108,0.7247911609289731,0.6572756250034028,9.391538554648738e-07,82.47392464137437,10
50,59,24,6000.897976289132,2.4349864619926445,13.406985946800344,40,0.004670948299909442,0.0027969251160536134,0.9899727453426915,0.8884051958764322,0.8450757292995843,4.208531963207009e-07,50.081476480829686,10
51,59,64,6002.682616156576,0.3029681444544729,1.6681364428224754,40,0.0015451003754311469,0.0028183461787560206,0.9774783738549891,0.9171996215282264,0.9131912438507818,3.3078976695112325e-07,49.3703695237374,10
52,59,104,6004.463689259287,2.6993640181588736,14.862643395207447,40,0.003433913818883611,0.002806302422478699,0.9869499189643792,0.5187164121398858,0.4155863941797973,9.463010295285838e-07,51.89325120888753,10
53,59,144,6006.241165799004,0.4471441324058768,2.461966500813314,40,0.0018336174486761187,0.002768650144715044,0.9833346402087846,0.8468397382222088,0.8148658646150092,4.814182426271893e-07,50.15061447463596,10
54,59,184,6008.014979738957,0.6991604332172316,3.8495631285898213,40,0.0021824590811872317,0.0027692274938828135,0.9791464604955854,0.7763631747688692,0.7047402271970614,9.08469493679038e-07,54.504586454405235,10
55,59,224,6009.7850450300275,3.86008075029182,21.25352612035725,40,0.0043683593221975885,0.0027024098459198375,0.987300140889472,0.5990178259350325,0.4806330665853989,1.4054466675167673e-06,50.90788638535758,10
56,59,264,6011.5513931933365,0.7359077603047627,4.05189316431488,40,0.002384941910307689,0.002766041089691228,0.9829479094746041,0.9300929915219862,0.9168543313545213,5.263116769420328e-07,53.43506944959585,10
57,59,304,6013.313917121204,0.4228790413831011,2.3283634030474394,40,0.0017809061804952885,0.0027594601695222023,0.9806830047051014,0.856501258235226,0.8272950623398665,5.443679155603757e-07,52.47007362011642,10
58,59,344,6015.072606560841,1.748353016410908,9.626396157408221,40,0.0030483878473211118,0.002736638595496882,0.9847920983384232,0.6172580090585043,0.5142353774903274,1.3281699235257623e-06,55.01668940936032,10
59,59,384,6016.82738544787,0.36500976380993244,2.0097363374414767,40,0.0016609877342462522,0.0027500624241515465,0.9792147203091801,0.9188465051696691,0.9092676882544118,1.2100200470816184e-05,53.70186785119858,10
60,59,424,6018.578301723386,1.9722896307604743,10.859386602497501,40,0.0031024266598392923,0.002779357964315421,0.9902532873634583,0.5859562913139716,0.4885083766149579,9.054635414003555e-07,55.51983007616316,10
61,59,464,6020.325165983086,0.14357937469491486,0.7905451175321233,40,0.0010382535709404011,0.0027405031997428534,0.9855076874525794,0.9070871183041257,0.8925408406804891,7.0910063434996344e-06,54.506318335794596,10
62,59,504,6022.068067339989,1.6243384339822016,8.943574388264027,40,0.0028636384834877598,0.002752220137230972,0.989053158042306,0.5964894833949663,0.48134936024180236,6.721515634614049e-06,57.8835608681862,10
63,59,544,6023.806884080235,1.8893000496713888,10.402447656528292,40,0.002712332108579449,0.0024059462408386285,0.9909010055328967,0.5313676329440067,0.4789636511876683,8.253023855315774e-07,54.95240789933936,10
64,59,584,6025.54157040302,3.4107126187901953,18.77931432574547,40,0.003311616256024149,0.002660474536235609,0.985309869651751,0.4547893644099456,0.3544513751353394,2.237269614756638e-06,60.20181115153688,10
65,59,624,6027.272151051837,0.12404950179340016,0.6830140344561488,40,0.0009453747968796844,0.0026937058543721887,0.9784965522316602,0.9151459590563777,0.9113391235757176,1.4058447858553887e-05,56.587603350604155,10
66,59,664,6028.998560596025,2.5070727017907504,13.803891317329589,40,0.00341518003893533,0.0026841892516828256,0.984311665803381,0.5834853016856563,0.4708769681684188,1.0486806867713432e-06,61.04033843443539,10
67,59,704,6030.72063692474,0.24192956280697828,1.3320592534277946,40,0.0013329730441075307,0.0027081161369186604,0.9808903843096429,0.9138893111437721,0.9061945125604568,2.174519898177993e-07,56.96687152887674,10
68,59,744,6032.43854626931,0.6017234787256416,3.3130772384388156,40,0.002122682882695473,0.0027267232429737135,0.9785919938231638,0.9292686792064181,0.921206854859052,2.8381719665967577e-07,62.77807834511913,10
69,59,784,6034.151996695097,0.5781255608831477,3.1831475826372957,40,0.002112539515161317,0.002762389546373205,0.9758477350080598,0.9608020164975993,0.956955651766163,1.5802969849751365e-07,58.40976956670007,10
70,59,824,6035.861222632895,0.8256363386912673,4.54593689237314,40,0.002483756979710797,0.0027653509544752998,0.9790367336938032,0.9178763300002001,0.9012107634159698,8.740864955929817e-08,66.03604932090916,10
71,59,864,6037.5658676507355,0.4038597808691275,2.223643741394491,40,0.001756447353566915,0.0027776550323658977,0.9818356233904133,0.9341911417179409,0.9150689626520561,1.2162862319229757e-07,62.37073647403563,10
72,59,904,6039.266280502049,0.24163319202023983,1.330427441902406,40,0.0013478289587632404,0.0027445182166833176,0.9819696272210968,0.9620783224143338,0.9557957390273065,1.3047892163147465e-07,62.3727245063873,10
73,59,944,6040.962105571321,0.47882082294809847,2.636377714826048,40,0.0018821003922022098,0.002751807473754025,0.9814943470664219,0.891658641020914,0.850767256333682,1.604593528321825e-07,64.66627545982472,10
74,59,984,6042.65331331251,0.729277735907119,4.015388384796141,40,0.002285228708775909,0.002750734762070956,0.9288108824354273,0.8810800563572827,0.9070093341203537,3.6086130747574727e-07,61.446425179117064,10
75,59,1024,6044.339993757136,1.3514708748168176,7.441171155979007,40,0.002715129533890364,0.0028049859705353585,0.9757453862747156,0.6746231728645409,0.571523584145742,4.338845811288689e-07,67.50566181388767,10
76,59,1064,6046.021975647105,0.37695771676320533,2.075521523452932,40,0.0017172817260007976,0.002801341940741357,nan,0.9794951070880995,0.9756929120150357,4.65118207097796e-08,64.72175324499702,10
77,59,1104,6047.6994482214595,0.18427831865502958,1.0146326754055852,40,0.0011917723735532678,0.0027866816426161596,0.9895157508054152,0.9484210924660156,0.9428618894701541,3.513668071847879e-08,118.32333503220872,10
78,59,1144,6049.372071075987,0.5267913139199161,2.9005022626865586,40,0.0020389668925469354,0.002801583242335097,nan,0.9799433618477275,0.9774961601360266,4.0570003545936335e-08,65.43613864151068,10
79,59,1184,6051.039895860671,0.280738422569601,1.5457400461427728,40,0.0014992239073945764,0.0028328850122273652,nan,0.9849429292370566,0.9835679843891437,1.2817520857682191e-08,61.67341001268461,10
80,59,1224,6052.702959228555,0.42185285035154296,2.322713216094213,40,0.0018422493479359392,0.0028302885425357718,nan,0.9933407910959621,0.9917737319944832,1.808545459275552e-08,69.81764931271768,10
81,59,1264,6054.361174682404,0.5082012751348246,2.7981458871450555,40,0.001983294252740367,0.00280155847458749,0.9289881470767687,0.9058136999812306,0.8818269285082619,2.315162672531738e-07,68.75513086077261,10
82,59,1304,6056.014388133047,0.28790753097437805,1.5852130112430707,40,0.001501024019668853,0.0028029329399415883,0.9227867885433847,0.9170156189102854,0.9045072218700924,4.5671595664594233e-08,69.03326534037056,10
83,59,1344,6057.662756513086,2.6857061097036583,14.787443228972473,40,0.003244905947796401,0.002547321733556441,0.9900116059527647,0.5858551831268954,0.4370912795225626,1.0591503959594974e-06,70.87060763560812,10
84,59,1384,6059.305997683657,0.5030013833202289,2.7695153885483137,40,0.0019885124687052604,0.0027656692780529397,0.9697759209557606,0.9003616455061599,0.8951763500321019,1.0531218143673642e-06,67.95058778106521,10
85,59,1424,6060.944339300547,0.2506264709020915,1.3799442525568573,40,0.0014081954977819388,0.002811213416226808,0.97990050710639,0.976713437408996,0.974573666705094,5.484764615887749e-08,68.42873615527674,10
86,59,1464,6062.577563044404,0.33165168084593777,1.8260674109438364,40,0.0016156506956656923,0.0028043477430092596,0.9853112369791868,0.9709505177829947,0.9661333034387535,5.888740029230957e-08,71.43195334977806,10
87,59,1504,6064.205557655459,0.30309836665568,1.668853443614388,40,0.001512411827314614,0.002823070283914567,0.9905567805496843,0.8929528207556962,0.8621747206658738,1.0442637625620336e-07,69.38359891096853,10
88,59,1544,6065.828510389403,0.1529738784498656,0.8422710641793651,40,0.0010944273549330973,0.002796071161125984,0.981821244356587,0.9362997061344904,0.92602571024703,2.1845028684380658e-05,70.18642515349588,10
89,59,1584,6067.446211365661,4.420346713609163,24.33833912195367,40,0.003527164252324989,0.0028138160770120736,0.9931776599629907,0.3877469918548338,0.307053729949669,1.2208844345275902e-06,73.36230806677963,10
90,59,1624,6069.058618119787,0.29798781669675206,1.640714859458278,40,0.0015551893903907588,0.002839195637534849,0.9713467881867406,0.9670336643314814,0.9651894924650662,1.1355306807508287e-07,70.81290736806096,10
91,59,1664,6070.665747473098,0.17335688934640642,0.9544995077082749,40,0.0011823674292428079,0.0028281635631309697,0.9819511691973473,0.9610636310106104,0.9592635664483705,1.0282598326474697e-07,71.45560451101866,10
92,59,1704,6072.267559246897,0.09566889257975587,0.5267509772161572,40,0.0008726191941508559,0.0028217946451281773,0.978806076952687,0.9555337066186398,0.9542072693520023,1.574132480127081e-07,73.66584109918796,10
93,59,1744,6073.863988428037,0.5310883823031995,2.9241618338284763,40,0.0020670624667931963,0.002834905800706918,0.9744162697259091,0.9491139584692085,0.9447715501283075,1.4815958865597367e-07,72.82331944557919,10
94,59,1784,6075.454972145147,0.14760188316498252,0.8126929673747667,40,0.0011094697162756138,0.0028879119260300174,0.9789832271917739,0.9645906915560226,0.9616025892329587,9.846532169033238e-08,72.71242584938892,10
95,59,1824,6077.040548530695,0.3945825881487785,2.172563706918368,40,0.0018239284526324437,0.002908263814963758,0.9771580529996455,0.9644211413954116,0.9614970851902922,1.989726760469493e-07,74.86421342104433,10
96,59,1864,6078.6206019251385,0.6701064609158769,3.689592547881038,40,0.002344516550612496,0.002897221029006089,0.9776164184034261,0.9045449672580201,0.8897161709208298,3.2550534738093186e-07,72.63461353756111,10
97,59,1904,6080.195072906907,1.8952808574614963,10.435377862607083,40,0.0032461881801289756,0.0028630363705683913,0.9890604577108509,0.6500065745333793,0.5545495895331356,1.0441630593994803e-06,74.37591320106714,10
98,59,1944,6081.764047985858,0.339763188225648,1.870729205637408,40,0.0016975552200299286,0.002911255437559342,0.9815716623645387,0.930614212420609,0.924125743993381,1.753494328331507e-06,71.77904609147797,10
99,59,1984,6083.3273730889705,0.5922649547428952,3.260998797719116,40,0.00223875153420758,0.002934443650195238,0.9726424182741283,0.8664393451090641,0.8389086182749254,5.320366348514803e-07,80.0436615658539,10
100,60,24,5900.892801738444,0.3686053632493026,2.029533634841853,40,0.0017063318249917663,0.0029659683065923195,0.9934018461207725,0.8587696112309695,0.8079271308909816,4.3126165540896416e-07,56.34460761741204,10
101,60,64,5902.648569557843,0.4000953392527279,2.2029168024006216,40,0.00187335649558908,0.002976490650817171,nan,0.9374457149057557,0.9261139683150523,1.2427859030543306e-06,56.95850415266579,10
102,60,104,5904.400358743791,0.39591584588657563,2.179904596912262,40,0.0017867071443989256,0.002908488222014092,0.9913545331070588,0.8778612128013844,0.8320861908105179,2.3043435521857786e-07,53.010537772042035,10
103,60,144,5906.148462295379,0.4232173005050475,2.3302258508947267,40,0.001850755462742096,0.0029028654908434914,0.9334470483576358,0.9120068852802475,0.9341360732622662,4.769266764668861e-07,55.828795466050884,10
104,60,184,5907.892659047358,1.7790605885742174,9.795471425332686,40,0.0030057778334733444,0.0028556460099207676,0.9880514611291449,0.6181496576718062,0.5082453263966182,5.13153683630464e-07,52.238980319490025,10
105,60,224,5909.633249740202,0.3083493104352987,1.6977650332924576,40,0.0016076164500029363,0.0028784999052505556,0.9771796492309576,0.9486506738352132,0.939571279838784,2.2072042615643374e-07,54.408130506321065,10
106,60,264,5911.37001904424,0.4761342938675675,2.6215857403364344,40,0.0019191484702347065,0.002874024195462124,0.9896013903877691,0.8454879944842272,0.8059081848205343,1.0497579421576128e-07,50.64362206765116,10
107,60,304,5913.103241540224,0.5322266085385071,2.9304288843354267,40,0.0021006072206635334,0.002872861253919846,0.9815338986978558,0.9623274854038932,0.9475981345829781,8.547768684582073e-08,53.73377562066642,10
108,60,344,5914.832672695451,1.7455390424615342,9.61090247406222,40,0.002916654201320681,0.0028538615309456382,0.9569163843178791,0.5299233093788923,0.49074353829346345,5.972309381830472e-07,53.66763275586169,10
109,60,384,5916.558463444118,0.57661074063386,3.1748070131470203,40,0.0020652261519696516,0.0028437450069716155,0.8455087766837497,0.7496685056203471,0.7776502734645242,1.758741712702626e-06,55.060322076410394,10
110,60,424,5918.280424277247,2.2358496997786292,12.310542983290064,40,0.003380508734062333,0.002797057976171487,0.9856711422517925,0.623963088507632,0.49617225889859995,1.0171301386630902e-06,52.975129494647035,10
111,60,464,5919.998674991065,0.2715973045740084,1.4954092363342193,40,0.0014169885828949934,0.0027755380785292427,0.9815487934718347,0.8726549557697593,0.8432725523310041,3.6712116368568424e-07,55.25343633716434,10
112,60,504,5921.713060892704,0.34367685371610374,1.8922777682475176,40,0.0016126831805306856,0.0027516760068124766,0.9796146172590434,0.920068626698665,0.8963976370406851,2.0158602913596434e-07,53.148230630125006,10
113,60,544,5923.423609203737,0.8957211494268261,4.93182243518099,40,0.0025521186701887404,0.002759597484396853,0.9780800067334169,0.8294784256275568,0.7796996391884735,2.958158750080163e-07,56.29191374320504,10
114,60,584,5925.130152318065,0.21944281553431724,1.2082476801892703,40,0.001304324959412402,0.0027936603303075364,0.9809769523302594,0.9433168716933032,0.936591026511237,1.2434221688670276e-07,54.140131363798886,10
115,60,624,5926.8327399775035,0.6198140698207844,3.412683665155213,40,0.0021891332115831505,0.002777359334382979,0.9723510228832397,0.9591848585973465,0.9526036073018697,1.0508015084212701e-07,57.7177252204371,10
116,60,664,5928.53119475037,0.702641314791053,3.868728791755155,40,0.0021056589820129153,0.002775884921541695,0.9819258461815689,0.7913059504789075,0.7212853662980264,2.506977208680246e-07,55.8856078589787,10
117,60,704,5930.225551358026,0.2915808112938798,1.6054380179898915,40,0.0014596951796023187,0.0027645418699776816,0.9338626580995412,0.9157930737193096,0.9207002025705974,4.2463548299749013e-07,59.06999847233737,10
118,60,744,5931.915652093063,2.462029166328093,13.5558825269859,40,0.0033801863418194745,0.002754288953866797,0.9908059671772815,0.6017537443946477,0.4871258286038465,7.543592691097306e-07,57.01659130934832,10
119,60,784,5933.60151141164,0.6440371592048818,3.5460555027525853,40,0.0022159386009416976,0.0027649048844334253,0.9804755578393981,0.9473208577046113,0.9354293448291245,1.0794349488768622e-07,60.50410656474271,10
120,60,824,5935.282986790946,1.3974037923526272,7.694076865932806,40,0.002500964634851042,0.0027628662268164472,0.8894931922219774,0.5614777677534066,0.4906357298649244,6.079541622005381e-07,59.884674159861326,10
121,60,864,5936.960081725942,1.523949548304951,8.390835225029242,40,0.0026826226981110338,0.0027826221102787967,0.8654649414751857,0.566173924777269,0.49427266207765935,6.069556935440281e-07,62.73112663259596,10
122,60,904,5938.632678452962,0.2968664006533419,1.6345403655260973,40,0.0015173607099508513,0.002805924855103425,0.9827890377657885,0.9368436479073129,0.9153985452212219,6.371836024791905e-08,63.0995816189983,10
123,60,944,5940.300769283485,0.18372077667819414,1.0115628606181688,40,0.0011951429228795449,0.0027878511938718813,0.9666729851750385,0.9698882766286806,0.9652633187135948,9.665527799500271e-08,62.68905456927776,10
124,60,984,5941.964280590608,0.7877967819101388,4.337593062164496,40,0.002395316210406796,0.00272306349722246,0.9854096367898508,0.845811848104526,0.8123248772544791,6.285360510273326e-07,65.03275286494114,10
125,60,1024,5943.623123984534,0.18015573261149787,0.9919338004784227,40,0.0011505907763671806,0.0027184556966087367,0.982391461650268,0.8970706633886751,0.8835004790252046,1.7309232111111598e-06,63.918012500931155,10
126,60,1064,5945.277344848497,0.3447119599432061,1.8979770420861286,40,0.0016021574221218183,0.0027571478999805694,0.9839511243791085,0.9055238505988097,0.8931647710854385,2.0507000287657966e-07,66.2037471888169,10
127,60,1104,5946.926775827036,0.35109480687875744,1.9331208675246838,40,0.0016449350328328,0.0028074672738238227,nan,0.9573276541190916,0.9429715567108926,6.021080059658028e-08,97.52259304291302,10
128,60,1144,5948.571567442413,0.08949044755139171,0.4927325845222733,40,0.0008129936443018885,0.0027166199056109126,0.9764016483211543,0.902374158944359,0.8886359636648533,1.0402803231941248e-06,65.69149485684535,10
129,60,1184,5950.211549828007,3.3505501086539295,18.448060768277607,40,0.0039108745074900855,0.0025972253699281032,0.9860917715376866,0.5552398529820095,0.46940072087004914,1.5522512367003074e-06,69.1938278596168,10
130,60,1224,5951.846665739631,0.16102508717415098,0.8866008557022786,40,0.0011017408130272154,0.0027170090630932115,0.9777430234872125,0.92120156618889,0.919484910717258,3.863551950072355e-07,67.14036198427102,10
131,60,1264,5953.477068047525,1.197310809877711,6.592368973109757,40,0.002636440317872665,0.002801402589485355,0.9860524622496156,0.7296957019218374,0.6347820828514779,1.8720756835637288e-06,71.34569704277943,10
132,60,1304,5955.1024399676735,0.43507851556999083,2.3955334598567646,40,0.0017820525242970473,0.002821942436631042,0.9410552037408902,0.8593481122946655,0.814247117339734,3.951167185627848e-07,65.58299468785093,10
133,60,1344,5956.723176478596,0.09117398598184268,0.5020021128873237,40,0.0008500825397858469,0.0028154988131973216,nan,0.9787440067923269,0.9776168016381732,4.580282730962115e-08,68.75412043575784,10
134,60,1384,5958.33895823941,2.197175840673001,12.0976055014474,40,0.0032734521206664044,0.0027692247338465697,0.9912513378221726,0.625964768640881,0.5153882556096064,5.857026129143388e-07,69.33610846930348,10
135,60,1424,5959.949704963123,0.20359449965865356,1.120987175236977,40,0.0012474449245540328,0.0027775948231823716,0.9825581854662043,0.9161039780524122,0.9068989093734545,2.903320884285051e-07,65.86196671719101,10
136,60,1464,5961.555699137174,0.1702600302944701,0.9374482647397391,40,0.0011356862060354195,0.0027643842796958853,0.9838296350977259,0.9415871559675701,0.928532517261262,1.0591143889850365e-07,69.72454902212046,10
137,60,1504,5963.15673321561,0.5081492398559548,2.7978593819576822,40,0.0019970301550577504,0.002799664358811912,0.9806823695048033,0.9661618323706745,0.9618317946615405,1.0813466358130842e-07,74.21671750814858,10
138,60,1544,5964.752609423151,0.33203972841187235,1.8282039929513263,40,0.0016331949765367082,0.0028221733480780185,0.97714513066167,0.9693629460147878,0.9647378047230538,8.279517913475567e-08,66.37820030611515,10
139,60,1584,5966.343685898151,0.39351980350375076,2.1667120362734718,40,0.0017829718699990539,0.0028482898798458884,0.9667266010392699,0.9707801048322482,0.9641954873864238,1.975325177441971e-07,80.35293988860903,10
140,60,1624,5967.929622455258,0.2723379529191125,1.4994872310620446,40,0.0014284573642136841,0.0028169845706639794,0.9848727129625581,0.8678664918550142,0.8275979372862236,1.4439551080808115e-07,74.1012460123147,10
141,60,1664,5969.510315761263,0.2117056198207549,1.165646837918268,40,0.0012993466513841491,0.0028300234855649434,0.9751588509058641,0.9561312360066203,0.9472253547405153,2.648474283203253e-07,66.8391259896112,10
142,60,1704,5971.086069069994,0.2590300228875597,1.4262140389113076,40,0.0014265907236714127,0.0028086880382070484,0.9796585632447837,0.9368140087327739,0.9305122268426725,2.2443005587579257e-07,80.08176095940095,10
143,60,1744,5972.656566367114,0.298559603985083,1.6438631086411253,40,0.001558860027266966,0.0028521443915121344,0.9740671225725028,0.9525991158406895,0.9434503838892735,2.1047452859229816e-07,78.37534848448199,10
144,60,1784,5974.221711524175,0.15870571892587743,0.8738304612892388,40,0.0011491043902939141,0.002884900390205734,0.976939570408244,0.9637456289900423,0.9629981699896558,1.6673767598409572e-07,72.27957452437677,10
145,60,1824,5975.781696708187,0.5490023363761066,3.0227957006921753,40,0.002138603626262001,0.0028469101784029385,0.9652741773479305,0.8216241083842867,0.8217495364734704,9.54317870540684e-07,73.20997852436987,10
146,60,1864,5977.336212659044,1.0024576966940153,5.5195116940568445,40,0.002453679631598252,0.002878111312422915,0.9687224423599623,0.6483166568912397,0.5770758636118812,1.6811510442571986e-06,75.7368973164355,10
147,60,1904,5978.885234053065,0.8402164209953197,4.626214529068359,40,0.002191004565086726,0.002886686401593377,0.9862319577633533,0.6692068345384005,0.6002425878825026,6.063975829627493e-06,74.39136040881313,10
148,60,1944,5980.42884138943,0.9781684424169234,5.38577555390404,40,0.0028204310532033688,0.002921299665309844,0.9858558518311987,0.7884025868436414,0.7474707290153646,4.1001112810225733e-07,74.89181475230937,10
149,60,1984,5981.9668393598095,0.5166487707357739,2.8446576261527965,40,0.0021763068619706704,0.003028582582286182,0.9641546423542837,0.9497292922258548,0.9468809431732479,3.3513455629218224e-07,75.1247201479191,10
150,61,24,5804.162273639578,0.5187078003885442,2.855994601552712,40,0.002137708993546178,0.0029428198867160965,0.9743330916435303,0.9379579150050384,0.9352484036660998,1.8367872945666566e-06,47.1839681553874,10
151,61,64,5805.8902182779875,1.556638120192104,8.570817837151608,40,0.0032096517628619,0.002808048544042989,0.9861663986583925,0.7054812968158988,0.6357325249782115,1.068265627259545e-06,49.626102643112766,10
152,61,104,5807.614585492076,0.9484979396659365,5.222410369076091,40,0.0025048256514559153,0.002883000463466727,0.9693939564281534,0.7446928125959652,0.6676404574019242,5.576201330979816e-07,57.149485330925955,10
153,61,144,5809.335421523912,0.3532514276433309,1.9449951776017727,40,0.001719631879893047,0.0028871982900172052,0.9814331404764782,0.9260208320942375,0.9117650173236493,7.118181905424907e-06,54.069185934720146,10
154,61,184,5811.052585258204,1.2852849580768628,7.076752844230977,40,0.0027472193894050507,0.0028952621960912257,0.9920504153537433,0.669217919321059,0.6007076556162279,3.758576811715449e-07,51.37257178983881,10
155,61,224,5812.766046802983,0.4491750281690504,2.473148571589183,40,0.0018911806064739814,0.002894786667596259,0.987200200842996,0.8939277476031601,0.8598091058739635,9.997030571855031e-08,53.388673973413894,10
156,61,264,5814.475876640368,0.2613348986989063,1.4389046382613162,40,0.0014563270277447103,0.0028542609039312037,0.9819800997957513,0.9511770007206514,0.9447020190888494,9.473512486287481e-08,52.48725124477122,10
157,61,304,5816.181843036118,0.46745454114993346,2.5737951983669354,40,0.0018917419393787796,0.0028656273264819985,0.9759694881543435,0.8792748069528825,0.8517470225062338,3.1482576987791505e-07,53.661280038921575,10
158,61,344,5817.884106102644,2.1458935724564965,11.815246375419207,40,0.0033138766005059244,0.002799611011428633,0.9906831850604502,0.5730158997716077,0.476460173079667,1.3103824065376735e-06,53.473261837658065,10
159,61,384,5819.582470292872,0.30334191196712845,1.670194399146981,40,0.0015527501695641358,0.00281815799066592,0.9779407531260469,0.9512816467617927,0.9431550544869527,2.391091506223716e-07,54.52857138407748,10
160,61,424,5821.277044301885,0.3356378418603742,1.8480151324348622,40,0.0016070663333212405,0.002779487445812518,0.9786449130920308,0.9313993828775202,0.9284341652313948,1.811365502396132e-07,54.74692144059844,10
161,61,464,5822.967586092729,0.14850042021081497,0.8176402940782987,40,0.0010635519084019284,0.0027619017876040226,0.9736381544396845,0.9204860262324164,0.9122228745325562,2.3289672633603262e-07,55.65680713609184,10
162,61,504,5824.654272973827,0.29233107271358305,1.6095689421109876,40,0.0014799821504313517,0.0027506427127886677,0.9806845592033955,0.9094258661565902,0.8965825218735887,2.8154440087978373e-07,55.84819883487813,10
163,61,544,5826.336883659458,0.2218766788953123,1.221648482364815,40,0.001308647408394653,0.0027751755791699134,0.9647967953039737,0.9399944419696507,0.9414178992052612,3.1786940261954465e-07,56.70752300641805,10
164,61,584,5828.015562929819,0.5963534655966249,3.2835100553441126,40,0.002145152486197178,0.0027613253099075205,0.9638778532812132,0.9293842638552983,0.9169193677625088,2.4243122932578533e-07,56.59264043146866,10
165,61,624,5829.690059700466,0.5172288649392246,2.8478516130413807,40,0.001990997396303825,0.0027676894430883397,0.9747836706957596,0.9171084270137986,0.8991587622165995,1.8606620670567747e-07,59.19630546008629,10
166,61,664,5831.360575876142,0.2758263590667484,1.518694324377797,40,0.0014545604967685084,0.002768152842219678,0.9767453737438586,0.9513409984385179,0.9452358229309163,2.390246085107045e-07,58.01566466937051,10
167,61,704,5833.026897082592,0.7865458076693266,4.330705223431851,40,0.002310049192754789,0.002764240634129905,0.9809735496895998,0.7971851397244437,0.7390686198242825,2.2051871778691872e-07,60.882884142029795,10
168,61,744,5834.6889909241245,0.2469606242131877,1.3597601752289536,40,0.001373378917804407,0.0027761737339914976,0.9769483448193508,0.899497032663597,0.883702897800221,1.0794204331264759e-07,58.45708340532379,10
169,61,784,5836.346918729998,0.3343343285182123,1.8408380144785144,40,0.0015509853402159224,0.0027639616206270434,0.9748213795226313,0.8757539924428831,0.8525399072202964,1.6689638608610096e-07,62.365720428437264,10
170,61,824,5838.000511459466,0.12311765568407955,0.6778833087263564,40,0.0009680806628888872,0.0027553652468962422,0.9767825001563117,0.9405200721041097,0.937919727308206,4.156990195668572e-07,60.52096879354008,10
171,61,864,5839.649854210096,0.5483409813576676,3.0191542934086204,40,0.0019463555906425766,0.0026985264569228144,0.9835575220334204,0.8397107304756746,0.7971825912669416,2.805913871130143e-07,62.41981161679439,10
172,61,904,5841.294773128468,0.19706172804968905,1.0850178675951723,40,0.0012267002251694385,0.002769380198946081,0.9805681163258445,0.959478393662564,0.9568847028158985,3.1578241486364984e-07,60.06397723734968,10
173,61,944,5842.935382310772,0.1866938312087397,1.0279324384093638,40,0.0011987685038986756,0.0027732767242104437,0.9782378920179974,0.96304635161827,0.9561325869465753,9.358316936292919e-08,65.21155881784881,10
174,61,984,5844.571470404222,0.2340346790725744,1.2885901841204617,40,0.0013591115404326245,0.0028053884043575538,nan,0.9777354705387657,0.9714898353147154,4.200125038663682e-08,62.81704045084692,10
175,61,1024,5846.2031810301005,0.34424174361098586,1.895388040522287,40,0.0016404113353952815,0.002798037248197079,0.9870759874874094,0.9644626439409777,0.9566154341968448,7.610687459762488e-08,64.30836879401429,10
176,61,1064,5847.830330410241,0.8256739643384868,4.546144058421652,40,0.002407322296491831,0.0027925456014613725,0.9899138256787187,0.8260707641967494,0.7687881081084534,1.6113127278941787e-07,66.00748542651654,10
177,61,1104,5849.452940971603,1.179139732710867,6.492319391719174,40,0.002791177082322177,0.0028060484406908686,0.9898572701017014,0.8549557397332185,0.7931538567643617,2.6609040002440343e-07,80.42501672876647,10
178,61,1144,5851.070942120461,0.4555430471708194,2.508210754725843,40,0.001873869675570621,0.002797638879439043,0.9888052320523016,0.9449656411842458,0.9342563171555608,4.124102609831484e-08,68.35536927416973,10
179,61,1184,5852.684329703485,0.3108932538739867,1.7117719341374154,40,0.0015800582288793405,0.0028342963432421726,nan,0.9910547937238635,0.991407181542915,2.537186152649604e-07,66.72468755167338,10
180,61,1224,5854.293010943199,1.3484295283906715,7.424425564399281,40,0.0028874700445583458,0.0028189543121163252,0.8778631582394362,0.7219469148100873,0.6571676519557819,7.685298190407632e-07,66.44846861263969,10
181,61,1264,5855.897025980081,2.468634073008655,13.59224900886513,40,0.003585903714752481,0.0028019070018470323,0.9227339040017781,0.6782104482861249,0.5603144034148679,6.506033725834814e-07,67.29403132668554,10
182,61,1304,5857.496323451971,0.6006256044725257,3.3070323651252966,40,0.0020724525289207815,0.002780831707989472,0.9797454708783655,0.833685009562494,0.785786954991681,5.866089677485415e-07,67.1784609784143,10
183,61,1344,5859.090854883891,6.4550843929532835,35.54156341013625,40,0.004327170046973132,0.0026470212671373602,0.9908252286461121,0.365741754784566,0.2844288697763677,3.601300746016268e-06,69.43036756342248,10
184,61,1384,5860.6804883571585,1.7169834427639703,9.453675922776016,40,0.0025463832731476782,0.002377861807842909,0.9927109828304048,0.5524290094792049,0.4711740789621073,5.185416143804153e-07,67.68691304991626,10
185,61,1424,5862.26540050368,0.3406437752007407,1.875577699616443,40,0.0016353867205510962,0.002807239447741348,0.9730084562887521,0.9534763794169484,0.945706073259925,4.374229667768226e-06,69.48051617042711,10
186,61,1464,5863.845515520099,3.073110606232604,16.92048450939111,40,0.0034519031408300808,0.0028205728231814565,0.9973841284840248,0.5129217681264444,0.4256155833542658,6.936290499053567e-07,70.57033526915264,10
187,61,1504,5865.420553993965,0.3005542680804657,1.6548456885908711,40,0.001571170603104135,0.0028588644699915127,nan,0.9675405930826384,0.9584750136127523,5.750380471735238e-08,66.94692460585308,10
188,61,1544,5866.990810340984,0.5185883727604828,2.8553370354610426,40,0.0020412529221488607,0.002828381250271972,0.9718180984886607,0.959400890213777,0.9576389468474412,2.0557754511336938e-07,73.00464576951978,10
189,61,1584,5868.5560732374815,0.9791626172774711,5.391249460470698,40,0.0024604442343036078,0.002818945051648869,0.9905745486150174,0.7648993977730039,0.694941509495249,3.6919585476435787e-07,71.40352285625043,10
190,61,1624,5870.116361593669,0.2632646156369508,1.4495296204833912,40,0.0014625979054565341,0.0028431233305567984,0.9788616988960968,0.9576988329176012,0.9564210691018271,3.363761027490218e-06,69.40632791543136,10
191,61,1664,5871.671645995477,0.27003707381360614,1.4868186374931234,40,0.0014636899908381448,0.0028174713780268193,0.9803715265203533,0.9442495618392704,0.9360588570969063,2.5765330067243975e-07,73.90588577092974,10
192,61,1704,5873.221845281105,0.16061895744180815,0.884364713654227,40,0.0011452146377525052,0.002853425412790038,0.9725662666392783,0.9508991596516084,0.9430666811094405,2.2155531657647218e-07,71.53469325078363,10
193,61,1744,5874.766964132649,0.24661500860520968,1.3578572227191625,40,0.0014048665018845485,0.0028490427716403384,0.9838177374473502,0.8940097661671189,0.8742053840019763,1.2659761259083693e-07,72.00531499375664,10
194,61,1784,5876.306986876705,0.17060934810967077,0.9393716015272175,40,0.001197982279014863,0.002897791263161551,0.9716871742589729,0.9665344149976718,0.9633871720162323,3.714582850144117e-07,73.97199089207656,10
195,61,1824,5877.841765852714,0.22533469847390336,1.2406882678492859,40,0.0013814595708039295,0.0029130021801074494,0.9822344225759767,0.9455365187969769,0.9340106199979126,1.0964377019525752e-07,71.60333218955758,10
196,61,1864,5879.37132822489,0.5570929502187857,3.067342455995702,40,0.0021257059421153244,0.0029266639698682004,0.9852180970356299,0.8508073506971813,0.8133696639797858,2.697789894332605e-07,74.28879970697349,10
197,61,1904,5880.895583928783,0.6862686625571105,3.7785813014760166,40,0.0023840858237512245,0.002910479939287762,0.978398210261578,0.8634062125863834,0.8392749995107273,2.2923656367388626e-07,80.92920246886263,10
198,61,1944,5882.414417930955,0.5071127106961344,2.7921522734804594,40,0.0020707623497192695,0.0029536167586000257,0.9738656779292283,0.849239902534043,0.8239685962231659,4.6221147013160176e-07,76.29128468438905,10
199,61,1984,5883.927759925486,0.3675985023079511,2.0239898789722477,40,0.0018362316261084923,0.0030025561654913107,0.979191002302576,0.9454460653312576,0.9324048750061454,4.213105868028453e-07,77.96496828222062,10
200,62,24,5710.555631495847,4.14184824977177,22.80493224304319,40,0.004420124603418768,0.0028797815111695478,0.9882559153023944,0.528594055549669,0.44430871328985333,1.2737732157063773e-06,57.5728515482282,10
201,62,64,5712.257536442661,3.301758234916568,18.17941370361198,40,0.004007318824981667,0.0029646138488722733,0.982241044714872,0.4704036025846019,0.4008832994606384,1.5458158430026256e-05,62.4181061626223,10
202,62,104,5713.955232125925,4.335535063023021,23.871367898383564,40,0.004592275837721258,0.00296086967345872,0.9964450335903833,0.5198310782403222,0.4317772753252466,1.0155356426235572e-06,57.485663631895505,10
203,62,144,5715.649131717392,1.6832993431785082,9.268211955389788,40,0.0033429216643950624,0.003005983647041932,0.8130074236437465,0.5949468944676396,0.5339041757419759,5.688641617831403e-07,62.121959237886635,10
204,62,184,5717.338957497439,1.6057706444288506,8.841340516540074,40,0.0029453599559947064,0.0030234882376395343,0.7007722302397872,0.5867879747924083,0.5144011238961886,5.102234657806899e-07,54.47047537394433,10
205,62,224,5719.02508318915,2.7143929315167448,14.945392286558477,40,0.0040390203108900714,0.002985046024840285,1.0094480970016901,0.6141479346253961,0.5127261129393997,4.73393148465309e-07,57.58511963496126,10
206,62,264,5720.707305056993,0.4455441576633687,2.453157072414896,40,0.0019941209153238166,0.0029884588939156197,nan,0.980578484669941,0.9747452384666274,4.7521607608698096e-08,53.885638592885236,10
207,62,304,5722.385861690336,0.79038440392881,4.351840456382682,40,0.0026229888665939413,0.002968333910648841,nan,0.8972012298326177,0.8686041063246683,6.256841447395423e-08,57.78849011900396,10
208,62,344,5724.060559293291,0.43599725351619034,2.4005920123069533,40,0.0019662205438502884,0.0029753973234334704,nan,0.988484815073085,0.9838701749956493,2.5619278410904817e-08,53.124302948328946,10
209,62,384,5725.731593686942,0.5417722262648856,2.9829868614366033,40,0.0021671710641567514,0.002955343996479015,nan,0.967309821709722,0.9488905127921522,1.3729381568627077e-08,56.31421598472107,10
210,62,424,5727.398815381667,0.5815384313261053,3.20193877789903,40,0.002262400305778606,0.0029595228203764235,nan,0.987230278309862,0.9752951778163077,1.1173303163760366e-07,53.482929872302606,10
211,62,464,5729.062286913722,0.9574559058609784,5.2717327487950145,40,0.002759600609580069,0.0029000230251225627,1.0003939600073761,0.8322692777255574,0.7885370533603211,1.573119796715957e-07,57.595997929648846,10
212,62,504,5730.721903888979,0.4605702828401874,2.535890612097746,40,0.001960485776453055,0.0028780432101405944,0.9897296299075513,0.9634674557843006,0.9548169926457107,5.872961229198326e-08,54.25719035655299,10
213,62,544,5732.377721120081,2.1795899046758165,12.000777695438721,40,0.003430746419626833,0.002859124735543256,0.9246472690329882,0.6184411976268179,0.5283543568826294,4.460073658282624e-07,55.91765282364751,10
214,62,584,5734.029605819432,0.5139965055025983,2.8300543077100024,40,0.00193019388694531,0.002862727114475798,0.8628493360899571,0.7195789372575003,0.7163884019249585,4.940304643546445e-07,54.9820440597665,10
215,62,624,5735.677586020244,0.28681494932512325,1.5791972788987916,40,0.001530873352929765,0.002867646169436096,nan,0.9397066798798227,0.9222881144081597,4.246758199983585e-08,57.61118539179844,10
216,62,664,5737.321549247581,0.6045416599986434,3.3285940872231623,40,0.002231518117715973,0.002866511380945567,0.9863943695792287,0.9372819311552036,0.9178059218774315,1.7325660955653674e-07,56.494090609029165,10
217,62,704,5738.961494114517,0.46368098131612634,2.5530180546534296,40,0.0019075423379778726,0.0028594555413601988,0.9933235774587634,0.9000998584607659,0.8782519878492077,5.9596896991397796e-08,58.26750380152083,10
218,62,744,5740.597309681988,0.3481113039148855,1.9166937608720518,40,0.0016818243586093195,0.002838902615350297,0.9631582968948091,0.955246933030403,0.9452867012841271,5.3613540550735e-08,58.01938864371672,10
219,62,784,5742.228988951008,0.5619336225641198,3.0939950994990464,40,0.002137378836828741,0.0028401668658208016,nan,0.9635476683714476,0.9589943213256441,2.0885829839816157e-07,59.97253214261464,10
220,62,824,5743.856435432629,0.994386349614633,5.475071021160261,40,0.0025911625060054642,0.002847382652006223,0.9988977797995449,0.761958458019204,0.7047537595362475,1.7607147423651713e-07,59.49268836589299,10
221,62,864,5745.479633971909,0.618786152877243,3.4070239753657026,40,0.0022440424678707143,0.002866229748080283,nan,0.9663371950193791,0.9533475316274164,8.593013478559188e-08,62.607363447568844,10
222,62,904,5747.098457437925,0.19923006491943274,1.0969566863090936,40,0.0012748505176177686,0.002885848381163381,nan,0.9818880814851546,0.975715589754451,1.7186652313362527e-08,60.913380618214944,10
223,62,944,5748.712975375421,0.7781991822544251,4.2847488736173975,40,0.0022909939235816355,0.0028149192750689697,0.9850953963826737,0.7807533832463134,0.7379330791697063,3.665492114991146e-07,64.99564851936304,10
224,62,984,5750.32297857515,0.48401957350890984,2.66500192970266,40,0.0018726011444626088,0.002800297131377722,0.9742521264675184,0.8285863012612453,0.7885068249924455,2.485824925821458e-06,63.35459947275775,10
225,62,1024,5751.928617781825,0.533446001762584,2.937142838632094,40,0.0020788309054235662,0.0028398832206022397,nan,0.9806761824684139,0.9740986346190581,1.0098668794852392e-07,64.45121862066526,10
226,62,1064,5753.529745540502,2.1300211857352567,11.727853336880628,40,0.0033019237183394947,0.002837921834646851,0.9938824927931968,0.6492395131689344,0.5516925799575872,1.3262086576864102e-06,66.31424138121979,10
227,62,1104,5755.126264841341,3.670284171466533,20.20851001666234,40,0.003756675018709521,0.0024395877143049104,0.9817411147039484,0.5175025584421472,0.4318664226570852,1.3855785206143123e-06,103.26493841918824,10
228,62,1144,5756.718224597257,2.7289300136488075,15.025433165181084,40,0.0033564702056131136,0.0028454064856296844,0.9464206005509175,0.5507406322639055,0.44419635179947653,3.1291014373306015e-06,69.494403173845,10
229,62,1184,5758.305558011974,0.5869670286240276,3.231828524236479,40,0.0021293137915753095,0.0028707392581034373,nan,0.8775883453251814,0.8373705613749288,5.8216822030333296e-08,63.23589114206367,10
230,62,1224,5759.888326747898,0.4286607634102004,2.3601974469633102,40,0.0018721338095339865,0.0028633551753367535,nan,0.971077925164085,0.9634586711176126,3.7498952696487586e-08,72.91108130515434,10
231,62,1264,5761.466432337063,1.2436879413617778,6.847720516030028,40,0.0028410246565313537,0.0028233552247347504,0.8625487428295386,0.750293762598026,0.7011612151269401,3.288850118101099e-07,73.94741038479003,10
232,62,1304,5763.039789097618,0.5331157810389392,2.9353246500424026,40,0.0018973813476529803,0.00279247101136798,0.8682730349531929,0.7602746853496352,0.7251110867920899,1.3320207496216401e-06,66.35228119703523,10
233,62,1344,5764.608537738379,3.733385212197951,20.55594306383513,40,0.003519127707167168,0.002760530116893781,0.980542822512126,0.4496971614277389,0.3631592524640098,8.157254720002704e-07,71.75688810129648,10
234,62,1384,5766.172429650006,0.258020603168725,1.4206561944649094,40,0.0014433319926441895,0.0028406539834723247,nan,0.9798564210979728,0.9771352480330784,5.415261843592539e-08,63.97004276574542,10
235,62,1424,5767.731762536998,0.5151704290264816,2.836517906761983,40,0.0020637852668062263,0.002893132437811108,nan,0.94138977245571,0.9284584257645826,4.770418067699677e-08,75.68899781872487,10
236,62,1464,5769.286263738341,0.2630192687556182,1.448178745543649,40,0.001484882288008162,0.0029008984175719903,nan,0.9952464230256978,0.994433462198988,1.0032425693792676e-08,70.33419789809545,10
237,62,1504,5770.8359347590485,0.38829904804489707,2.1379666628756855,40,0.0017909193142950433,0.002857152978375013,0.9847480624352385,0.9543600910843356,0.9506678547410016,5.0390497260115036e-08,68.7955076547153,10
238,62,1544,5772.380877655599,0.36785420969395644,2.0253977986400478,40,0.0017302678317084044,0.0028606945908593064,0.9778244647071368,0.9351135751159043,0.91697732270013,3.476697488382593e-06,69.90834692326466,10
239,62,1584,5773.9208741897255,0.5011718314690075,2.7594419132575325,40,0.0018074733087625155,0.002879991306784008,0.9925874426220588,0.7719088463843496,0.7251373629340665,1.8405946302917328e-07,67.21489931817693,10
240,62,1624,5775.45620390316,0.35132108915376475,1.934366773129658,40,0.0016939671655632402,0.002868054401565991,0.9896802879480039,0.9097391461792262,0.8886465239100076,1.4153701188814744e-06,70.38880651405914,10
241,62,1664,5776.98655674427,1.2274375096188597,6.758245969289242,40,0.0027672546394944494,0.002901496892231219,0.9902954695798002,0.7126286990251114,0.6292766387297494,3.8410110005863133e-07,70.13058178072353,10
242,62,1704,5778.511965560361,0.11237813268771571,0.6187517134854691,40,0.0009846360851456977,0.002938184780854033,nan,0.9812026406365543,0.9803008490741038,6.715702231866963e-08,68.48111603153956,10
243,62,1744,5780.032462896622,0.6562922118530921,3.613531573439811,40,0.0022935737821697514,0.0029413065986558344,1.0077374915340642,0.8245587269104805,0.7746823408636807,1.454025021906861e-07,72.79513944479353,10
244,62,1784,5781.547957806324,1.4672162610342343,8.078462898929393,40,0.0032207764324372564,0.0029530888217741934,0.9900850005289655,0.7271353138114323,0.6736140376214541,1.068322858624569e-06,72.76118672793432,10
245,62,1824,5783.058421344829,0.7774455745513618,4.2805995249281645,40,0.0023299177522112,0.002937147273367388,0.977675978698112,0.7045203088003991,0.6705291432498023,1.6190501151133011e-06,70.67917992391367,10
246,62,1864,5784.563842932532,1.5024406596852078,8.27240772164994,40,0.003321507291670266,0.0030328391363886333,0.9289839095562987,0.7145964403039506,0.6648589686959855,2.9129481827213186e-06,71.45427928925214,10
247,62,1904,5786.064208520496,1.4808506540757767,8.153533589774845,40,0.0032573422676372417,0.0029518554718997872,0.9570533798256439,0.748484105203682,0.7237946129236559,6.410492778833861e-06,71.08570301723304,10
248,62,1944,5787.559482705947,0.8106234668859262,4.463276325484152,40,0.0026812476675940884,0.0031336799185923488,0.9805975873952943,0.7878055384563826,0.7536971499053674,1.873096195565171e-06,70.46105293440796,10
249,62,1984,5789.0497226663065,1.4147231042093893,7.789436644845845,40,0.0033239489535032765,0.003150545962646631,0.9852068771051815,0.6937747881844012,0.631306183059363,3.272153491648122e-07,70.84721442264687,10
250,63,24,5619.920415714094,1.809942082867672,9.965504304969201,40,0.00342772552730584,0.003043008072454819,1.000230227236154,0.6585819015661003,0.5775977667766857,1.0878541406440988e-06,58.9143944179768,10
251,63,64,5621.595949392191,2.0294598075118877,11.174164433194372,40,0.003939303479840287,0.0029855059269456993,0.9960497008078968,0.729712407152901,0.6910289479768498,2.983906331554201e-07,56.43390864604914,10
252,63,104,5623.267639234842,0.15269818833293064,0.8407531200013947,40,0.0011624079621781846,0.00298639293395237,0.9814917060325942,0.922920730539913,0.9100233693160721,1.0209954229494111e-07,58.08217944566859,10
253,63,144,5624.935398228148,1.6481446409240033,9.074650879610992,40,0.0030163586531337595,0.0029265073740195767,0.97864961157767,0.6363555998943964,0.5377860610602181,1.3648078112702964e-06,55.649969942357636,10
254,63,184,5626.599407808844,4.3283291445565535,23.831692257832092,40,0.004365048150290454,0.002809455531702068,0.9864533428221718,0.4763126773824117,0.37679259699435547,5.628727076458981e-06,57.63279593252203,10
255,63,224,5628.25948472887,0.5534377516035208,3.0472170067447366,40,0.0021225941742442824,0.0029233941051431435,0.963871920351455,0.8445925160927815,0.8265750825078364,2.320571877708494e-06,55.63111009551771,10
256,63,264,5629.915852307998,0.3970718734836959,2.1862696613553805,40,0.0017815612617712727,0.0028418259907859182,0.970581858021349,0.8766383675194145,0.8521741421326215,1.057386972599685e-07,58.515206175510706,10
257,63,304,5631.568357312246,0.3352110723877063,1.8456653483962684,40,0.0017102006420806103,0.0029528881200312686,nan,0.9708899221650815,0.9680008782428036,4.896265554526905e-08,54.641451281869664,10
258,63,344,5633.2171487674605,0.19404346179381277,1.06839935496364,40,0.001267407420737991,0.002890884333316947,0.9819120035423502,0.9219073833524093,0.9206458638478138,6.609458833212281e-08,57.70439738232154,10
259,63,384,5634.862083762284,2.563097553557056,14.112363011947455,40,0.0035254897302868025,0.0028546046604539825,0.9891646926889507,0.5577618020071213,0.46824232463060783,7.521289259893603e-07,54.682678273341075,10
260,63,424,5636.503188269364,0.8708411277456778,4.794833541714095,40,0.0022305151276809884,0.00278160261958025,0.9861369679792134,0.7221306711418061,0.6511035488929346,7.140511009960371e-06,55.54095547441968,10
261,63,464,5638.140616769089,2.411073185299711,13.2753199315808,40,0.0037496801940775197,0.0027510460325389143,0.9845727339003038,0.6837750636577036,0.6005427030409046,9.820815955529445e-07,55.74591691688209,10
262,63,504,5639.774084444269,2.251074168195685,12.394368596820556,40,0.003296685730192941,0.002784325105701628,0.9866998925210243,0.6304667848626847,0.5058081375162157,3.193441249812883e-06,57.120927760426625,10
263,63,544,5641.403789525331,0.485522042036666,2.673274490865342,40,0.0018434055385022935,0.002798557064650831,0.9724212426643044,0.829184099951432,0.7931529440736916,7.911480557609088e-07,56.05344844717314,10
264,63,584,5643.029507500842,2.2485956872603454,12.380722131187921,40,0.003490581729894166,0.0026690171149253536,0.9877285851761801,0.6682689824410856,0.5720344101336949,9.908655760071347e-07,57.75843804609956,10
265,63,624,5644.651387522626,0.8715641180724305,4.798814311751935,40,0.0024401085240301225,0.0027368668059855146,0.9570056814347812,0.7539390758583723,0.7267177356562985,1.0118614967712056e-06,56.796321119119554,10
266,63,664,5646.269254287237,0.6280686744212785,3.458133350236687,40,0.0018524052631795872,0.00269431951351748,0.9644935071639889,0.7412523938692117,0.68493171418235,4.98070563946625e-07,58.60517068040594,10
267,63,704,5647.883132647212,0.5058062436830848,2.7849588926722637,40,0.0019053938978151675,0.0027642924435779303,0.9563991826929835,0.871776395904784,0.8551893184386795,2.816401576556328e-07,58.327211539070646,10
268,63,744,5649.492964091639,0.23719395998890097,1.3059851206050461,40,0.0013406362597043068,0.0027879250002552747,0.9657249473088455,0.9078966460642998,0.8932137020007318,1.3353484262617556e-07,60.38213836690337,10
269,63,784,5651.098666258491,1.6958156091274177,9.337126261199161,40,0.0032223754137742067,0.0027398063783744472,0.9904197889438501,0.7374607180006166,0.6720235858400988,1.012337086365882e-06,60.43774103232653,10
270,63,824,5652.700247295655,0.8982222482225669,4.945593434293082,40,0.0024559873777241364,0.0027936469114019707,0.9847884729620598,0.8078735193221036,0.7638116436917185,3.9004539393055695e-07,61.37692985205569,10
271,63,864,5654.297613702804,0.7078124898189729,3.897201176308387,40,0.0022082004313001566,0.0028236569152537087,0.9859485050324841,0.7979196575006496,0.7501264229006566,2.9675592089167745e-07,60.44599704144809,10
272,63,904,5655.890777064861,2.2144394914795997,12.192658811750048,40,0.00343922587937706,0.002610381819466101,0.9927460367761672,0.6558080079985753,0.5761517162851307,1.118081459181914e-06,63.42902164523831,10
273,63,944,5657.479613016412,2.7334240061465516,15.050176996492974,40,0.0033750401398864372,0.002832099957130403,0.9802132857856782,0.5671949045786221,0.4727699333528098,3.4788806191927825e-06,62.78676224883158,10
274,63,984,5659.0641760893695,4.0477228686549065,22.28667980855601,40,0.0042352532447326365,0.0027749571506037224,0.9664753350614295,0.5435676607605474,0.46147365767719145,1.9168408158673685e-05,63.264200815945635,10
275,63,1024,5660.644312140623,5.5178986166069075,30.38143758227652,40,0.003848851292528285,0.002691953000600319,0.9901890587534264,0.3788246516293876,0.2949075180829306,1.3420296161277752e-06,64.9807531545166,10
276,63,1064,5662.220120847704,0.8221509407724161,4.526746362303907,40,0.0024275232606575502,0.0027542410153609063,1.001099680955958,0.8244969778362995,0.786060033981535,2.7332527528913193e-07,65.37754843575794,10
277,63,1104,5663.791387760067,5.676207843246431,31.25308496509935,40,0.005542542271918976,0.0027425127815853137,0.9982021258155633,0.6511419510303074,0.5887182270558294,1.1059784055297484e-06,96.35478749230838,10
278,63,1144,5665.358295720651,0.7874457912236523,4.3356605145817335,40,0.0021671352218086653,0.0028057305800968588,0.993193277402456,0.7328151535297058,0.6809283617874784,9.123725867506724e-07,66.69001584142958,10
279,63,1184,5666.920650261223,0.7997416537650287,4.403361283710905,40,0.0022547153516516024,0.002841442456477077,0.9973863709639452,0.7477163669699937,0.7023594980118646,2.838198772123281e-06,65.87935402883417,10
280,63,1224,5668.478407190391,1.417560068577619,7.805056912970582,40,0.002995073877921516,0.002767370164046036,1.0004541821529505,0.7681862936256318,0.7141055615928071,3.204225138217817e-07,66.6894590059827,10
281,63,1264,5670.031601205806,1.073920085793442,5.91298215532452,40,0.0025565766561127133,0.0028252601982712866,0.9943240803721606,0.7314807259224474,0.6810111071860906,6.627879578255658e-06,68.39214297997918,10
282,63,1304,5671.580162978812,0.4413051652762189,2.4298172665267748,40,0.0017505685910071409,0.002695908292632657,1.0000805807451916,0.856942430814858,0.832639840990623,7.358025754484335e-06,125.98305270507876,10
283,63,1344,5673.124277995218,0.5236767441275894,2.883353504741563,40,0.002000008627054347,0.002805871321570623,0.9782930307548875,0.8910796874141841,0.8680630020171387,3.804548876955914e-07,112.19293938718407,10
284,63,1384,5674.663459291974,0.17785219677075145,0.9792505789792917,40,0.0011840263651879141,0.0028094262407718394,0.9764061580746527,0.9719997780093651,0.9694685735077255,1.0012766264318928e-07,67.05988059006677,10
285,63,1424,5676.19826363217,0.6460220360034448,3.5569841940450564,40,0.0020115167073876594,0.002766404875701384,0.9853679298902185,0.7318599524004517,0.69039330363996,2.3376562386312412e-07,65.74694901062689,10
286,63,1464,5677.728314247539,0.13634477244433954,0.7507115446486096,40,0.0010342278256177193,0.0028032673389271692,0.9605963756449445,0.9312782392266594,0.9312825403250261,4.1301911187784804e-07,71.38731118965539,10
287,63,1504,5679.253557393791,0.20838284725397777,1.1473517197307366,40,0.001273712518345759,0.002774547149263244,0.9817206622372346,0.9217431058447761,0.907476269071033,7.991262378066753e-06,66.70313792002736,10
288,63,1544,5680.774184059877,2.1840798914815602,12.025499471491909,40,0.003217295294845269,0.002793006178626693,0.9862984383193703,0.5850050140866067,0.5113991493764658,7.273441830926373e-07,74.93189019609446,10
289,63,1584,5682.289952754052,0.1872822268193391,1.0311721326769079,40,0.0012106601543893614,0.002800227227022317,0.9826219785202825,0.9281723684891034,0.9162368756900365,2.1508138605199834e-07,67.11799157784195,10
290,63,1624,5683.801146577978,3.4283009180491115,18.87615514382519,40,0.0035665151436906004,0.002370825928306497,0.988427656382211,0.44685583491794584,0.38065531894340654,1.32622284148822e-06,70.22684175468271,10
291,63,1664,5685.307463476454,2.232577647375122,12.292527129290155,40,0.0033147518910185063,0.0026482210399168806,0.9788436270816666,0.5865389736235097,0.5263631187944929,3.988797913258895e-06,76.14922927187118,10
292,63,1704,5686.808899761172,0.11366819618557418,0.625854776872571,40,0.0009419221079566488,0.002825819090876487,0.9407503840727798,0.8410981705379202,0.8403347803937825,1.4484952478074787e-05,64.59760290456533,10
293,63,1744,5688.305634755474,2.390242148801951,13.160624668201715,40,0.0032466446732653696,0.0027113391443199415,0.9724394182385494,0.5360532771811963,0.45213745196628735,4.725068974540964e-06,77.94799408722821,10
294,63,1784,5689.79741988343,3.0013410665992057,16.525322883528975,40,0.0029145861942514637,0.0027044759594089182,0.9898475414980652,0.3775599295240664,0.30575069818426376,2.2815941004966464e-06,70.2511633151804,10
295,63,1824,5691.284271819237,0.5797613340342981,3.1921541163457747,40,0.0019703110936915747,0.0028796754641091113,0.9863061069072916,0.7384688527095946,0.6939135068058183,5.121927790481089e-07,69.67331077501656,10
296,63,1864,5692.7662490123985,1.0555592037541612,5.811887512165786,40,0.002579281370042148,0.0028941451580225454,0.9848845843451047,0.6864307009755984,0.6236932336666207,8.067713700671483e-07,71.53204427173115,10
297,63,1904,5694.243205873607,0.2095540332404477,1.1538002459573844,40,0.0013099778943135758,0.0029646086619421396,0.9214439498557321,0.8311600311497174,0.8449654683849569,6.025135991917337e-07,70.9590930151441,10
298,63,1944,5695.715177466238,2.0900283216494615,11.507653440437766,40,0.0034110551497228596,0.002897601786796478,0.9705969677763101,0.6396727664474644,0.5748636110184684,1.0849077490222497e-06,72.02079042603692,10
299,63,1984,5697.1820999078045,0.3097636952774685,1.705552607473392,40,0.001563237657031742,0.0029130943811145884,0.9510129542740196,0.8183996314865505,0.8118448733187393,3.34303112946978e-06,71.58309852682366,10
300,64,24,5532.119871705881,0.25525714084736706,1.4054406271156608,40,0.0015203047644452691,0.003047501705104103,0.9908500328089226,0.9065937399038532,0.8911254755416861,1.3617578243191007e-06,46.63930014546504,10
301,64,64,5533.768424843178,0.958946382652804,5.279939283703502,40,0.0025809199015548686,0.00298016378820036,0.9978496330317703,0.7033456744884119,0.6309403039232178,3.008809884584298e-07,52.55535371769141,10
302,64,104,5535.413591319517,1.8334295490580765,10.094825816220236,40,0.0029541218269132623,0.002997255198793415,0.940071843510306,0.6045738524425451,0.5072781195832324,2.7273274964836324e-06,48.137370424563336,10
303,64,144,5537.055421103167,1.939653411546121,10.679692243127034,40,0.003206190370680572,0.002924793871906392,0.941143096202704,0.5513267845722831,0.46779097250493645,1.5824734116628845e-06,52.598410710749285,10
304,64,184,5538.69370035291,0.2548518359153927,1.4032090264016663,40,0.0014642808603509204,0.0029495288649584606,0.9836059067987143,0.8541592397123188,0.8447159146252802,8.152306541516469e-06,51.82947055121594,10
305,64,224,5540.328464121034,1.3251408374864222,7.296198505831926,40,0.0029867119829141823,0.0029192870080043338,0.9756093206023639,0.7252159664685891,0.6568159956945591,1.9309757852305856e-06,54.04438076280322,10
306,64,264,5541.959571303759,0.3217157978212791,1.7713606410459704,40,0.001642153363382355,0.00289961937410856,0.9729780146196854,0.9182838742093459,0.9073419653441461,1.4561461055623075e-07,53.31873191321635,10
307,64,304,5543.587042421315,0.4169771312658221,2.2958676059509386,40,0.0018415401627084127,0.002891290334687083,0.9455532466145832,0.8773107796019339,0.8678114274108093,4.5830067371019295e-07,56.05668128799547,10
308,64,344,5545.210764276316,4.393808458245911,24.19222002755158,40,0.004431268706910598,0.0028155276075169594,0.9826931242677318,0.5644093409386625,0.4781343178699702,1.1992518172391226e-06,54.99360593403618,10
309,64,384,5546.830768047281,0.15836008685118555,0.871927418114056,40,0.0011115347563141467,0.0028164268958222913,0.9799433644541551,0.9000069338540125,0.8924693662875242,9.681925791602315e-07,57.24818659396816,10
310,64,424,5548.446950242747,2.2867335106650652,12.590708211361116,40,0.00341080770646157,0.0027940550593034807,0.9885635647113411,0.6200082638628658,0.525211991101339,1.1966911372531056e-06,56.08302323255161,10
311,64,464,5550.0593337752525,0.17195663518333548,0.9467897367591264,40,0.001150970260187034,0.00277870164422298,0.977194768320992,0.9266211417414426,0.9242788923045342,3.623277031210337e-07,57.894315281132414,10
312,64,504,5551.667839552058,0.5234988553239253,2.882374052605773,40,0.001977786079590226,0.0027595539681577073,0.9802026146550522,0.8740883840804575,0.850918166106247,4.293547942566115e-07,56.9084805590466,10
313,64,544,5553.272463149159,0.36867492020072185,2.029916614001999,40,0.0016486716334259105,0.002738944884314583,0.9698033955777459,0.8899949266300514,0.8768630851754698,4.741832983029704e-07,58.14116818983382,10
314,64,584,5554.873168989533,1.1032582708915337,6.074517605912964,40,0.002520838766723141,0.0027697695506763067,0.9788805137592747,0.6521418853865307,0.5906928519901115,5.884643721132005e-07,58.173710279083316,10
315,64,624,5556.469909012814,2.0264152634396027,11.157401235440025,40,0.0030040921634394537,0.0027659502079110977,0.9918511514576094,0.5731877431906763,0.49304154223621344,5.678958332743233e-07,60.522247751034556,10
316,64,664,5558.06264964163,0.31838688196987075,1.7530316980581764,40,0.0015792228392869784,0.0028142226295651785,0.9759231544087966,0.9122441654190245,0.8966602887827525,1.8388096644451169e-06,59.12955470271718,10
317,64,704,5559.651406785013,0.6946001189196762,3.8244541307967554,40,0.002060404134016368,0.0027662106288638064,0.9787167577395861,0.7254649327988675,0.6906566209836206,3.847465110443205e-07,61.01533369375938,10
318,64,744,5561.236076445879,2.1509687355235085,11.843190120067984,40,0.0031795721327227827,0.0027095978829668726,0.9839556499912506,0.6090927435744459,0.5254124460254518,7.459372201504425e-07,60.32263871872678,10
319,64,784,5562.816710780564,0.19993640513392844,1.1008457811674093,40,0.001212293890249102,0.002725427728919082,0.9786052902896575,0.902366375705514,0.8902583172337535,4.764117046017448e-06,59.73181334384705,10
320,64,824,5564.393159830603,3.9687210551369176,21.851697429746128,40,0.004139570842682325,0.0026993354202068044,0.990052187908333,0.5852493393311714,0.4931437778269617,1.0024648959283974e-06,60.45568544568578,10
321,64,864,5565.965523627225,0.42306369398235744,2.329380096504225,40,0.0018401750615934696,0.0028238857024037835,nan,0.9496011534043671,0.9521470573302476,1.4247381523665744e-05,62.363167505995655,10
322,64,904,5567.533651201583,4.045674899794071,22.27540373365158,40,0.0038217379243099866,0.002690516099941479,0.9919349980899104,0.47138743475043104,0.39562908130625224,3.2952720838756403e-06,64.10888337717871,10
323,64,944,5569.09757915424,2.528018627348219,13.919219157535279,40,0.003404927068180119,0.00274072494248305,0.989316466086863,0.5691744738295839,0.4848044010294402,1.6883038651735195e-06,63.70021055954108,10
324,64,984,5570.657191413524,4.562328792039992,25.120089558735103,40,0.0036800837299091594,0.0027328074973620503,0.9935656557615876,0.41665091290064526,0.3300456437538707,1.096861707448704e-06,62.51071758298378,10
325,64,1024,5572.212574855533,0.47211099337195395,2.5994335296172406,40,0.001920617874556606,0.00281374500087252,0.9599367558535911,0.9430996755744557,0.9294940942007958,3.6469684716613113e-06,63.8124534748597,10
326,64,1064,5573.763562628829,4.406266448506816,24.260813468607775,40,0.0033721356768207597,0.0026549967631600054,0.9878675037039824,0.3755750300386505,0.2983074804271968,9.7812764333852e-07,65.2373142379432,10
327,64,1104,5575.310267908698,0.2698719059666502,1.4859092266863014,40,0.0013707342604688205,0.002794906762136391,0.8747647797316286,0.8262757437769213,0.8453777667906367,7.436754517518036e-06,65.2132329853909,10
328,64,1144,5576.852492898247,4.7679020504139205,26.251971739222373,40,0.0034825106091133456,0.0028049880358861964,0.993121444554878,0.4054820515013687,0.3194408417272652,9.680168343817283e-07,66.06842798744232,10
329,64,1184,5578.390404036358,28.733586377831397,158.20654232858033,40,0.015798444144414697,0.002809733002513278,1.152523358790519,0.9045664857556527,0.8800322637076556,1.1778940544233685e-06,66.42811958877851,10
330,64,1224,5579.9238227207115,2.538874041593913,13.97898884763845,40,0.0034960236926374006,0.0028184072976735314,0.9820137737203123,0.6032723876239581,0.5155887165943995,5.349935773868964e-07,66.92410107582724,10
331,64,1264,5581.452729356393,0.1807659515762122,0.9952936536899684,40,0.0011849237030961324,0.0028168298372237815,0.9581615225207449,0.9232850076872631,0.9037009916136399,4.982412876128829e-08,65.86206130932132,10
332,64,1304,5582.9771959986465,7.032022789663188,38.71817449097542,40,0.0057636700375722745,0.002795679717807403,0.9939179036227663,0.6559885820678469,0.5001142859351378,1.0755837888908897e-06,95.27257630349207,10
333,64,1344,5584.497086775382,0.15988874926012753,0.8803442022539216,40,0.0011158874770490694,0.0027939820918289776,0.9698014478034392,0.9574719394037804,0.9557410823308056,3.723127669529358e-06,60.21235061867817,10
334,64,1384,5586.012526169609,0.8254708029087215,4.545025455720442,40,0.0021844447878872062,0.002749077292089903,0.9900397723130147,0.7161523944935169,0.6698072774992369,3.5111119522037173e-07,69.4211185699182,10
335,64,1424,5587.523305115134,4.011153248826238,22.085328225384757,40,0.002513533695110402,0.0027028730318032265,0.9803267159486303,0.26428599806210257,0.21548692621194895,1.14467588725584e-06,70.34118846288402,10
336,64,1464,5589.02965064699,3.279877777037849,18.058940347448235,40,0.003952597129036209,0.0027005988320218293,0.9609257837971272,0.5814811255328034,0.49844606904860606,2.800876678399293e-05,72.34960771520512,10
337,64,1504,5590.531362746904,7.850909311126692,43.22694702694305,40,0.004547126255868272,0.0027200002932288147,0.9902784978981062,0.3404346686421779,0.2541656696188343,3.11145657997376e-06,67.41726177362759,10
338,64,1544,5592.028451450016,5.321428459028168,29.299676889665424,40,0.004178556727292784,0.002846797633204807,0.9829562714479774,0.4288362921390885,0.3551548260435403,1.0690905447568373e-06,70.60347959274621,10
339,64,1584,5593.5210772386,1.5943562538747222,8.778493114248867,40,0.00287689990469615,0.002873185664739925,0.9955652864635782,0.5646257377976484,0.50422117448139,5.375510156106125e-07,73.20477269540521,10
340,64,1624,5595.008837189525,0.8712710959168589,4.7972009377216605,40,0.0023544843258020832,0.002859663522376464,0.9103839528878342,0.7451656081794,0.7321528983502243,7.305921101807412e-06,67.36677027847149,10
341,64,1664,5596.492156286911,7.668299291480929,42.221499971959354,40,0.004316583848349851,0.002808956200730412,0.979141645060868,0.2988913892481638,0.23854549889536403,1.747607440572913e-06,80.42726513910385,10
342,64,1704,5597.970765912344,0.18157719813362144,0.9997603607392039,40,0.0011991126663440685,0.0028255210071945914,0.9767295490967499,0.9177682429057579,0.9076241353744382,1.9679923116791494e-07,70.65221730587193,10
343,64,1744,5599.4446349923055,4.205184969998202,23.15366293672323,40,0.003480034955969571,0.0027787150411536666,0.9915560629480998,0.3916803241024807,0.3103893044129757,1.2562482521069945e-06,70.8437332192361,10
344,64,1784,5600.9137970854135,0.9073287355407753,4.995733568296137,40,0.0023372470346801973,0.002880933971199251,0.9581046035751801,0.7094305336566362,0.6521159953424539,5.08903198418835e-06,75.30109366519434,10
345,64,1824,5602.37808427979,2.4253165835267803,13.353743792594273,40,0.0027121325047730765,0.002651448702771082,0.9766109842963231,0.388761849048387,0.3340682412289793,1.6335728418000645e-06,75.29851158627625,10
346,64,1864,5603.837576324298,2.256606571537062,12.424829897122477,40,0.002672123515795944,0.0027779095138885813,0.9929259378160292,0.30358120792991417,0.2884032767019393,2.3452014734304356e-06,78.77636892525538,10
347,64,1904,5605.292025611958,0.26083393606602023,1.4361463481912025,40,0.0014393001942032229,0.002901576270358676,0.9806792512842928,0.8387145533289275,0.8186002669674963,7.116739457600307e-06,75.91515415570282,10
348,64,1944,5606.741338624308,0.3447447053677539,1.8981573377278447,40,0.001741283472287916,0.0029453467498035814,0.982702826995486,0.9165126595370593,0.9074262019081053,2.6668183096551536e-07,75.34865520073355,10
349,64,1984,5608.185399278184,0.3451177892457875,1.900211529974023,40,0.0017463568425239743,0.002957717583323431,0.9817501312194926,0.9142183230412047,0.9091403213312332,4.364300667563383e-07,81.35883959189587,10
350,65,24,5447.019748707517,3.731077775091613,20.54323836204698,40,0.0037155564138454606,0.0030360376776494644,0.9648422801663302,0.4030208855101268,0.3375751263705356,5.261522837373794e-06,48.228491070288435,10
351,65,64,5448.644008938465,7.510929038207344,41.355022557396325,40,0.004458562135982617,0.0029339283453941496,0.9906299390698065,0.22229651476812173,0.17395236260665964,1.6501724274012852e-06,50.53919089130794,10
352,65,104,5450.264878736623,0.33011852269295955,1.8176258733287234,40,0.0016990941415745036,0.003035043287763893,0.9850264702146047,0.8585268926629164,0.8327368572745948,9.77407627032083e-08,52.023017765675405,10
353,65,144,5451.882267780402,0.2975558969493592,1.6383367181117743,40,0.0016387786325854367,0.0030416974300984086,0.9781090180763578,0.9270268853652525,0.91012794717637,6.082596455305221e-08,53.69437443704171,10
354,65,184,5453.496157400663,0.3669982158135682,2.0206847137403803,40,0.0017071351625944256,0.002926415569690169,0.9832870502251878,0.85130863117946,0.8133181052156353,2.4223391875934766e-07,53.77536906511275,10
355,65,224,5455.106383650612,0.2725302980816543,1.5005462796158597,40,0.001480103713779826,0.002889151471962498,0.9558060945216139,0.8783020807572133,0.8479950648536393,2.724920711410188e-07,53.68045381713838,10
356,65,264,5456.712970755101,6.479954689868163,35.67849875923781,40,0.003514968168652064,0.0027764948443773007,0.9898229821564309,0.23307233904722585,0.1771457470328418,1.8614479018651572e-06,57.55191153989631,10
357,65,304,5458.315813168041,0.13240545131624568,0.7290217226193454,40,0.0010465477618966097,0.0029008358897309964,0.9828672967317446,0.9044685993156069,0.8953086902881463,7.084897655907344e-07,56.54920513645685,10
358,65,344,5459.914937726198,0.17982254971893377,0.9900993022468944,40,0.001246597784639997,0.002951126059429663,0.936114593379374,0.9400340671125418,0.9363378407416504,2.209876672529923e-07,58.42649566537324,10
359,65,384,5461.5102173589585,0.4159176709541864,2.290034239018102,40,0.001814435002634093,0.002862147571717823,0.9768784057524674,0.8829473496316138,0.8629958421709871,1.134058451423999e-07,56.14724776096557,10
360,65,424,5463.101741271021,1.7566968921990107,9.672337367833432,40,0.0032304344535125924,0.0028501525096408372,0.9636857989582026,0.6696625702874756,0.6002520724190952,9.767751873500227e-06,58.157129696523356,10
361,65,464,5464.689358210597,8.748169396026226,48.16724280954411,40,0.005092867490949084,0.0026408664655423915,0.9778640691425489,0.3839903829556078,0.3158211242582089,2.1612376753546986e-06,57.5365444126097,10
362,65,504,5466.273153304497,0.831870913002556,4.580264331757475,40,0.0023402854192488888,0.002770496253061561,0.9726109179165171,0.7338025186042488,0.6950648190534074,9.741089448958472e-07,58.03940875855897,10
363,65,544,5467.85306006938,4.861428256009011,26.766925125470287,40,0.004246340884207758,0.002700573495276366,0.9888410176104848,0.4633475188264529,0.3713437073162097,1.362355795933488e-06,58.56399734217664,10
364,65,584,5469.429077712655,0.4853893512752383,2.6725438982310505,40,0.0018876120959675003,0.0027630272811522095,0.9812940632776955,0.858577044475164,0.8272000287807789,3.189608915762916e-06,58.95461145040452,10
365,65,624,5471.001128058588,0.6388085429732732,3.517266848099851,40,0.002078118699947727,0.0027663713850703334,0.980185183477027,0.7744787859553395,0.729643667543104,4.0348216536764414e-07,58.761260010368176,10
366,65,664,5472.569295078096,0.5699518737115281,3.1381434272738327,40,0.00193431163606471,0.0028105780704820098,0.9811967263035798,0.7280961687273078,0.7094790460759728,4.360971834703001e-06,60.94009687068717,10
367,65,704,5474.133442553322,1.4812701250867955,8.155843188632005,40,0.0028395108521962944,0.0027516612794863107,0.9742403746442513,0.6821126103372084,0.6033474286402745,1.856171568911848e-05,61.0763797668334,10
368,65,744,5475.693620094382,3.469553366483281,19.103290286077854,40,0.003666643888778556,0.0027320248908219097,0.9822371779593254,0.5039097699173899,0.40175534607295804,3.695892117676059e-06,59.91960901063369,10
369,65,784,5477.249768205746,7.7302686343226865,42.56270191356358,40,0.005011198111488317,0.002769747980122834,0.9661774814781067,0.5208268209853818,0.4076896129238699,6.7334491561937814e-06,90.69284366276356,10
370,65,824,5478.80191131075,5.180943350487212,28.526168738658292,40,0.0030265707608471554,0.0026813403047962056,0.9728396262381672,0.28655957724718967,0.2159110599574328,9.585935068044962e-06,70.84500991344245,10
371,65,864,5480.349933590389,0.6620397830201966,3.645177583414974,40,0.001996357414063035,0.00280195923277198,0.9927662956251204,0.6982175509712131,0.6637779975534417,3.447411730772401e-07,62.51804311441535,10
372,65,904,5481.893918041499,3.3223403503499815,18.29273841267233,40,0.0038006753274659097,0.002752106486353354,0.9676225860885448,0.5715842066350209,0.4990187553485734,1.236004931881018e-06,64.25430869258528,10
373,65,944,5483.433709921484,1.7718748447745896,9.755906866086601,40,0.0027877096547054975,0.0027838797099218144,0.9531597116989762,0.5815345188310481,0.5067324943499625,2.9381561524818976e-06,61.490439742755164,10
374,65,984,5484.969388026161,3.200350152382147,17.62106286320593,40,0.00410419580240013,0.002779929224285026,0.999833041018073,0.6480151091571402,0.5684032065620794,6.877528503086409e-07,65.72359434013113,10
375,65,1024,5486.500823774799,0.41254559439862926,2.2714676540708933,40,0.0018169520448350826,0.002841666312538081,1.0015923740742498,0.9674815971069732,0.9613136986609605,1.130412801713252e-07,60.91581085712654,10
376,65,1064,5488.028097571027,0.9738321847886418,5.361900207576035,40,0.0024034553509349656,0.002806583438881712,0.967636051018204,0.7243672448267453,0.6668169048891102,1.2549653104701101e-05,65.10303781329016,10
377,65,1104,5489.551025252892,4.07523769657219,22.438175891583004,40,0.003811484736181011,0.002662029821873803,0.9810335782640262,0.464412875380068,0.38686345207237344,2.8461800029759357e-06,97.24974540468126,10
378,65,1144,5491.06972732228,0.8107338795310686,4.463884255263179,40,0.002410074848971832,0.002770169531810619,0.9688470607866946,0.8228788231940426,0.7868769121937759,3.079316536968421e-07,67.40435850173802,10
379,65,1184,5492.583993044183,0.6653743184259957,3.663537467554975,40,0.0021830656625125523,0.0028442657891250087,1.001313110997491,0.8265903950021642,0.779329454630492,2.6056660221959857e-06,64.70240585926729,10
380,65,1224,5494.094038529575,1.0457293964488175,5.757764793021527,40,0.0026165384196256514,0.0028133285778987605,0.8942692323303137,0.7328011946105839,0.6860237509900273,1.750955058231104e-06,65.12211213996392,10
381,65,1264,5495.5996284878565,1.44368315787657,7.948890111464605,40,0.002995715753930898,0.0027210160365153677,0.9491915222230878,0.7222346436882091,0.663544974517021,6.507203585928026e-07,66.71344100669383,10
382,65,1304,5497.10077454067,0.17132123306671154,0.9432912256252398,40,0.0011605405248764408,0.002818626283811156,0.9549042509299561,0.9534944791817861,0.946247141853582,2.421250249776359e-07,91.12626393847084,10
383,65,1344,5498.597506398676,6.9230782721299375,38.11832819271143,40,0.0037118062168884462,0.0027472524170473974,0.9946948582446206,0.3114701178109527,0.2386854030260929,1.3301279746640533e-06,69.26372225762907,10
384,65,1384,5500.089726774738,0.164327763945677,0.9047853268497847,40,0.0011486525330421061,0.0028351027805402235,0.9760348606437612,0.9694843120782313,0.963386469097122,6.040974240891232e-07,62.86778623308098,10
385,65,1424,5501.577498471349,0.3486629719452668,1.9197312338297325,40,0.00169985499554475,0.0028709859147946276,nan,0.9744717149641514,0.9696769385967463,2.273321568084704e-07,68.66303373935467,10
386,65,1464,5503.060710549652,9.257901506237822,50.97381744349392,40,0.004427073147964714,0.0025567070446330664,0.9992434101499571,0.3350341888603969,0.2326534092171816,1.5378491829141421e-06,65.54112705270458,10
387,65,1504,5504.5394917672875,1.283775492598279,7.068441757999312,40,0.002575524347055016,0.0027444931485930066,0.9847809221024144,0.6351170487374749,0.5679836473004924,2.6211862336933332e-06,69.3352030874848,10
388,65,1544,5506.0136710085935,0.2163816429693072,1.1913929262921028,40,0.0012708413019258437,0.0027859476352658573,0.9573775416379136,0.8822637546358443,0.8780265830381085,7.1970493194961e-07,64.90379376947675,10
389,65,1584,5507.483285987881,8.215199444375028,45.23272109314532,40,0.004827791138715484,0.002765806578158934,0.9781573460673567,0.4146656047656827,0.2859400218813825,1.8940128555156982e-06,68.99705978644865,10
390,65,1624,5508.948360288543,0.45826106347485246,2.523176097227799,40,0.0017805696239545088,0.002859402713166894,0.844049904656723,0.7873024968326702,0.7886820797753965,3.2838894772046735e-06,69.14186835584022,10
391,65,1664,5510.408833644804,0.6286836914890219,3.4615196217059463,40,0.0021450305813977806,0.0027640116067897706,0.9854334941706859,0.8467709417270026,0.8192261531873022,1.1302437728436064e-06,69.06554062789009,10
392,65,1704,5511.864768005385,0.7577948355495897,4.17240295556186,40,0.0021086966743407314,0.0027631200684157336,0.9891694697455092,0.6655351062543401,0.6149332916094269,7.581218387493777e-07,72.03394645395663,10
393,65,1744,5513.315987612809,1.8074187399571016,9.951610830213168,40,0.0029847108786949686,0.0027530339259250777,0.9922373549477626,0.6119786245446955,0.5446817188074482,1.6036968000530214e-05,70.82961090042014,10
394,65,1784,5514.762704236944,2.76746860604853,15.237625871291542,40,0.003108393703763342,0.0028642400151021844,0.9887239267513046,0.4552732605609954,0.3877667758479292,6.321637091177732e-06,68.24249576683815,10
395,65,1824,5516.204686815057,1.7580215774531431,9.67963105790658,40,0.0032130506617944533,0.0029032703288330492,0.9896160329154889,0.6593638120549475,0.5825870379747141,5.530730628078496e-07,70.12887073489841,10
396,65,1864,5517.641917378965,0.5393781750790113,2.969805264287734,40,0.002024981707320136,0.002937481084272134,0.9788936210577465,0.755457769537988,0.7220464703066919,3.3867356496725245e-07,68.90791645574025,10
397,65,1904,5519.074434245094,1.036692774546405,5.708009336577204,40,0.002796456217104382,0.0029389052246250533,0.9785332781778198,0.8187290922081703,0.7497120803764916,1.6177725220436527e-06,74.54715830714517,10
398,65,1944,5520.50209200927,0.3528976184358716,1.943047111299846,40,0.00166545303263044,0.00291263315103332,0.9801275242061575,0.7926097906438018,0.7652549895382296,7.363604908687881e-07,73.66364484432847,10
399,65,1984,5521.9248059716665,0.2715114521772309,1.4949365347832821,40,0.0015058410457843162,0.0029066947373962973,0.9722212821832626,0.8649282091370629,0.8529013030372521,2.3302037554549595e-06,74.56990661612441,10
400,66,24,5364.499636383355,1.7732432496559767,9.76344127553842,40,0.003027388289524508,0.0030985582898342455,0.9981512700909768,0.49841572220150293,0.4292845535319996,5.912569220285929e-07,50.36269841827136,10
401,66,64,5366.099807041157,4.781674456868286,26.32780232911247,40,0.004844539718891434,0.003014364118885088,0.9980703790277893,0.5040871015394003,0.407028422369858,1.1786066386346735e-06,49.710796615629775,10
402,66,104,5367.69663760721,0.21112174277722834,1.1624320227891467,40,0.0013996671858502961,0.0030775333659546437,0.9442194767276253,0.9263142805353928,0.9267089561445205,1.035547123104307e-05,54.82313933250705,10
403,66,144,5369.289958131885,3.8698368256695446,21.3072428730073,40,0.003344226605471047,0.002862881557724963,0.9894164051156951,0.3398883101409873,0.27540463043814445,1.0943799440688703e-06,52.597557650826744,10
404,66,184,5370.879769076904,5.2504311988527474,28.90876741879541,40,0.004082854217192364,0.0026858300964969837,0.9873440333547417,0.3126957957116896,0.24599077570973457,1.7757823386275871e-06,54.20043820702976,10
405,66,224,5372.465945491282,4.376746410490112,24.09827673954724,40,0.002563683845089086,0.0027477598694003536,0.9861054545546918,0.1961327324768836,0.14882204180260647,9.019700637570826e-06,55.08496748681237,10
406,66,264,5374.0484934474225,0.34315727076638114,1.889416955091527,40,0.0016965916891003474,0.00292094871647199,0.9569543184129531,0.8861399759959218,0.8834836659277747,3.071304987853485e-06,56.95625617501584,10
407,66,304,5375.627316851337,2.797766478484625,15.404445340848783,40,0.00371646153969907,0.002889922187286555,0.9881690607494483,0.564469225322281,0.4539334033158726,5.881614719147382e-07,56.87592003065559,10
408,66,344,5377.202433021556,0.2975774421029021,1.638455345289083,40,0.0015803497420208532,0.002894551276145591,0.9798191031907386,0.9465154812808179,0.9400691886559277,5.486346058427239e-07,58.12321598810071,10
409,66,384,5378.773765745347,1.1820604513921737,6.508400809388655,40,0.0026713042391404676,0.002843121875848343,0.9881890376164745,0.6642804075165551,0.6031989032847757,4.684867242292056e-07,58.15278365077831,10
410,66,424,5380.341248314826,3.2104297541443323,17.676560945550246,40,0.0037061096476668645,0.0028381269143543343,0.9863620281290956,0.5300573187450488,0.42510924927563176,1.21486693984717e-06,58.08192768814794,10
411,66,464,5381.905034915435,2.6335105822979448,14.500055716418677,40,0.003340685891992998,0.002704518302031396,0.9888225570125803,0.5336201326050314,0.4472694686351197,2.397063968057749e-06,59.03003792370844,10
412,66,504,5383.464892100628,0.3916869885892539,2.1566205946226473,40,0.0016085165987505781,0.0027346646462825946,0.9793494456063796,0.7836078840882507,0.7472429501886029,9.360003638058721e-06,54.27452055345456,10
413,66,544,5385.020978174327,4.964244870498759,27.33303131418133,40,0.0028474814361465588,0.0026672926581193805,0.9911500816098433,0.2779677641383624,0.2122230904449762,1.4347406580801938e-06,59.63815435391858,10
414,66,584,5386.573107427992,0.17814443880433065,0.9808596576737393,40,0.001179787986157637,0.0028020687762824654,0.9811838140416124,0.9312421444133941,0.922955267567947,4.207778396771068e-06,57.486565485647404,10
415,66,624,5388.1214475742845,1.7595041809856504,9.687794242809355,40,0.0032781060795426405,0.0027908611003264177,0.9754043739719427,0.723835989563304,0.6475048566479782,6.101841526151744e-07,62.633735081139854,10
416,66,664,5389.665797879028,0.281552772087565,1.5502238380297273,40,0.0014209024652587425,0.002791994123106254,0.9480713566688744,0.8472195654839229,0.814548591825578,1.619471322409397e-05,57.17982490798996,10
417,66,704,5391.206283426376,4.897572997589692,26.96593733764758,40,0.004161169708322125,0.0026600964082719955,0.9919560991065036,0.4531871451465328,0.36250444417161554,1.2478398154098435e-06,63.23747657539766,10
418,66,744,5392.7427882202255,4.074059208416408,22.431687159760607,40,0.004035230392631766,0.0027441500751594155,0.9893467087747897,0.49052456329150157,0.3942985868900041,1.1761123417137032e-06,58.909407861691406,10
419,66,784,5394.275308352991,6.023817859073152,33.16701864395115,40,0.003678367590280568,0.0027456819067242415,0.9944806469685699,0.33498376141901565,0.25057404469408506,1.3441689306200905e-06,62.59533473683901,10
420,66,824,5395.803807872103,2.0608403315447843,11.346944960429003,40,0.003069136998554317,0.002812358431121483,0.9749430241413095,0.5293803817412915,0.4702987211982581,1.2348289130697775e-06,59.63306421891765,10
421,66,864,5397.32839251636,0.49632392607809284,2.7327494447522986,40,0.0019231162553310084,0.0027889645008594374,0.9244325872762378,0.8548167524692075,0.8520678289928271,8.765348470498583e-06,63.452530485596,10
422,66,904,5398.848868850566,8.065749666743582,44.409853656413226,40,0.004031663214306844,0.0026193287407199877,0.9631538773260684,0.22181972435149916,0.1674586681851076,2.0911837384892306e-06,60.90893578659983,10
423,66,944,5400.365331840989,2.866868347477733,15.784918826409802,40,0.003442716847995146,0.0028113082029497,0.906972228031546,0.5220483757981517,0.42393538742421866,9.335777957584773e-07,65.6585047031137,10
424,66,984,5401.877715578981,3.1963706972596775,17.599152064219716,40,0.003198120816815334,0.0028155048039970607,0.9835989135138488,0.40397043446364816,0.33249027930884545,4.872728261434489e-06,62.53197378598066,10
425,66,1024,5403.385903605224,0.5349914346585429,2.9456519607324645,40,0.0020480615181749794,0.0028150273773957604,0.8972671311043559,0.8592171324302346,0.8661850824754599,2.0151695679400203e-07,63.483238113250074,10
426,66,1064,5404.889882281093,6.703255331513063,36.907987551547045,40,0.004190708251641694,0.0026705932687080772,0.9840029393665378,0.27961529467850693,0.23415536691559433,2.829242065775619e-06,66.30843451612242,10
427,66,1104,5406.389831117154,6.857613654979301,37.7578813418353,40,0.003972388591957046,0.002590744546198216,0.936793839656642,0.2105216957482064,0.16382360936835938,3.894225586917712e-06,68.40810235651517,10
428,66,1144,5407.8854701786095,2.489421318729435,13.706703161116604,40,0.0030438341064204367,0.002740184046004555,0.8964637017781526,0.28168425003100606,0.2406177634247841,4.007368513926975e-06,62.45958351370109,10
429,66,1184,5409.3769174002,0.4726450522868631,2.602374047143195,40,0.0017234638377284543,0.0028706287945593247,0.9823275681608865,0.6723996191957305,0.6603768557486601,9.437394521221467e-06,65.03314261647031,10
430,66,1224,5410.864095287076,9.040325139471223,49.775846392267404,40,0.004935686800725141,0.0027358084315915526,0.9985841246190539,0.31398405549267944,0.2334522998060093,1.764503236353855e-06,66.35003022385686,10
431,66,1264,5412.346952235755,5.18402276841602,28.543123951157533,40,0.0038816293794401275,0.002780915134658741,1.0004550949045383,0.3655919634572797,0.29931987304739727,1.7108458294344228e-06,62.64234050200808,10
432,66,1304,5413.825457615036,0.4193125955540843,2.3087266248328597,40,0.0017592908346070243,0.002851539388359977,0.9870620338253457,0.8826575719364961,0.8478036432182996,4.378970337340088e-07,74.05344756376229,10
433,66,1344,5415.299601005365,0.8029455163741546,4.42100168608952,40,0.0023057745982326093,0.0028247892935830193,0.9854805878838874,0.7807486590833255,0.7202097833914805,1.2949699418347923e-06,59.30916718500615,10
434,66,1384,5416.76938434895,4.193261609126435,23.088013154212494,40,0.0029170667143725935,0.0027450160635394006,0.9973787028607416,0.31007988595202113,0.24932311213679867,9.237768649831626e-07,68.72444686450929,10
435,66,1424,5418.234719469492,1.1528674261922542,6.3476646062478705,40,0.0027410109506648844,0.0028724066908195596,1.003174486880962,0.7363346822426076,0.6636824164507086,2.6510068740816905e-07,64.73081052468335,10
436,66,1464,5419.695689399228,2.3221416094635945,12.785664483358753,40,0.0037230708003544877,0.002871224015191214,1.0081230535797856,0.6378050282611393,0.5497684367722298,4.871623806106723e-07,68.85911796667155,10
437,66,1504,5421.1521301289085,0.9407575947304812,5.179792187253382,40,0.002355330998480394,0.002868666738263954,0.9949696522621273,0.5872781282778949,0.5751316543084523,1.2100831958302191e-05,67.60875285738965,10
438,66,1544,5422.604228316647,0.65789007239791,3.622329361108737,40,0.002031192212250638,0.0027233249352800787,0.988202434379961,0.720134084740937,0.6860276603687905,1.4472355490365732e-06,68.69593582455119,10
439,66,1584,5424.051738251126,0.4056609460748817,2.233560920392542,40,0.0017870238574660298,0.0028353748836607877,0.9631745136427632,0.8894599204310975,0.8740895868503947,1.6522418352051383e-06,66.09790079172042,10
440,66,1624,5425.494862066266,4.8527651122657804,26.719226032176127,40,0.003412707639345411,0.002556435543190444,0.9939900702417465,0.2720901810406352,0.21732976521697137,9.774797455550916e-06,70.88908105928377,10
441,66,1664,5426.933304686825,1.223308329519928,6.735510787627132,40,0.002694154440202793,0.002881366735419765,0.9832001806156649,0.672597496459252,0.6150472595034606,3.6991188679893144e-06,68.49621096514508,10
442,66,1704,5428.367305238694,0.16069430917552874,0.884779598767893,40,0.001149760697652901,0.0028616030564265873,0.9633296804698512,0.9427641125388417,0.9460522975511995,2.086494181077418e-07,68.44759061016553,10
443,66,1744,5429.796782536449,0.3180376998238459,1.7511091082624213,40,0.0016103005371662753,0.0028786322351171205,0.961920199541954,0.8931747728798571,0.8726119638102726,4.85892405602715e-06,68.57279684107645,10
444,66,1784,5431.221735679492,4.214965666278036,23.207515251559652,40,0.00293750377158929,0.0027248981032938326,0.993324258558531,0.20831893822385167,0.16508892152930568,1.3755325286201895e-06,73.55807789674854,10
445,66,1824,5432.642021938499,0.1267911101323625,0.6981092742227055,40,0.0010479384825072143,0.0029370255670167255,0.9773326047119347,0.9577594351312274,0.9515677216191422,4.351329180688667e-07,69.50490230120377,10
446,66,1864,5434.05772994068,3.4330222629088483,18.902150772619237,40,0.004313098844596346,0.002887153009613716,0.9919991160489147,0.5174135324490095,0.4477924681799705,8.902501197254023e-07,71.77168980595476,10
447,66,1904,5435.468784734829,5.0684261285114225,27.906651202380928,40,0.003106796569204707,0.0029087354319488673,0.9883126307490399,0.22900490372732082,0.18702815996299985,3.1713184346612204e-06,73.77497751841565,10
448,66,1944,5436.875158918168,1.6598685739495456,9.139202616455577,40,0.002959015867077563,0.0028920573017210483,0.9652764019434157,0.5782508129116606,0.5046475011081849,2.3945888656807797e-05,72.21216821225796,10
449,66,1984,5438.276708793075,1.844303208312585,10.154695962970946,40,0.0032179806196984953,0.0028501252435311998,0.9847190621068838,0.6307229769877423,0.5521615412011147,8.222523312697733e-06,73.63718474281855,10
450,67,24,5284.4437392067175,3.937657244738589,21.680660721343386,40,0.0034028196893012745,0.003046501404418601,0.9873831375069817,0.29769018973664924,0.23978730948323426,1.6783468366702988e-06,60.87900060587054,10
451,67,64,5286.0212783484185,2.9131781920748585,16.039899889098784,40,0.004221920335384102,0.0029204945096259474,0.989134541297853,0.5791148118186549,0.49008327373184,6.42036302555915e-06,59.80403733101648,10
452,67,104,5287.594952596941,0.35644815181859923,1.9625962759087205,40,0.0018361199142453695,0.0030851939991754767,0.971125121789117,0.9467106897363733,0.9347655865241543,5.211402692355649e-06,59.623829870218906,10
453,67,144,5289.164786626738,2.9731964947459715,16.370359443195827,40,0.00432759185950712,0.0030673409869015227,0.9976642504207502,0.5927529824112299,0.47648335506311573,6.022996690690665e-07,58.22178904252717,10
454,67,184,5290.730842441717,0.6745204377635494,3.713895814650669,40,0.0024828329268318785,0.0030314456577110664,0.9641011341433073,0.9502433150915686,0.9484082640540984,5.905167917550369e-07,57.15888310234103,10
455,67,224,5292.293220447439,0.20627942173450942,1.1357703015915261,40,0.0013780479236376228,0.003047751120408803,0.988014935692284,0.9319865992115789,0.916239789033712,1.4853624229315798e-07,56.47256540758148,10
456,67,264,5293.851865341987,1.1909146315015005,6.557151745030013,40,0.0029737121396230014,0.0030183837622446176,0.9942750078073156,0.7509379160991213,0.6752408848690963,2.7542403200363343e-07,54.40896000142015,10
457,67,304,5295.406878692014,1.019677802568309,5.614325246847665,40,0.0027136192094547457,0.002994770326990988,0.9981168093647745,0.7493525583929449,0.6789771222863001,1.4899052523958307e-06,59.010095626037426,10
458,67,344,5296.958178519328,0.9592216014740798,5.281454632937156,40,0.002658117988957202,0.003012614082798804,0.9965838697598366,0.7599227035721156,0.6967027501414756,5.257318327181531e-06,68.3446695795424,10
459,67,384,5298.505891102581,9.828613184294968,54.11614433804489,40,0.0058734054253592695,0.0028946696705003487,0.9620843533942676,0.4246671087850066,0.3060912304143646,8.663222239231373e-06,58.05808987220404,10
460,67,424,5300.049888381052,13.099967448006561,72.12815439443558,40,0.006677061191680062,0.0026261345917677906,0.980856469062922,0.3576018184141483,0.2506169015325999,2.932501165699928e-06,58.126536830890856,10
461,67,464,5301.5902059941345,3.690224676441118,20.318302031582864,40,0.004062918386498802,0.0027831907326548453,0.9734460115132253,0.5489674278474054,0.4268799731588667,1.1865247310474417e-06,59.249323783303225,10
462,67,504,5303.126705921511,5.665189594548459,31.192418711813012,40,0.0036557322814611227,0.0026090735002828264,0.9780794682037592,0.3075212743008324,0.2401523608207495,6.554022944298893e-06,55.54411389300296,10
463,67,544,5304.659747375689,0.21042962872306306,1.158621256880336,40,0.0012595655763417636,0.002773900513442354,0.9618841204467977,0.8793498950262906,0.8730447483503525,7.231038465664017e-06,58.86059412871148,10
464,67,584,5306.18889675289,0.23678272043036763,1.3037208439578927,40,0.0012951045075520707,0.0028010416506533907,0.9772897650214557,0.8277492403181456,0.7949165502510037,8.019511941261758e-07,58.59481633692009,10
465,67,624,5307.714291055426,0.7179640721391962,3.95309558214161,40,0.0021653875597493974,0.002795051160713772,0.973655052777335,0.7508978829644105,0.6975052418525353,1.713034597502171e-06,59.5243030395482,10
466,67,664,5309.235859043298,6.706734304709707,36.92714270722645,40,0.004518815306405746,0.0028069608726379227,0.981850845610728,0.4171850872352842,0.30285541051195647,1.5769461216133112e-06,59.56877245753282,10
467,67,704,5310.75359386421,0.1610650778982842,0.8868210438161861,40,0.0011198456648067849,0.002806688040225622,0.9576489933261897,0.9002978618430088,0.8889289279131364,5.96332304941429e-07,60.12024344559826,10
468,67,744,5312.267429932475,0.44594945482966164,2.455388630371206,40,0.0018355015762849829,0.0028120916077451355,0.9807824518853022,0.8710174245619858,0.8333892754830166,1.819083179165441e-07,59.65095917277458,10
469,67,784,5313.7773779930785,0.537870722196227,2.9615052593676188,40,0.0019854199929214287,0.0028150376198098773,0.9805745342395822,0.8297730002103212,0.7931385921825023,8.92968398230149e-06,61.19870769435057,10
470,67,824,5315.283356787106,0.9429880800015115,5.192073193801064,40,0.0023540556815149485,0.0028306119924392916,0.9774570248566552,0.7217430116523168,0.6551808681950512,1.1319220770637558e-05,60.616552110916125,10
471,67,864,5316.785380518411,0.922731164036773,5.080539026402648,40,0.002421002431428375,0.0028306735497425624,0.9848747973480777,0.7314252254591053,0.6722931205511482,5.820475525837269e-06,59.4576275032257,10
472,67,904,5318.283374519748,3.961949934577446,21.81441577762941,40,0.0034608471456265668,0.002787350133390363,0.9975748333509152,0.38338632351097096,0.32756875147779946,9.839118378194121e-07,62.20012681938332,10
473,67,944,5319.77732984286,0.4057878474602634,2.2342596368400454,40,0.0017291089738028236,0.00282843694117434,0.9785969633825811,0.8680200321462344,0.8293238119400594,1.318010694715137e-07,62.671140244337145,10
474,67,984,5321.267203817197,0.6667673253885661,3.6712073355655317,40,0.0022303644523647263,0.002850566917199469,0.9777849589367759,0.8371501472417561,0.7991705730378762,3.7093070081867994e-06,62.36705896366336,10
475,67,1024,5322.752978682276,4.202278987423505,23.1376626557571,40,0.004316852039939533,0.002809889080983181,0.996183446979112,0.5592884887364139,0.4579899896058622,9.524587226721145e-07,64.27425545026526,10
476,67,1064,5324.234611372741,0.20165149108775166,1.110289009554661,40,0.001286066231905257,0.002858907136947181,0.9146574925967345,0.9223214226918927,0.9206284158109872,2.570833183314371e-06,63.43618967844306,10
477,67,1104,5325.712122044086,3.4226159240455116,18.84485368243984,40,0.0025755996980870843,0.0026057587766609575,0.9955087027145083,0.28462187632004393,0.24986249581590236,3.2019638848967392e-06,64.56930255010508,10
478,67,1144,5327.185403330511,2.230144713779907,12.279131446386089,40,0.003568537209653204,0.0027961492489082217,0.9970933991650195,0.6743764055180411,0.6044913898844605,5.88876834079897e-07,64.76626872755179,10
479,67,1184,5328.654521255103,3.496390361531689,19.25105423511185,40,0.002228322798044812,0.002725448777702964,0.9431577537484453,0.1736491821795917,0.14130908589340732,2.1392947540402203e-06,65.20822885533886,10
480,67,1224,5330.119473451772,12.358829470942945,68.04746376299751,40,0.005461014065548512,0.002120252038268304,0.9693271730854444,0.22985836451030306,0.20580866695119615,5.527290993544759e-06,69.45682713239401,10
481,67,1264,5331.580030321301,3.145830930048459,17.32088113362864,40,0.004046682863465242,0.0028789449917695793,1.0024561775612866,0.5947963612086384,0.5101530405568131,7.375790733432924e-06,64.81736744959929,10
482,67,1304,5333.03637694103,0.25025943382275434,1.3779233538613462,40,0.0013951127398752546,0.0028773941616663514,0.9904575549742723,0.884938854621869,0.8621777414159921,8.091056006789617e-07,86.38519473395611,10
483,67,1344,5334.488492104895,7.346351246668152,40.4488605837007,40,0.0050286637012092635,0.0027135572374471775,0.9956930461600558,0.4000577850525052,0.32077748508381476,1.7172252070911724e-06,66.04925667221553,10
484,67,1384,5335.936245934208,0.7495093337431893,4.126783151092929,40,0.0020941321709378917,0.002818346709048411,0.991075819253733,0.7199580981470388,0.6634224537188783,3.615511082137739e-07,64.31280290829446,10
485,67,1424,5337.379736613471,1.3871618766093368,7.637685086109013,40,0.0023637387007240467,0.0028108046789734253,0.8683289006549656,0.5267997629853726,0.4619852326945461,1.0233495009435121e-06,67.48227951796328,10
486,67,1464,5338.81880565125,2.715115181899553,14.949368982480005,40,0.0034253737183819687,0.0028620780259443973,0.8913249769911968,0.4993957965547021,0.4248516101846143,9.172326150532995e-07,65.18470383912778,10
487,67,1504,5340.253647394495,0.18936792473815262,1.0426559430073852,40,0.0011979261688430662,0.0027941189606883977,0.9753349852665124,0.890526636766232,0.8749799031937883,1.4370558011433511e-05,68.30594545190459,10
488,67,1544,5341.683951325328,7.591736266106966,41.799945511080246,40,0.0038357127227855656,0.0025816349387609676,0.9664376994333352,0.24685562656293902,0.21025427835458682,2.4616599819899114e-06,69.06767677247956,10
489,67,1584,5343.10999407822,0.591020677817357,3.254147834268187,40,0.0017852803650076827,0.0028771407615027925,0.8919070813885431,0.3524758620241519,0.35019370770893327,1.6035111336157366e-06,71.17745079347162,10
490,67,1624,5344.531555505173,2.581673937953282,14.21464420670151,40,0.00371147006319848,0.0029055907921880075,1.001105993536709,0.5691102291500598,0.5016415782379516,7.06774092184725e-07,68.65691340885151,10
491,67,1664,5345.948636365061,0.21914089970700318,1.2065853377832252,40,0.0013685396742750143,0.002932738053961023,0.9862280281253728,0.9198129514282045,0.9022098903002465,4.728560139498205e-07,66.76596393607983,10
492,67,1704,5347.36134431444,6.64389034829181,36.58112516105636,40,0.0040034293473053765,0.0027555915519765183,0.9918380750113519,0.31948712715713445,0.24242638423503343,1.828515021304635e-06,70.99510831972862,10
493,67,1744,5348.769451570362,0.2026875621430059,1.1159935957174574,40,0.0012833001394979685,0.0028442956344077105,0.977162071386309,0.9122289111412567,0.9029416898488445,2.2456894916581595e-06,68.40043160707673,10
494,67,1784,5350.173160156282,9.32518072057531,51.344255429582894,40,0.005065570312192464,0.002842890140047928,0.9874363137049857,0.3645389363599903,0.2805274328213771,5.031196049133235e-06,73.54695057379953,10
495,67,1824,5351.572255590317,1.5408663743640827,8.48397892532466,40,0.00306518485677798,0.002952396042346997,0.9545685555607337,0.6195553643572166,0.5570349747478756,1.525670783216042e-06,68.30492930210221,10
496,67,1864,5352.966946352653,0.5769325653750061,3.176578973627798,40,0.002197399600253925,0.0030014332455680576,0.9867358107194366,0.7989173865461318,0.7723376695675745,1.7733277851444118e-07,68.60147929182662,10
497,67,1904,5354.357064270651,2.3620316058837068,13.005297992526073,40,0.003096885516485476,0.0030011338136013456,0.9931789972153106,0.4586376528181812,0.3878503855526473,4.265619347629882e-06,71.42091362939308,10
498,67,1944,5355.74266142329,0.24518167089797832,1.3499652944485865,40,0.0015144091607857415,0.0030695924234491736,0.9686565784849047,0.9570404944623295,0.9536617948386709,1.1113698956566258e-05,66.93850051430434,10
499,67,1984,5357.123748953141,0.289432806173408,1.593611145474036,40,0.001619514209047844,0.0030161739011962205,0.9794017259428279,0.9159246389472856,0.9092043332516512,3.8203199779936e-07,68.06321405745241,10
500,68,24,5206.743065157805,6.561954612207384,36.12998866425396,40,0.004284489612972311,0.0030661526301636035,0.9694783760315312,0.21854440967920657,0.1576387450901209,3.861304473215276e-06,58.67526038687022,10
501,68,64,5208.297485799901,0.29755700009745095,1.6383427920227362,40,0.0015789870367626142,0.003045683173950384,0.918446614220466,0.769846392314149,0.7860459779700142,4.309252902754139e-06,57.314876575394294,10
502,68,104,5209.848167254659,6.671187583355161,36.73142318225413,40,0.0037905405006580274,0.002702152958583612,0.9969560881224785,0.18405184080000092,0.1380156448418731,1.3770891898156245e-06,58.31881167801833,10
503,68,144,5211.395126048769,5.502786350689481,30.298229753427467,40,0.004525044468028872,0.003056870994835861,0.9876974129677462,0.42193420806461523,0.31550235645236974,1.7582189902053615e-06,58.70527038924235,10
504,68,184,5212.9384263941665,1.133968089983651,6.243605245381755,40,0.002918231964757013,0.003070424579432223,0.9737377598665498,0.745879778671823,0.6634144313406124,7.963356481128236e-07,57.31546789270151,10
505,68,224,5214.4781021634035,0.4088084429293029,2.2508909740718925,40,0.0018763551930508719,0.0030020246436989126,0.9816613520678782,0.8579063340263197,0.8318972472583416,2.1605513071629252e-07,56.74120765676864,10
506,68,264,5216.0141245806935,4.928488293141926,27.13615632632762,40,0.0038526496358579887,0.0028049361543136505,0.9837711383932636,0.3597822183590245,0.26873826727518935,1.4243614772618835e-06,58.08224168609212,10
507,68,304,5217.54656459048,8.31002093502706,45.75480629257847,40,0.004715248894344623,0.0028673831203003784,0.9871098536199346,0.30283970652782105,0.21791321741419895,2.6219462785698734e-05,57.322697633791414,10
508,68,344,5219.07528297154,8.298010239185405,45.6886756454994,40,0.005550221504295699,0.002786011570705285,0.9959361698254536,0.3631105300939812,0.2856023151089631,1.8764234299866546e-06,57.19966948486766,10
509,68,384,5220.600357666317,0.7721351202544067,4.251360271551725,40,0.0023712882365328693,0.0029921124527880223,0.9459845997784183,0.7756734938193364,0.7102446998965647,9.72270752415996e-06,57.021680312705186,10
510,68,424,5222.121874504108,1.0923193220874552,6.014287976229918,40,0.0028289021582074644,0.0030095379500891225,0.9634987216453946,0.7685972978673824,0.7180409138805242,6.1067628154247405e-06,57.19704773184003,10
511,68,464,5223.6396379394555,1.4088580372240234,7.757143705284491,40,0.0032793844201925914,0.0029902833761315376,0.9791146007318563,0.7855676568554741,0.7104675945032247,5.226503985798621e-07,55.60926876597231,10
512,68,504,5225.153774109515,3.0317180767807828,16.692578083903655,40,0.004185069889516783,0.00272637775871604,0.9924619349503332,0.644281642620283,0.5518799788276816,9.391171320184134e-06,59.03615559151969,10
513,68,544,5226.664157493993,7.697439706657979,42.38194650538399,40,0.005290414250509261,0.0026958237713391483,0.981734207124178,0.4516587775388851,0.32408311508905635,1.277590921523731e-05,57.95602190150345,10
514,68,584,5228.170890462455,16.89030726171254,92.997688336061,40,0.0056560512236839815,0.002174820662363957,0.9924340945131852,0.18806265075847878,0.1514825345507456,4.849465620934516e-06,61.386079859988,10
515,68,624,5229.673769301444,3.070847520696155,16.908024006444926,40,0.0037478528992185814,0.002798183198803912,0.987346019930854,0.5542836580576959,0.45413367833020113,1.902742125003112e-06,56.09484871332097,10
516,68,664,5231.172932980757,6.700416778775815,36.89235853789479,40,0.004258401444668327,0.002811968632850277,0.9912268462148897,0.3345967502115938,0.2601391624028257,1.391132914912566e-06,61.33112828930557,10
517,68,704,5232.668214314382,0.27584338192206476,1.5187880518730266,40,0.0014743236529834573,0.002824037045395982,0.978684163026176,0.8858685125922936,0.8692239178578276,4.472953247990841e-06,58.89851904937075,10
518,68,744,5234.15975384513,4.539637007765321,24.995149055932725,40,0.0024297271775211124,0.0024920166346545534,0.9951985051658255,0.20106322604085658,0.15217833698985367,1.2089948903723217e-06,61.56318335425197,10
519,68,784,5235.647327627478,4.393768741481251,24.192001347852962,40,0.003799427587150798,0.002770522945893421,0.9836016179690773,0.43810411154960743,0.35603384587635284,1.1293904478853514e-05,59.51734342855316,10
520,68,824,5237.131072206976,3.7686523323602494,20.750123110328335,40,0.004079149474848788,0.002665359550645792,0.9924825637537229,0.48809013862064704,0.4106652032437151,1.52921978321718e-06,61.34801807696426,10
521,68,864,5238.610894157935,1.8658905330501103,10.27355533401984,40,0.003025712254963675,0.0028275553174310223,0.9898381234842293,0.6147670318140003,0.5335741003035529,7.568047378058404e-06,61.00146938979007,10
522,68,904,5240.086750818971,0.5711744996269111,3.144875180703098,40,0.002084129815602313,0.0028562844763879453,0.9934506847465756,0.856256637537092,0.8239925679353429,6.187227342565231e-06,62.921915963903594,10
523,68,944,5241.558624803725,2.0495395387891557,11.284723025306443,40,0.0031466974372552073,0.0028282405903503286,0.9980507887581078,0.6075444571502642,0.5242244928596547,5.04310926028095e-07,62.86982039657009,10
524,68,984,5243.026518743091,1.0327621238123128,5.68636725356101,40,0.0026978165480262073,0.0028520982036515925,0.8502764870795284,0.5851022519547507,0.5685974031292858,1.0002906819086757e-06,63.68383174246103,10
525,68,1024,5244.4903631060715,7.032443333463746,38.720489996589976,40,0.004939024965728072,0.0027136798859316628,0.9560359013772939,0.44434170111417504,0.3591271857823947,2.258364060730377e-06,62.69111522655144,10
526,68,1064,5245.950167338682,0.3497666635935509,1.9258081376027567,40,0.0016888277041928056,0.0028632306169149285,0.9698090409737377,0.9607047555788261,0.9564990843839817,8.447101220345316e-07,64.15619162414941,10
527,68,1104,5247.405878862766,0.26817545232178064,1.4765685874132797,40,0.0014192273525474894,0.0028404121499028398,0.9858400456416384,0.8644744663530668,0.8404295595895991,2.049317192712912e-06,69.35355289568824,10
528,68,1144,5248.857548468681,9.933244580492978,54.692242677939916,40,0.006121203790720169,0.0027480627953429516,0.9914264350329046,0.4557500967583754,0.3707660160865498,2.1740017529532003e-06,64.59279980775294,10
529,68,1184,5250.304999342242,0.9619349609208662,5.296394334877804,40,0.002578241715096892,0.0028036175601525177,0.9871657739492066,0.742975432468253,0.69896369957826,1.4775194293349576e-06,63.66999453138196,10
530,68,1224,5251.748346559849,9.517506884688242,52.403199378435076,40,0.005395599130751939,0.0027460995320619454,0.9921378667568225,0.3801200818540236,0.30013242426157744,2.5503306541449087e-06,66.27873964333854,10
531,68,1264,5253.187521170072,1.3647074034537123,7.514051213502631,40,0.0027848189948795543,0.0028943846148550417,0.9959987351779849,0.6545332589122915,0.5914397209949831,7.042490606119217e-07,64.98964068759332,10
532,68,1304,5254.622518808348,4.256135927943042,23.434197875132487,40,0.004146997180624322,0.002799898224498247,0.9953782673725402,0.49506690950771187,0.41461158149317207,8.905218267468064e-07,67.55049981500075,10
533,68,1344,5256.053268367106,4.996866324910409,27.512644378848336,40,0.0039654114202941505,0.0027751916017081475,0.9919772492683926,0.38254140388427244,0.31169463409817055,4.193776933944549e-06,64.2040382674255,10
534,68,1384,5257.479818374648,0.5620497807583945,3.094634664154766,40,0.0019955868230215204,0.002847067565168751,0.9551234058071164,0.7367784062064735,0.7191262536661255,5.069373807447122e-06,67.06497145730798,10
535,68,1424,5258.902087326489,0.617896475363292,3.4021254290645597,40,0.002062915748026414,0.00283874149422506,0.970177811873566,0.8046663309323719,0.7711347296861091,2.3818522778540782e-07,65.57270524748053,10
536,68,1464,5260.320120984681,0.19181367427034218,1.0561221901998339,40,0.001227632110256263,0.0028273879575715912,0.9793807035372498,0.9041415274160969,0.886026813070967,2.2561712146207584e-07,68.91074756291978,10
537,68,1504,5261.733807835022,0.8085588268019247,4.451908459163961,40,0.0022483532058586585,0.002794717788852112,0.9874672964963473,0.7185990445511208,0.6664625190405157,7.936811160563106e-07,65.75416230959422,10
538,68,1544,5263.143251055348,7.434904036921358,40.936430446205456,40,0.004462624655519163,0.002713110261692908,0.9928915797555183,0.3567631630293659,0.29975427977322705,6.904510518103025e-06,71.47509708002508,10
539,68,1584,5264.548355060037,5.702197453727765,31.39618323193773,40,0.004141880256606527,0.0025793476164079655,0.9927457278108555,0.35544222478872245,0.29369921607217936,2.310566578735412e-05,68.36556145971791,10
540,68,1624,5265.949039721535,6.112302820559258,33.65421504264348,40,0.004381183412429352,0.0026147265835795666,0.9862254443424056,0.2684822095400727,0.24773703866770655,8.396496155557122e-06,97.23179899430306,10
541,68,1664,5267.345455350422,12.357188914880386,68.03843089467607,40,0.005146172746826147,0.0021627308742300194,0.9912692644599695,0.23984226839289735,0.19782619235631557,3.3873110340699126e-06,121.85740562515096,10
542,68,1704,5268.737376767984,0.5112622227200896,2.8149994023083216,40,0.0018868427109441665,0.002922588400327491,0.9475220621228554,0.7839836924159508,0.730609934313284,7.577328112483595e-06,66.24321360839355,10
543,68,1744,5270.124969403303,1.0349586867117944,5.69846148422072,40,0.0022654795360700967,0.002679342974130094,0.9513102654470257,0.22094478478843696,0.20609027728869916,5.749005982594177e-06,74.89866818846426,10
544,68,1784,5271.50831281359,5.643760243271255,31.07442913942442,40,0.0029354173247241777,0.0024497236255142875,0.9736145596244358,0.16488061572617588,0.13742597262469586,5.278811417945589e-06,77.29515195493654,10
545,68,1824,5272.886924972683,0.9028490623113168,4.97106857858426,40,0.0026044203058210626,0.002925079639167263,0.9732770851555519,0.7838910177000757,0.750703939478908,1.4182352812116536e-06,68.94810133616309,10
546,68,1864,5274.261245709822,6.850466581789827,37.7185297021824,40,0.004829699407349487,0.002949538027636845,0.9878859921613492,0.38466761837877744,0.309259782102012,3.834294719785567e-06,67.17869715918721,10
547,68,1904,5275.631195406244,0.8298200962809361,4.5689725765894735,40,0.002331672050956912,0.0030700162302460267,0.9214983848315769,0.6040270412460842,0.5626540989065095,1.1236822701411735e-05,110.04268892100438,10
548,68,1944,5276.996773241395,4.654997817357865,25.63032332780653,40,0.004391390839067494,0.0023922080375893737,0.9813540780522776,0.346798177325148,0.31450018223707693,1.958581070192901e-06,70.63458602508197,10
549,68,1984,5278.357775960192,0.15251552102467822,0.8397473575165076,40,0.001173389790067397,0.0030204478551572227,0.9760113755352465,0.8810366953346261,0.8661884501973817,6.9844570228697546e-06,69.23032464546702,10
550,69,24,5131.296213467891,4.098272498051391,22.565005040138622,40,0.0051798294400619005,0.003004441057963789,0.986313143227622,0.5829067781808444,0.4752960281047525,1.4823487866884573e-06,62.5379936664313,10
551,69,64,5132.828263605623,5.467372244404802,30.103240404333246,40,0.005350882807947795,0.0031261755989709997,0.9924631926969394,0.4629021072539806,0.3817018482507677,6.2581573120098466e-06,61.77365310748069,10
552,69,104,5134.356436519475,4.379315332807332,24.11242117358948,40,0.003740954602599928,0.003069275691793772,0.9854205977856085,0.32757595299654974,0.24592939668674085,1.0286302245806779e-06,59.560346768368916,10
553,69,144,5135.880860940007,0.26514695310207564,1.459893732290983,40,0.001584060646001093,0.0031102887755539276,0.931934591801751,0.8662480708597604,0.8782223651705308,2.741823847241763e-06,57.49988986226348,10
554,69,184,5137.401629645885,0.7160482964497048,3.9425473601505874,40,0.002449848773307639,0.0030013362950259883,0.9947297871672419,0.832607726923595,0.7731597920933678,1.6541446425794412e-06,57.499335356672006,10
555,69,224,5138.918729160941,10.409369889340406,57.313778946938164,40,0.006052116928051095,0.002947193233008,0.9933706682318376,0.39952930771573847,0.30147740205824913,2.4789852551170035e-06,57.296356820879325,10
556,69,264,5140.432275954744,8.418424850496972,46.35167604687432,40,0.004005568855129825,0.0028493417190909266,0.9947190410277662,0.25032775723517714,0.18781262889333494,1.5828144015682409e-06,57.21145715541181,10
557,69,304,5141.942184750338,0.3837786765274905,2.1130775892179243,40,0.0018107561609052207,0.0030096276362240187,0.9814810425312226,0.8600069416776743,0.817438540794613,1.592622694278781e-05,57.04652189693406,10
558,69,344,5143.448591185035,13.563780239837493,74.68189819510332,40,0.00661881966777349,0.0027513887252954847,0.9647922341573848,0.3383614580698329,0.27433877246918476,3.4533955740317062e-06,58.03183553021193,10
559,69,384,5144.951433745828,4.181188590262395,23.021539357839437,40,0.0038640259874623056,0.003003472656120526,0.8626279320032085,0.3652249410772017,0.28302303685290253,7.240930579316891e-06,56.311174192043715,10
560,69,424,5146.450717672995,3.790977752060148,20.87304641723166,40,0.00450582873546973,0.002880548082888658,0.9921166429461218,0.5856489026693341,0.47936689109323577,3.976302793349288e-06,57.1025424052861,10
561,69,464,5147.946434295443,5.730137661028969,31.550021445202947,40,0.004713696521020067,0.0027089109157356845,0.9807072228340709,0.4342175137605423,0.33249279794170755,2.6952764345343458e-06,57.07805196355364,10
562,69,504,5149.438577737463,9.598537878598696,52.84935438322459,40,0.005843155520343369,0.002661011664756926,0.9913097371991483,0.4045604266841904,0.3232299804771939,4.347957652356373e-06,57.52482736996862,10
563,69,544,5150.927119575211,0.4999740258378278,2.752846819808396,40,0.0019438465077871263,0.0028257616908758626,0.9835427141677803,0.8201136840217186,0.7860494372514759,1.3070564924658854e-06,57.41329472771856,10
564,69,584,5152.411992484109,7.276255041343523,40.06291230251713,40,0.004352281682801861,0.0028512257384346942,0.9437937133846929,0.3194307488247177,0.23358931000728364,7.861418683799475e-06,57.135699310098964,10
565,69,624,5153.893287992869,9.604958876107712,52.88470826494489,40,0.005553734375204819,0.002831230506954306,0.9359683851779295,0.3556169075566235,0.25871562719433483,2.3033558125336054e-06,60.8398440570656,10
566,69,664,5155.370833833836,3.7460008406803653,20.62540445773355,40,0.00378035801177986,0.0027288540171825923,0.979896600695142,0.48356206756610187,0.3912359367694279,6.48730761326951e-06,58.399181638565906,10
567,69,704,5156.844658872014,5.719824437957729,31.49323704868142,40,0.004784630488000923,0.00273023619717685,0.9905709841045848,0.4811001928514332,0.38307601127328494,6.3620560423165405e-06,60.640550420615256,10
568,69,744,5158.314696759857,0.35269400616199115,1.9419260262601052,40,0.0015866031371178366,0.002777767240743287,0.985875752333849,0.787979574035562,0.7613944483526052,4.592058993685753e-07,59.70685520027956,10
569,69,784,5159.780960076331,3.9900887021175584,21.969347259532537,40,0.004113209138692244,0.0028106627298318523,0.9869693773786576,0.523606434187551,0.4177475063406088,1.2509935587012451e-06,61.27173468283452,10
570,69,824,5161.24334914705,0.23934010018490232,1.3178017248846885,40,0.001381877342030073,0.002885912847702569,0.9904758235471912,0.9038227400521284,0.8822876205146629,1.47320902855034e-06,60.378136940059534,10
571,69,864,5162.701895708119,0.5144837437729202,2.8327370317189082,40,0.001946714340369672,0.002824183871329872,0.943396266992898,0.8296158278463308,0.851539532601917,2.620704429037302e-06,62.050309260526966,10
572,69,904,5164.15649924198,5.043858202853725,27.771380703273003,40,0.0035040657317381885,0.00277868984884174,0.9830910318192205,0.314405043397103,0.24866321698320637,1.5296510268315544e-06,62.28190467828139,10
573,69,944,5165.607173536149,1.0742119904055805,5.914589376183376,40,0.002497466371457415,0.0027940995271300223,0.9702595960404682,0.688291871583565,0.6203495014847287,1.4653964844516865e-05,62.10321774770237,10
574,69,984,5167.053852525516,9.034369279575818,49.743053548789554,40,0.004913464559473305,0.0026284259200425025,0.9827378644092913,0.3433983925837138,0.2618532291938488,6.100825658606029e-06,62.3105007246789,10
575,69,1024,5168.496558437015,3.551670086772046,19.555423278229224,40,0.0019100229743144127,0.0019659484760558626,0.9925489668631906,0.14977795160702712,0.12917541312134967,6.7461494369788066e-06,64.90152315894551,10
576,69,1064,5169.935190481328,6.866813918663543,37.80853780660289,40,0.0043100949353205185,0.0024495281493355963,0.9894713290000635,0.2503491226505808,0.22346004105327963,2.1566235298345197e-06,63.99201842809797,10
577,69,1104,5171.369756777063,0.6979115047000852,3.8426865535700827,40,0.0020694927116949244,0.002893832367594255,0.9255833226518216,0.7314599061942926,0.6773032158040468,2.853488770126808e-06,67.45087912444001,10
578,69,1144,5172.800275327713,4.81491183309314,26.510806646758848,40,0.002907499612610224,0.002334666878447451,0.9682216296935805,0.24769800150339008,0.20696079420314353,1.5153616911926362e-06,63.59254893879826,10
579,69,1184,5174.226695281248,2.3656029234183094,13.024961594252547,40,0.001708933701731259,0.0016822537916438612,0.9831602488413245,0.12227576375877232,0.10210192497453764,5.7734382445900684e-06,66.52239352740496,10
580,69,1224,5175.648934863037,3.361495595093549,18.508326394049003,40,0.003140667781344104,0.0027506747060689393,0.978679568943732,0.43201492788926005,0.36049110379010935,4.697270187851894e-06,65.02187397114788,10
581,69,1264,5177.067095001634,0.42750337536803096,2.3538248919374145,40,0.001787494226768948,0.0028686231677755285,0.8834837273904146,0.8606451567448037,0.889368633799524,5.367886233804785e-07,66.12107852633838,10
582,69,1304,5178.481106862663,2.5973191567115963,14.300786463055449,40,0.0037786631792219257,0.0028449752076505136,0.9835235357441764,0.6041221022296528,0.5215970384669367,6.409686864785313e-07,83.87530072802932,10
583,69,1344,5179.890959699118,0.6097397181975991,3.357214489969475,40,0.002069765677943875,0.0028566437140382815,0.992688830908621,0.789259330979425,0.7531854209125917,3.2906804408570276e-07,67.42311643404484,10
584,69,1384,5181.296647055911,1.2561772382216163,6.916486330583366,40,0.002531847485659588,0.002776174016989207,0.9892980994529156,0.628254324084422,0.5635478086350222,8.858637306449773e-07,66.8075178395512,10
585,69,1424,5182.698163320477,0.428410079044376,2.3588171839424885,40,0.0016948752588720477,0.00262327754965668,0.9804783613253801,0.7662161432788371,0.7392506576185806,4.067179797214709e-06,67.76451507565001,10
586,69,1464,5184.095513783992,0.173678737331243,0.9562715961683392,40,0.0006262038510343753,0.002037060599033473,0.9728187744109564,0.2575220689602611,0.26866183075917366,6.716632121129857e-06,65.38648010295316,10
587,69,1504,5185.488719033359,3.027645828346045,16.670156366826948,40,0.002270991627394972,0.001658140167150983,0.9803247065230689,0.10364648636512319,0.08682737218898436,5.61278942745436e-06,79.44194657984593,10
588,69,1544,5186.877484089882,2.689776116483077,14.809852603540575,40,0.0034587426520406085,0.0027576406413773197,0.9794717726086936,0.533506830060666,0.44483110678297394,8.157162303463734e-06,65.09226755732705,10
589,69,1584,5188.262392091152,0.7974065740582924,4.3905043823270455,40,0.0026193403926825626,0.003022918654601113,nan,0.865463093449637,0.8341842810661684,7.551886869487397e-06,71.1605431657771,10
590,69,1624,5189.642621047102,6.544651331919473,36.034717154833025,40,0.0045540576427099255,0.0028273446466684166,0.9981473478149681,0.36709715678327476,0.30951382391694965,1.6174340297583347e-06,73.8099102390345,10
591,69,1664,5191.018955195936,0.17741952418115153,0.9768682924989042,40,0.0012461340462261244,0.0029536089461159676,0.9574112006757688,0.946469152398444,0.9394999900392859,9.51354374621162e-06,68.5574716511875,10
592,69,1704,5192.390792880282,4.425808383989174,24.36841096800859,40,0.0028118666194521785,0.0028162944479707694,0.9908692599952378,0.24817967505856778,0.1948926160146306,3.2797801008725157e-06,67.68912927496511,10
593,69,1744,5193.758705916195,8.746357849478288,48.15726847108709,40,0.004705568116175153,0.002452244123877388,0.9935978600259947,0.231064926790448,0.18695434547258644,1.2426384239888834e-05,73.12231951126998,10
594,69,1784,5195.121927023913,0.23772122470544196,1.3088882294129383,40,0.001363114634707718,0.0029047696983973306,0.9825829207940546,0.8492255475190308,0.8253870543754823,2.771569543389254e-06,61.76090154246301,10
595,69,1824,5196.480906989456,9.748507048035151,53.67508158067376,40,0.004769966349336564,0.002812011718094179,0.9948613302596176,0.2727194720999956,0.21345693553950035,3.848035057550406e-06,73.46282555197764,10
596,69,1864,5197.835581547551,3.5665528399792152,19.637367414762505,40,0.004145010949703199,0.002903955989978572,0.9904688693746314,0.48648920675166607,0.4105612245353538,1.5822704583070238e-05,65.33188220432444,10
597,69,1904,5199.1857490551765,3.6724629153186497,20.220506136009593,40,0.0040046815346517954,0.002968318220764294,0.977974903377095,0.4478745868104496,0.37236944860442045,3.0997324000999134e-06,74.45333296553926,10
598,69,1944,5200.531390620335,4.449392405117294,24.498264108783346,40,0.0036612896605087365,0.0029756545894867106,0.9902844334852191,0.36860531520123346,0.2887456136277519,3.009069428639903e-06,74.46200042712913,10
599,69,1984,5201.872583113047,1.1421689521390304,6.288759025653224,40,0.002726931277186061,0.002939323785157611,0.9873118409794734,0.6525832363754264,0.5874533902844604,1.3659090813567789e-06,72.42349661706224,10
600,70,24,5058.003432709656,0.6936320667632652,3.8191240553078956,40,0.0023997272955271556,0.0031117473677988654,0.9432329966265433,0.7778244624030358,0.7346867990491891,1.0560016357030221e-06,55.3426660722254,10
601,70,64,5059.51340589698,0.7173426476739845,3.9496740316721777,40,0.002435292153502813,0.0030994988322816633,0.9573816033160429,0.7476811591664925,0.7053326147360869,2.8732653111132256e-07,56.61325106481055,10
602,70,104,5061.019882122446,2.4494189657820056,13.48645101919453,40,0.003722220629837814,0.003122819063933729,0.9916255249163667,0.5688451961495806,0.4644967282096313,6.118829933448091e-07,57.870143164218476,10
603,70,144,5062.522874073966,0.15229856203402184,0.8385527857255902,40,0.0012295990417058485,0.003161168114612066,nan,0.939874298854109,0.9281667574766833,8.989189417006554e-07,56.95075345590256,10
604,70,184,5064.022293778437,0.3451659932625249,1.9004769403100001,40,0.0017799903843919464,0.003160100813561953,0.9917737477811291,0.8797903388397009,0.8411459425384012,2.2921869141537154e-07,55.43377546807715,10
605,70,224,5065.518220026623,6.367656058048164,35.06018477591343,40,0.004851484851502092,0.003046775643828631,0.9338570666464111,0.3440362552543812,0.31267438955012916,3.03771186740702e-06,59.648478608985776,10
606,70,264,5067.010570123092,4.569864374537083,25.161580322735812,40,0.004183182783830061,0.003012501678632354,0.9376181931644153,0.34580901976134326,0.2891303154934503,1.3372889758417335e-05,55.96832291886386,10
607,70,304,5068.499386052435,3.646687437263034,20.078586877953057,40,0.004210194033337925,0.002969442662131134,0.9957671106208027,0.506691693073697,0.41301246453023965,1.5489240454608992e-06,58.10333959205461,10
608,70,344,5069.98465564495,5.9394579328900035,32.70253460575857,40,0.004098130379419051,0.0028931546434605654,0.9934656197557739,0.3320519199429259,0.24852763078671594,1.9072267371029018e-06,57.83189366141467,10
609,70,384,5071.466253666746,0.20955890247053593,1.1538270558392394,40,0.0013280209336511994,0.002962721418277114,0.9625112126164639,0.8862716824562985,0.8667409525259724,9.168033155309941e-07,57.81914941879975,10
610,70,424,5072.944284922296,4.906774776882438,27.016602147324775,40,0.004503708847269353,0.0028464484712346153,0.9897038455808043,0.43360493156052754,0.3503584503213104,3.2081242024295365e-06,58.613860841444385,10
611,70,464,5074.418672260781,4.091987772742993,22.53040147038397,40,0.004337301988606521,0.002817356238839646,0.9889502636796856,0.4984487252117064,0.4021412455692333,1.2347143130479166e-05,57.69626106120159,10
612,70,504,5075.8895182313245,5.872655086767315,32.33471949337383,40,0.003887792459837784,0.0028675353674233535,0.986757347831762,0.34022458026565644,0.2550126217535449,1.7449196820772884e-06,59.43212743528604,10
613,70,544,5077.356630950256,3.07758886249696,16.945141697321944,40,0.0035382328734935363,0.002855906336280553,0.9787301626081427,0.4673706395810353,0.4031930092015025,9.85612290025986e-07,58.62514226768803,10
614,70,584,5078.820140429903,0.43830476121893025,2.413297102797457,40,0.0018973594262544661,0.0029183315813506175,0.9657649522002434,0.912763245176317,0.880215838550596,3.773410456402156e-07,61.04023319153742,10
615,70,624,5080.279941585193,18.90679520484145,104.10042994773215,40,0.0069876066789672595,0.0027997505221125756,0.9621412221576928,0.33232154503889205,0.2520868326431249,5.0457192010434396e-06,58.50002756681173,10
616,70,664,5081.736078184238,16.44524323604107,90.54717486063052,40,0.007227544335022487,0.0024694891800120453,0.9613826518409704,0.3511652440719544,0.27171154674962117,4.9098602914070614e-06,60.50692362622238,10
617,70,704,5083.1884255520035,3.3833347211494647,18.628572178036837,40,0.003833896475552028,0.0028429697180301977,0.9665152748646129,0.5165111982413962,0.42830272184537715,3.0817120752925156e-06,59.01310659805586,10
618,70,744,5084.637117304838,12.026429631572778,66.2172770064323,40,0.005282771563370466,0.0027206816677845455,0.9536525131426216,0.3161186748276358,0.2192221913317474,1.247248356449507e-05,60.8576288420445,10
619,70,784,5086.081977284166,2.2737783820797,12.519377536799237,40,0.002996305871516717,0.002770157067542323,0.9176778793493128,0.44494290734980324,0.3761241120718836,1.5038563305236482e-06,60.3032362818417,10
620,70,824,5087.523110496804,0.3962606226920908,2.1818029309927485,40,0.0017098485477648308,0.0028188278563090457,0.9445362508551403,0.8680117101355485,0.8402840801328458,8.794244304507321e-07,60.032678824926776,10
621,70,864,5088.9604199253245,3.5824205648364598,19.72473478517272,40,0.004507343212657904,0.002855798107324106,0.9860749327005863,0.627729267469499,0.5239917111251235,9.903913899429565e-07,61.70923300434551,10
622,70,904,5090.393933375792,1.2743720998407102,7.016666868684405,40,0.0028751914411228674,0.0028354649821972612,0.9948249194634465,0.7484284032418224,0.6889856234443844,6.197775263661929e-06,59.42616327166375,10
623,70,944,5091.823688907296,7.710243076790851,42.452441600992294,40,0.005787270438057888,0.0009535561156136185,0.9884344773803844,0.19156001097771153,0.15497374146983597,6.421572214685669e-06,65.13562656621548,10
624,70,984,5093.249485083064,0.0005982846196284394,0.003294142950175263,40,3.077974783898154e-05,0.0011295892984131226,0.9775071680015949,0.3977398779570012,0.3972058506123288,6.446116224621198e-06,61.54820358207181,10
625,70,1024,5094.671391803303,0.0005339726355742101,0.0029400424736903534,40,5.091044825673505e-05,0.0016445746881843379,0.9772695696702902,0.665270735602899,0.6645215418339104,7.782373218089921e-06,72.05610431100352,10
626,70,1064,5096.089245205352,1.0658049930760984,5.8683006198348435,40,0.0026615649838287003,0.002786928305276926,0.9837081903001588,0.7466624211702007,0.6873408067974136,1.5121077481097224e-06,60.62423264574738,10
627,70,1104,5097.503284838287,0.5569754297626824,3.066695390754054,40,0.0016907205850169758,0.0029050876217765094,0.8882182565840451,0.5548742159441323,0.5917998984474289,2.0298081949853097e-06,64.09084337317968,10
628,70,1144,5098.913365329206,3.971975976004896,21.869618957859768,40,0.0038545460696277913,0.002751863142974617,0.9578283822794733,0.4145295682504945,0.3531492772271605,1.7232315432721315e-05,63.07023163138481,10
629,70,1184,5100.319473589533,7.8647318673211215,43.303053740282195,40,0.0050867220701661464,0.0025011040990017153,0.9921296143977892,0.3287548088724388,0.2759936457390773,3.001470957862722e-06,67.19425440267662,10
630,70,1224,5101.721534298224,3.4656627116037,19.081868419423326,40,0.0036160594161481724,0.002762503176328818,0.990747777212804,0.4676768412285969,0.3897203329836689,1.955458552793533e-06,64.37238336917069,10
631,70,1264,5103.119578656205,0.37544457623368876,2.0671902024655613,40,0.0017857772337007407,0.0029204296767196903,nan,0.9323002193177866,0.9191031685365556,2.056998104034009e-06,63.84213310373235,10
632,70,1304,5104.513564202672,1.7222165876688766,9.482489512211842,40,0.0030595525136335733,0.002860090435489342,0.9726514034530718,0.6347385848790651,0.5577907435214571,9.738185890484536e-07,80.23798435590115,10
633,70,1344,5105.903313622103,1.8962841898382599,10.440902190271817,40,0.0033963432461454656,0.0028561936592010877,0.9783577379215844,0.7304196421492668,0.6665957763722374,2.4931587148632283e-06,64.54733074865581,10
634,70,1384,5107.289252782668,4.1967506949091895,23.107223989585385,40,0.003720811112758933,0.0027776446019591467,0.9909844928151591,0.414284766442533,0.3503031151796369,9.466804922277538e-07,64.6486141571834,10
635,70,1424,5108.670983340448,13.206683128511083,72.7157287613405,40,0.005664679507600167,0.0028153878898627732,0.9963502397580504,0.32969954861569056,0.25193940082235833,5.681025687180815e-06,69.28117294133985,10
636,70,1464,5110.048431671694,0.33514828188885193,1.845319625186356,40,0.0015587717487165263,0.0028073179514058154,0.9824223663567774,0.8243718136333118,0.7923617840783186,1.6517105305783133e-06,66.38064825192798,10
637,70,1504,5111.421801646773,9.314295567498304,51.28432199807923,40,0.0048722894206423934,0.002664747248280055,0.9920861029374344,0.24892463039788357,0.20137618584807726,3.094011926428383e-06,68.57793770035836,10
638,70,1544,5112.7909793325025,0.2697784527256952,1.4853946750418778,40,0.0014724086588082529,0.002870936582577957,0.9760480007322389,0.8975273072700235,0.8872665347786886,7.658471132950874e-07,66.78458394094542,10
639,70,1584,5114.15594552042,0.9958330679511315,5.4830366229035,40,0.0027309698623238787,0.0029484557386986465,1.0022860653327879,0.782961208553862,0.72291846572678,5.646469764939087e-07,66.71903958271608,10
640,70,1624,5115.516727114224,0.2606021328265252,1.434870044268022,40,0.0014926060650111814,0.0029758109149711203,0.9896721666904126,0.9007362772873888,0.8912375420430275,8.576528821142957e-07,65.96235253227378,10
641,70,1664,5116.873257199793,3.5192799265379278,19.377083714600573,40,0.003687580178697916,0.0028777982864528467,0.9955381687010274,0.4650773320116341,0.3837486093700426,1.5486428856167619e-06,69.64523621683078,10
642,70,1704,5118.2255592824995,0.3520217657773733,1.9382246843717126,40,0.0017252963057969686,0.002907779321141635,0.988146344760818,0.8752730664865074,0.8657874297367366,5.099162213021928e-06,67.4839813775013,10
643,70,1744,5119.573618228144,0.43266726165517044,2.382257144832118,40,0.0018021492026469878,0.0029537599463956977,0.9925627010805664,0.7918190598064507,0.7478235972840682,2.979752883854214e-07,69.69646008539831,10
644,70,1784,5120.917431402762,0.3820523951216251,2.1035727188993762,40,0.0017916326820624857,0.003034134088602301,0.9171372036675022,0.8526764384292677,0.8123151127449512,1.3029954047614855e-06,69.74396936560868,10
645,70,1824,5122.256995584454,1.782823790250254,9.816191537240128,40,0.0027626139101582397,0.00293436503308876,0.9436405818931628,0.44446100774597835,0.38845469522554055,1.0067845363705067e-06,66.81834281383317,10
646,70,1864,5123.592334270601,0.7722935119656913,4.252232373093326,40,0.0022289341372626623,0.0029734257529289037,0.8983326756090968,0.5447928352522936,0.5099644951174287,4.0113974333990725e-06,68.84611011755696,10
647,70,1904,5124.923494188728,6.231153982229039,34.30860712208185,40,0.004474956929131454,0.0028582061943768352,0.9911791124801806,0.32535183086878694,0.24642672423476253,5.592392692579147e-06,67.313972159876,10
648,70,1944,5126.2502862342935,2.4729779202191517,13.616166143278484,40,0.0031743531885018265,0.0030017623821551242,0.9932137191326182,0.343125998430674,0.29882734877197514,2.715352659840127e-06,72.48369442305918,10
649,70,1984,5127.572829308185,1.8138344602410008,9.98693565563928,40,0.0029949116174132983,0.0030551342851039623,0.9856503633921195,0.4894806047065088,0.42752513129662545,3.159768515744321e-06,61.9116511766245,10
650,71,24,4986.777705229148,9.810439684609538,54.01608141831623,40,0.006506982009265864,0.002877629359739076,0.9939144249642373,0.3847102787953036,0.29807967724430395,2.321893939386729e-06,67.38564124205017,10
651,71,64,4988.267017510743,0.4633201738324,2.5510314559846794,40,0.002057312107621081,0.0031761054875419697,0.9290568979930642,0.8410476024040159,0.8024149166016682,2.9860633984148675e-06,63.732471668226154,10
652,71,104,4989.752492342551,4.403574631713864,24.24599238008109,40,0.004672992957737564,0.003080588008372331,0.9942438363003246,0.4439672119272454,0.35033265503351885,9.837389890500623e-07,63.27778620293677,10
653,71,144,4991.234093578078,0.680698362815828,3.747911344366799,40,0.0022572576529113117,0.0031255886963683496,0.9859543828189372,0.7407248599848558,0.6680951145923295,2.2791434337650595e-05,58.12840996808635,10
654,71,184,4992.7120677436415,10.431272407608665,57.43437376715814,40,0.005852744269645701,0.003060079673871869,0.9965346185188829,0.33124846909618527,0.22663867393586007,4.03023555342844e-06,62.548891531904474,10
655,71,224,4994.186341329737,1.6680495465758196,9.184246885384225,40,0.0032727230577293434,0.003017540312318304,0.9430725055585901,0.6408464461605258,0.5856504386855456,3.4239046607516917e-06,57.91280055378707,10
656,71,264,4995.657123520417,8.139274808766425,44.81468159333329,40,0.004961555167279821,0.0030278398600369744,0.9617656514132679,0.33294170750732394,0.23258984261130888,9.85748514479842e-06,56.65534908937492,10
657,71,304,4997.124367896704,0.6222273918543503,3.4259713671996197,40,0.0022618952168001723,0.003044566979694449,0.9919642449025837,0.8205504009171072,0.7713645174825821,8.494120375597567e-07,57.22747957117891,10
658,71,344,4998.588151157121,2.585945411828642,14.23816285500324,40,0.004129251446589431,0.0030870880653330445,0.996727682283642,0.6363569646666287,0.5408786739938279,1.3590947036605548e-06,56.03410259249127,10
659,71,384,5000.048490470335,10.694989611937284,58.886395331774935,40,0.00609002216154019,0.002995545505675879,0.9538292249240098,0.3500306589566292,0.2392649158298267,2.328290976615137e-06,56.87522766419018,10
660,71,424,5001.50536238174,4.243864170776483,23.366629829706902,40,0.004533466810206004,0.002962258761275816,0.9039339500062344,0.5016140922334562,0.3850290712495044,2.9557884005792494e-06,55.45112470322592,10
661,71,464,5002.958815488906,5.969817449234645,32.86969348542281,40,0.0039978322599296965,0.0029248688313466666,0.9662968998931687,0.31637709963910526,0.2265620061104543,2.030070180426447e-05,58.36624553748016,10
662,71,504,5004.4087542381985,5.182018396183738,28.532087918403423,40,0.004658977626074667,0.0029022526062469868,0.9897026432569374,0.4514215762488069,0.35401375962137804,2.5114028667511774e-06,57.01221703906897,10
663,71,544,5005.855258663463,2.6037576127392974,14.336236471024627,40,0.0038423209420085725,0.002746700055256298,0.9846659831125341,0.6071296494348098,0.5042687426738547,1.03933797773121e-05,58.83879986224569,10
664,71,584,5007.29822319955,11.033639863236498,60.75099672932582,40,0.0045654930082139914,0.0025257670291358577,0.9931890388140676,0.22523765894570347,0.1731683462392274,2.847888091441474e-06,57.39669337616165,10
665,71,624,5008.737642628308,6.026056039819219,33.1793420216279,40,0.003927481028261726,0.0027723497454560375,0.9872672633447513,0.24153124369408935,0.21019142358384696,2.6498157544285226e-06,59.89838921994875,10
666,71,664,5010.173472787233,0.7726321217027049,4.254096751420045,40,0.0023681984215587525,0.0029258545824573457,0.9310721272719097,0.7746918953900281,0.7133919920334783,8.010061627344537e-06,60.11165646387156,10
667,71,704,5011.605663211386,3.7480899701212693,20.63690716195488,40,0.00463421794166847,0.0028404706056674054,0.969206642995109,0.6207696235390189,0.5027947493149416,1.0542825911023318e-06,59.74615014249683,10
668,71,744,5013.034243986049,8.281684873912889,45.59878851626834,40,0.004662561960386712,0.002894504806524815,0.9877433613800575,0.2375799283475191,0.1879828205306184,2.718625578047041e-06,59.461964029847145,10
669,71,784,5014.459085898681,5.106314884440466,28.115265922097578,40,0.005046605882282341,0.002693855461422036,0.9649025071011553,0.5428462983707382,0.45883608279526494,2.21122107848535e-05,60.20975569227159,10
670,71,824,5015.8802183107255,9.817142529105116,54.052987143813475,40,0.005025325654985937,0.0027151028988108405,0.985710912293817,0.2920964539955868,0.2562037327394758,3.4990884664337007e-06,62.258958331590925,10
671,71,864,5017.297551275656,4.411189775562744,24.28792120726695,40,0.004359817673632755,0.002879696975027362,0.9834733180404083,0.5194435963950751,0.4008615069894129,4.334079000540858e-06,61.21475161135489,10
672,71,904,5018.71109073425,5.637961566428023,31.042501742635682,40,0.0044172674709921,0.0026506378233629897,0.9843459792991852,0.4138404780156473,0.32481427111682576,1.840401502301727e-05,77.53537928734376,10
673,71,944,5020.120900410764,4.020744168793469,22.13813563570289,40,0.003041555489051549,0.0028052776631442696,0.9879521759642973,0.2683070742474845,0.22222215982051874,2.494499439094344e-06,70.99280821988442,10
674,71,984,5021.526586555487,4.532118344444254,24.953751448571175,40,0.004172278366544471,0.002737989730107005,0.9897263883494067,0.4452011276116045,0.36398107036398636,1.2074347417006856e-06,63.48579815839256,10
675,71,1024,5022.928506590574,5.330296823818611,29.348505925872576,40,0.004129099440974916,0.0026263782601249,0.9898212046973731,0.39136754555602427,0.3162022562328412,2.142017388901737e-06,62.54936229583519,10
676,71,1064,5024.326480716492,5.342151797524148,29.413779170036637,40,0.0047460861482738525,0.002761865554090568,0.9855179456846896,0.48240434470975824,0.38615129730043285,3.3414956637907367e-06,64.60309949948721,10
677,71,1104,5025.720509824241,3.6055442252113274,19.852053189001026,40,0.003902058719497194,0.00284981210522234,0.9927493550348109,0.49683388907794973,0.41858118584406445,8.470941779486121e-06,67.91015061058333,10
678,71,1144,5027.110589559496,1.968580388828998,10.838963591846392,40,0.003315120258083471,0.002832233007901786,0.9906875222428039,0.614774491976834,0.5389813883043211,1.3173313503584357e-05,65.15540517490096,10
679,71,1184,5028.496715438892,3.625289249012468,19.960768888555467,40,0.0036300588445491474,0.002665249751814449,0.9960616621704113,0.37984195500987017,0.33266734393638464,2.7195761869757087e-06,64.74712397267686,10
680,71,1224,5029.878761748301,3.5037876287839786,19.29178343818718,40,0.0035581079273329357,0.0028718450833100633,0.9924227246611699,0.45110707667365174,0.3762073609865541,1.2131479701729341e-05,66.35057980346829,10
681,71,1264,5031.256847125114,1.8208591180135678,10.025613278495886,40,0.0031655560830290493,0.002869407076051049,0.9869894339100506,0.6260883514584379,0.5570054074415574,1.8871920624734154e-05,61.97851576407302,10
682,71,1304,5032.630928212611,4.185505378246376,23.045307504701817,40,0.004203721045006013,0.002777393788573375,0.9927403741272547,0.47576891282958833,0.39477805940129457,1.0534416324205544e-06,68.49262718152823,10
683,71,1344,5034.000977914266,0.40915499704201874,2.2527990939696863,40,0.0017257509907509275,0.002909784678590731,0.979302681214637,0.8123810626237646,0.7694381199858683,6.199749299060049e-07,66.62956654418122,10
684,71,1384,5035.36696377929,0.20617645806330537,1.1352033857115365,40,0.0013113774510984406,0.0028953292552714623,0.9836267916647979,0.9279661441654847,0.9204925829696733,1.8243851800719153e-07,67.06618431347563,10
685,71,1424,5036.728943217175,7.531853297826814,41.470231105387946,40,0.004576807487643635,0.002788176832799486,0.9941782379031561,0.35372900075645825,0.29555046344483904,2.0331648745290902e-05,66.75347198352394,10
686,71,1464,5038.086829040966,5.128145491351189,28.235464799845207,40,0.004808536495208759,0.0028185616746060275,0.9937038416674232,0.50065960482285,0.4096497287357422,8.326762911575366e-06,66.61278046837265,10
687,71,1504,5039.440632253389,4.7799902618424195,26.318529185546414,40,0.0044687189581896596,0.0028130317584679036,0.9889545509017509,0.5151455239484836,0.4249770826749524,4.337983819467262e-06,68.3821378485381,10
688,71,1544,5040.790418936353,6.82995151775935,37.60557417678321,40,0.004853355914104615,0.002721651541724757,0.9906582425010155,0.4216167209335577,0.3517865276958157,6.860891002445882e-06,69.84978607369028,10
689,71,1584,5042.136296710956,8.10041995529048,44.600747560167996,40,0.004595566816414115,0.002480407158176984,0.9761596453937242,0.2829330667246338,0.22377825041925237,1.926074414729042e-05,68.52882987305634,10
690,71,1624,5043.477730372209,6.5037263310932145,35.80938493245121,40,0.004161405554360947,0.0028162746080182587,0.9801328234316532,0.2647172065535129,0.20786872244439167,2.3834849577596103e-06,78.08428903205535,10
691,71,1664,5044.815093141721,3.1853370569429016,17.538401064993213,40,0.003727154793359418,0.002954402585023982,0.9246805099611338,0.4748119690165884,0.3901473600555855,9.647097920153891e-07,63.49884980878916,10
692,71,1704,5046.148399892567,0.8021824092086611,4.416800033553308,40,0.002423925710821682,0.0030399783559621144,0.8379039151969362,0.58062470789304,0.5537046995556375,9.393872341062746e-07,72.39672052058921,10
693,71,1744,5047.477525690019,0.2280650245857953,1.2557213879030056,40,0.0014646971099875961,0.003087926295798142,nan,0.9727817137515042,0.9702108478505714,8.500932941717371e-07,64.42497479630622,10
694,71,1784,5048.802549963757,0.5233537008609646,2.8815748350842774,40,0.0019245215033134625,0.0029659202970630572,0.9661743453178289,0.6944372769977551,0.6503188882874086,4.723205559479479e-06,162.0536233241984,10
695,71,1824,5050.123412482748,7.397596087481261,40.73101363520684,40,0.0059574388323743255,0.0029149169218852435,0.9722758004090154,0.5207718803643437,0.42029327415783446,2.509886765206533e-05,84.66905091889232,10
696,71,1864,5051.439952894285,4.543818280532039,25.018171058764423,40,0.0032044923752335788,0.0029442209735517366,0.9892091173610507,0.2736944778239074,0.20954329954563217,1.6834453418519778e-06,78.43677572190376,10
697,71,1904,5052.752350123636,5.453254770236849,30.025509878628732,40,0.004046883768455636,0.0028855470141928227,0.9820048424278367,0.2721615391460936,0.20241010410707422,2.0003570133302088e-06,71.49753831405913,10
698,71,1944,5054.060421492264,0.4480942319556943,2.4671977296153176,40,0.002008701122485092,0.0030295829371422686,0.9518073658052147,0.774681956922951,0.7592942038012772,2.230924028089149e-06,68.35119610369733,10
699,71,1984,5055.364291162779,0.9117079124397576,5.0198452272559,40,0.0025690208991564884,0.0031296449666246284,0.9834809857760742,0.6697326507865139,0.6100452413444123,5.769933305146358e-07,68.00366275305265,10
0,58,24,6104.354357300299,0.6838122159659171,3.7650561564942064,40,0.0018541537797726237,0.0027100978629421317,1.0006942670344385,0.37990882686730504,0.23115610966355293,2.571764722100735e-07,42.47146098138096,1
1,58,64,6106.168038576769,0.13084389063852803,0.7204238012805533,40,0.0010068981370792499,0.002782532139925441,0.9997737955657863,0.8983676791704104,0.8808722511491838,8.798309017146898e-08,43.45013599117425,1
2,58,104,6107.978565196777,0.24491285184881403,1.3484851822300452,40,0.0013594131194281233,0.0027545260373533697,1.0003234154977247,0.9043065308582112,0.8883391879440096,5.686952871034155e-08,45.61764615948702,1
3,58,144,6109.785928056173,0.4150380863054168,2.2851912638274205,40,0.0017311242940048683,0.0027325869330308986,1.00098857898991,0.6672842857165681,0.5034123578491072,7.634363325062328e-08,45.86882347956166,1
4,58,184,6111.589695057304,0.20989650865416926,1.155685908621452,40,0.0012528032371189636,0.0027567385499247246,0.9758438888781701,0.8752458027770853,0.9116353664015137,4.543965122779913e-08,48.32123662375517,1
5,58,224,6113.389937357071,0.19044200217635354,1.0485697915418657,40,0.0011543852971464565,0.002731515232627493,1.0155511361545444,0.7355629699013554,0.6509910616653467,4.593512572778615e-08,51.62755502860336,1
6,58,264,6115.186359066365,0.35754364327966204,1.9686280296176466,40,0.0016559540052047733,0.002763681410761278,0.9989362390698808,0.9007580967907851,0.886256154828143,1.943486444499094e-08,51.31689423620552,1
7,58,304,6116.979029984277,0.37164951321117345,2.046294662632273,40,0.0016913162981281081,0.002770709122366948,1.0049441657049736,0.740920168420192,0.6643816535739387,2.0731926229999346e-08,53.071417160602124,1
8,58,344,6118.767661395677,0.44560592861249937,2.453497182004761,40,0.0018652905769177925,0.002809054551126722,0.9981007450351164,0.9392107599066619,0.9286329159565784,2.2763686938355497e-08,52.884691230292674,1
9,58,384,6120.552431346997,0.271348800032949,1.494040975384229,40,0.0014176559407744265,0.002741457848111437,0.9986858387568539,0.8677061571097572,0.835344665111289,1.662479756469806e-08,54.7846220960311,1
10,58,424,6122.332992404497,0.29065129092982134,1.6003200977662209,40,0.0014708920262507471,0.0027253558897393252,0.9984531639470229,0.9238289273767071,0.9154236625244161,3.231972911188652e-07,58.854735341121746,1
11,58,464,6124.109599085204,0.40244073615150755,2.215830510034082,40,0.0013197541722546227,0.0026074733555442016,1.0006797607853906,0.3674952494358156,0.2291889124333927,1.3406331506624073e-07,56.66469160993275,1
12,58,504,6125.881863718032,0.5482923654267908,3.0188866150817675,40,0.0019516452423862746,0.0026962976345630114,0.9982954833448513,0.7693261603283637,0.6973585157640493,4.780128377243565e-08,58.00268571046321,1
13,58,544,6127.650110261296,0.209814749384172,1.1552357437433372,40,0.0012313154462469443,0.0027209851317167746,0.9998630514824745,0.8690628645666912,0.8305066515937573,4.411497803137633e-08,56.763968147563375,1
14,58,584,6129.4141137191,0.4294561878196209,2.364577037587447,40,0.0016301984430232917,0.0026955703303023866,1.0002264052762317,0.6821569051724368,0.5669280225472219,6.077639371094932e-08,61.168662145041374,1
15,58,624,6131.173742574501,0.2011977165280622,1.1077905360560472,40,0.0012034349068455355,0.0026898206476566947,0.9999653502992242,0.8482178706926815,0.7865234199540369,2.0161950078841426e-08,58.65199325237119,1
16,58,664,6132.929210966725,0.35056290828778736,1.9301922446984103,40,0.0015813660151912403,0.002685873386083581,0.9993750974435637,0.8368738612470221,0.7900341433032152,8.661032950929526e-08,63.95198565395083,1
17,58,704,6134.680236279598,0.12556560964388397,0.6913616934524277,40,0.0009735988764637377,0.0027238332208900187,1.0040739065657815,0.9300780595679105,0.9226697749599857,2.6386271406156764e-08,57.593203301348574,1
18,58,744,6136.427069457637,0.3780798714027929,2.0817000840806474,40,0.0016748976741195651,0.002724829803692157,0.9965641928901332,0.9067574899968021,0.8951358548963427,9.652601691515315e-09,62.86119520521439,1
19,58,784,6138.169424661692,0.3389679201993795,1.8663504760557266,40,0.0014347205924575889,0.0026246463217986862,0.9974849441320016,0.4815341798718591,0.3333760212444383,4.3603241282079047e-07,56.74812146946272,1
20,58,824,6139.907476406033,0.25755450816627345,1.4180898848589711,40,0.0008299308226245116,0.0019355037028323911,1.0012903965867688,0.40201173345187974,0.28869856710478453,1.4471630521344032e-07,67.7496511305682,1
21,58,864,6141.640899580614,0.2721995375495532,1.4987251188517845,40,0.0013951654125384599,0.0026402707269451457,0.9975153815081821,0.8116583331495818,0.8089125240209031,1.823375719811037e-07,63.412549034835536,1
22,58,904,6143.370200009629,0.49196810567821886,2.708766386201695,40,0.0015483851190211612,0.0027321386382224136,1.0011645517819827,0.5216591137772835,0.3269013482893593,1.4255802050369843e-07,60.09810702322129,1
23,58,944,6145.094835015458,0.18413238962188178,1.0138291931163894,40,0.0011947705190112055,0.0027881945550689725,nan,0.9721263451164658,0.9709371461409151,7.584218220268897e-09,67.3697256667962,1
24,58,984,6146.814854577089,0.4266775732965165,2.349278042523487,40,0.001800881388902692,0.0027864363879522053,0.9981025673425324,0.8577321463659813,0.8211181504043096,4.774114420080214e-09,54.81765398745851,1
25,58,1024,6148.530422429827,0.39605719755875385,2.1806828763450348,40,0.0016076760047934104,0.0027855335732253337,1.0448766271119954,0.7577133275736088,0.7078711065253286,1.2431571184448216e-08,67.35542994016922,1
26,58,1064,6150.241154725402,0.26540582981812205,1.4613191022255445,40,0.0014151271964232585,0.002793596854480645,0.9382288688630681,0.858043603873616,0.805247113719724,2.348921650195889e-08,65.60047339639412,1
27,58,1104,6151.947435197166,0.18265354071029752,1.0056866810800695,40,0.001181779038368535,0.002758919901289876,0.9974230091241069,0.943298848753453,0.9304748676009048,1.5720327413278623e-07,119.18094779180338,1
28,58,1144,6153.6488657108,0.5738050640471499,3.1593590149111264,40,0.002035278360726945,0.002782527159477895,1.0006561308971458,0.7061024304939283,0.5566736341770147,5.6067373219625186e-08,66.29084244347094,1
29,58,1184,6155.345382550589,0.45667840492758016,2.5144620114482423,40,0.0018218916832824774,0.002775024105831034,1.0010336107514293,0.8384690352697336,0.8079683273906672,1.9784166498275688e-07,62.58553163714704,1
30,58,1224,6157.037174314632,0.20409374192742885,1.1237359930172788,40,0.001245152001273199,0.002801434488631074,1.0037200954141376,0.7349770724653066,0.6652154292707887,4.1192321750334914e-08,65.05248021680725,1
31,58,1264,6158.723965931751,0.324191404978599,1.7849912837152624,40,0.0015538084390478094,0.00281471386051648,0.9969019226284842,0.73861402036148,0.5799495224576269,5.278958009490161e-08,69.2038929681933,1
32,58,1304,6160.40571127684,0.2496821189278838,1.3747446697892902,40,0.0014062452411123313,0.002826260519174389,nan,0.9564668778096346,0.9404292382609655,9.308248658003836e-08,65.46077346771229,1
33,58,1344,6162.082458164445,0.30248361454569206,1.6654686309971427,40,0.0014461459137664822,0.0027214142296192985,1.0097557421318732,0.7104342269294547,0.5837576469307871,8.650214220831432e-08,68.93397342569412,1
34,58,1384,6163.7540948279,1.8628086347280242,10.256586464525649,40,0.0020086828228011167,0.002142447597109344,0.9981927091463801,0.31127953313258644,0.22650673417528616,5.403022880559613e-07,67.9948085036249,1
35,58,1424,6165.420463408693,0.264806965411348,1.4580217669791349,40,0.0012371901498600684,0.002444948120765982,0.9987203536682231,0.6852449596851459,0.5831344703880794,2.7569626607854586e-07,68.84914059379368,1
36,58,1464,6167.081661053879,0.27707674679922983,1.5255789338074985,40,0.001423353505939131,0.0027463455255949767,0.9495626751260772,0.7853074374466357,0.6963438266233406,8.241557050285496e-08,69.73471351567271,1
37,58,1504,6168.73757248642,0.34271889484526397,1.8870032661837766,40,0.0016636051622943313,0.0028440303903595017,1.1144668274872764,0.709347053764501,0.5765233678563859,5.544395537029792e-08,69.95228060763581,1
38,58,1544,6170.388180675246,0.336026956156444,1.8501575878367857,40,0.0015166518713739976,0.0027294946284181524,1.0051576793973958,0.5355231145784639,0.4032310421328857,2.112645331995989e-07,72.60686589137529,1
39,58,1584,6172.0334475685795,0.23171516798724676,1.2758190032495065,40,0.0012686224209602101,0.0026970421567251413,0.9935804945231166,0.6647636154153997,0.5797508437218423,1.4504907227384248e-07,71.13667246558803,1
40,58,1624,6173.673208523425,0.19191993497095572,1.0567072594567106,40,0.001212814732516045,0.0027630522252857087,0.9960574714339951,0.944312581555046,0.9359442660778275,2.891228756260061e-07,70.31375468150777,1
41,58,1664,6175.307597974224,0.2983741380816027,1.6428419371478198,40,0.0015115525800393785,0.0027963861219301297,1.0018587076586862,0.6774971785625167,0.5571046182224064,6.889889172867451e-08,73.10632465436419,1
42,58,1704,6176.9365488564235,0.09392849618631735,0.5171683900630453,40,0.0008518819975936526,0.0028325933067569085,0.9993473516635923,0.7689585015918555,0.6784460941429771,3.390429725622619e-08,72.62469208121348,1
43,58,1744,6178.559906335655,0.2358137838563191,1.2983858988835044,40,0.0013334497790335874,0.0027599409349537054,1.000793069520451,0.6888492849364165,0.5499040498314436,6.055056234508372e-08,73.57121488642106,1
44,58,1784,6180.17774938619,0.15995025562433177,0.8806828550445618,40,0.0011235137746975887,0.002810235585280264,0.9998859030291991,0.9395783661979942,0.9347250088551547,1.9053217746691232e-08,73.2437758731558,1
45,58,1824,6181.790007139059,0.24078554253217188,1.3257603010571795,40,0.0013408731516573612,0.0028290981806880205,0.9988113801605741,0.7149056022017419,0.5713025547266873,5.190549747102351e-08,74.5601742774701,1
46,58,1864,6183.396557432603,0.14518240211221928,0.799371353895897,40,0.0010986085683404529,0.0028775010255794845,1.0000805901843943,0.9549763621769962,0.9520109351422545,7.887477385192886e-09,75.37348573479096,1
47,58,1904,6184.997334095798,0.2773048293076544,1.526834751461062,40,0.0014911760212604687,0.0028721925259335263,0.9998825911536033,0.8772642448804512,0.8656208783128572,1.8137800193523268e-08,78.62357707296174,1
48,58,1944,6186.592215722894,0.20373964856142573,1.121786362144188,40,0.0012941040259554556,0.002881035289952922,0.9999193778844356,0.834261408203745,0.792721191092685,1.1196428680673346e-07,82.57693913248374,1
49,58,1984,6188.181093391717,0.6483260800495446,3.5696702137125293,40,0.0021462362779797062,0.0028407585518857095,1.0012760566776302,0.7247911609289731,0.6456221283240472,4.667899109115935e-08,82.47392464137437,1
50,59,24,6000.897976289132,2.1578706532710674,11.881191938842685,40,0.004467743977832539,0.0027969251160536134,1.0020880345791872,0.8884051958764322,0.8663461484096696,2.6876885164040748e-08,50.081476480829686,1
51,59,64,6002.682616156576,0.28059498806532635,1.5449502986788286,40,0.0014863243549308454,0.0028183461787560206,1.0002414564779492,0.9171996215282264,0.9114241573927956,2.1454613684906634e-08,49.3703695237374,1
52,59,104,6004.463689259287,0.3900716476928596,2.147726560493387,40,0.0016687635671641878,0.002806302422478699,0.9993960725670582,0.5187164121398858,0.3894274949800355,9.216807280668173e-08,51.89325120888753,1
53,59,144,6006.241165799004,0.3391593546843687,1.8674045104374548,40,0.0016135175797636987,0.002768650144715044,1.0041660326986774,0.8468397382222088,0.8075687576087571,3.1797117889544106e-08,50.15061447463596,1
54,59,184,6008.014979738957,0.31294936084875696,1.7230928173316917,40,0.0015354527365540318,0.0027692274938828135,1.000709792288657,0.7763631747688692,0.6829357542543179,7.778924703381795e-08,54.504586454405235,1
55,59,224,6009.7850450300275,0.5869260842359575,3.2316030852683264,40,0.0020693532579015546,0.0027024098459198375,0.9979949345715409,0.5990178259350325,0.46679300153912273,1.4381656076466473e-07,50.90788638535758,1
56,59,264,6011.5513931933365,0.5314250335594816,2.92601542880011,40,0.002025830717909652,0.002766041089691228,1.0037754238301186,0.9300929915219862,0.9066967972322829,2.2136483926364183e-08,53.43506944959585,1
57,59,304,6013.313917121204,0.2898489424604887,1.5959023834090016,40,0.0014899290673611272,0.0027594601695222023,0.9951248103859202,0.856501258235226,0.8256117774656216,3.1210996300578826e-08,52.47007362011642,1
58,59,344,6015.072606560841,0.38957042507962153,2.1449668389767416,40,0.0016982110063089308,0.002736638595496882,1.0011582199402518,0.6172580090585043,0.4930688664853435,7.942541648312415e-08,55.01668940936032,1
59,59,384,6016.82738544787,0.3092351934043855,1.702642686906736,40,0.0015297759306284364,0.0027500624241515465,1.001219444781493,0.9188465051696691,0.9059239160233541,3.0481144515872684e-06,53.70186785119858,1
60,59,424,6018.578301723386,0.35798676147948283,1.9710678294155095,40,0.0016238869160839257,0.002779357964315421,1.0000922344767558,0.5859562913139716,0.4603301454006225,7.501663670517023e-08,55.51983007616316,1
61,59,464,6020.325165983086,0.08493815751828886,0.46766776816611827,40,0.0007996983431352378,0.0027405031997428534,1.0008544597895268,0.9070871183041257,0.8918832761383896,4.153927943734444e-07,54.506318335794596,1
62,59,504,6022.068067339989,0.3034707887706559,1.6709039922066269,40,0.0014692143641911216,0.002752220137230972,1.0005080280639906,0.5964894833949663,0.44469654456644636,5.341636165118728e-07,57.8835608681862,1
63,59,544,6023.806884080235,0.5094606105288362,2.8050797622172006,40,0.0013915473734113929,0.0024059462408386285,1.0000076269156826,0.5313676329440067,0.4766312190864465,6.532856575951512e-08,54.95240789933936,1
64,59,584,6025.54157040302,0.28429521013723213,1.5653236461665534,40,0.0013514667568778563,0.002660474536235609,0.9989187866992025,0.4547893644099456,0.3398411739144377,1.2208624411129466e-07,60.20181115153688,1
65,59,624,6027.272151051837,0.08692263231516828,0.47859424604549394,40,0.000790186904967892,0.0026937058543721887,1.000613582998164,0.9151459590563777,0.9101995064729731,9.765250224803666e-07,56.587603350604155,1
66,59,664,6028.998560596025,0.4741795113757291,2.6108227476848525,40,0.0017058668865566316,0.0026841892516828256,1.0009670117238607,0.5834853016856563,0.4427151147900675,9.601737073478129e-08,61.04033843443539,1
67,59,704,6030.72063692474,0.19824698215859246,1.091543852617878,40,0.0012069605064762695,0.0027081161369186604,0.9994257761997961,0.9138893111437721,0.9050596370682492,1.803490355465533e-08,56.96687152887674,1
68,59,744,6032.43854626931,0.5369684136285179,2.956537166741324,40,0.002006018914407176,0.0027267232429737135,0.9970707423045335,0.9292686792064181,0.9172490820673823,1.7839635061862908e-08,62.77807834511913,1
69,59,784,6034.151996695097,0.5352955690901094,2.9473265187284103,40,0.00203217244714915,0.002762389546373205,0.9993732701714055,0.9608020164975993,0.9550150058040041,1.1727986680921536e-08,58.40976956670007,1
70,59,824,6035.861222632895,0.7391151752870913,4.069553125988114,40,0.0023529866755141143,0.0027653509544752998,0.9993068736440154,0.9178763300002001,0.8997140382923428,5.07156512710581e-09,66.03604932090916,1
71,59,864,6037.5658676507355,0.3324439504673481,1.8304296313693382,40,0.0015987452898253022,0.0027776550323658977,1.0074628454047379,0.9341911417179409,0.9151969132443488,7.480498676666843e-09,62.37073647403563,1
72,59,904,6039.266280502049,0.20890974656019656,1.1502528165968249,40,0.0012528217399140886,0.0027445182166833176,0.9991320428552779,0.9620783224143338,0.9547985340850498,8.194512775341189e-09,62.3727245063873,1
73,59,944,6040.962105571321,0.3244713638338089,1.7865327314793746,40,0.0015637180212440894,0.002751807473754025,1.0002930874721996,0.891658641020914,0.8551800512029071,1.1720505405464728e-08,64.66627545982472,1
74,59,984,6042.65331331251,0.47221805421651303,2.6000230044504113,40,0.0018627792837414307,0.002750734762070956,0.9638790550112122,0.8810800563572827,0.9124514812525373,4.2068191068825696e-08,61.446425179117064,1
75,59,1024,6044.339993757136,0.3676021710303613,2.0240100788832387,40,0.0016745456141823694,0.0028049859705353585,1.0404217746957203,0.6746231728645409,0.5750559956001865,4.351866412982832e-08,67.50566181388767,1
76,59,1064,6046.021975647105,0.3291876601232976,1.8125005629482922,40,0.001604564349839043,0.002801341940741357,nan,0.9794951070880995,0.9751838201366143,3.3144249833854257e-09,64.72175324499702,1
77,59,1104,6047.6994482214595,0.14121902547374182,0.7775490827156046,40,0.001044855540311381,0.0027866816426161596,1.0084866026159929,0.9484210924660156,0.941089175364221,1.6261925625274e-09,118.32333503220872,1
78,59,1144,6049.372071075987,0.5175807756107949,2.849789226043307,40,0.0020212891607172294,0.002801583242335097,nan,0.9799433618477275,0.9770232602510199,1.3558638458761608e-09,65.43613864151068,1
79,59,1184,6051.039895860671,0.2587000720130823,1.4243973361056448,40,0.0014390961834398535,0.0028328850122273652,nan,0.9849429292370566,0.983989215151142,7.22833896547723e-10,61.67341001268461,1
80,59,1224,6052.702959228555,0.3875670360134914,2.1339362195154736,40,0.0017645863354637662,0.0028302885425357718,nan,0.9933407910959621,0.9918854785893272,8.334285869382052e-10,69.81764931271768,1
81,59,1264,6054.361174682404,0.40300807222146834,2.218954250899094,40,0.0017768411009244853,0.00280155847458749,1.0144591749011564,0.9058136999812306,0.8747807956458359,1.4136257154953422e-08,68.75513086077261,1
82,59,1304,6056.014388133047,0.2122593976883969,1.1686959275970048,40,0.0012937717991311163,0.0028029329399415883,0.9876534900695695,0.9170156189102854,0.9017346668417162,4.446404910009706e-09,69.03326534037056,1
83,59,1344,6057.662756513086,0.6082502955952045,3.3490137594065588,40,0.001715767073320673,0.002547321733556441,1.0007241550032773,0.5858551831268954,0.4541048761224431,1.0157224274655247e-07,70.87060763560812,1
84,59,1384,6059.305997683657,0.4421050973975424,2.4342216765209894,40,0.0018646050107743108,0.0027656692780529397,1.0017722741509336,0.9003616455061599,0.8954454714744863,1.639980004114271e-08,67.95058778106521,1
85,59,1424,6060.944339300547,0.2309630903134349,1.27167807887022,40,0.0013517176274623372,0.002811213416226808,0.9969627874752156,0.976713437408996,0.9733830919732401,2.3934401626052445e-09,68.42873615527674,1
86,59,1464,6062.577563044404,0.2964374341243631,1.6321784845401304,40,0.0015269946101384598,0.0028043477430092596,0.9971152956324544,0.9709505177829947,0.964251793975003,2.489509566334274e-09,71.43195334977806,1
87,59,1504,6064.205557655459,0.19366071260428813,1.0662919457089262,40,0.0012254305649242818,0.002823070283914567,1.0036124511964402,0.8929528207556962,0.863351410758767,7.5531624667995e-09,69.38359891096853,1
88,59,1544,6065.828510389403,0.11929952498298975,0.6568607587238946,40,0.0009675591797314532,0.002796071161125984,0.9994078560403435,0.9362997061344904,0.9250477086751192,2.136715687527899e-06,70.18642515349588,1
89,59,1584,6067.446211365661,0.18949628850376937,1.0433627112907267,40,0.0012039888229413698,0.0028138160770120736,1.0009405319741866,0.3877469918548338,0.29189261796574406,1.3594244798166533e-07,73.36230806677963,1
90,59,1624,6069.058618119787,0.25116311348440934,1.3828989957030273,40,0.0014264724466098034,0.002839195637534849,0.9934347468172171,0.9670336643314814,0.9655286067853168,6.259570459678622e-09,70.81290736806096,1
91,59,1664,6070.665747473098,0.15265623900571215,0.8405221478587258,40,0.001109026527959186,0.0028281635631309697,1.0040398265369508,0.9610636310106104,0.9594270809066652,6.028831294633886e-09,71.45560451101866,1
92,59,1704,6072.267559246897,0.08214938524895347,0.4523128447579573,40,0.0008085572776495223,0.0028217946451281773,1.0002841265629903,0.9555337066186398,0.9532315549151438,1.132855025017265e-08,73.66584109918796,1
93,59,1744,6073.863988428037,0.4565765454247456,2.513901175096843,40,0.0019156781070527975,0.002834905800706918,0.9984068408321831,0.9491139584692085,0.9445207163422711,8.257993935679478e-09,72.82331944557919,1
94,59,1784,6075.454972145147,0.1131915578640859,0.6232304159664037,40,0.0009709121550233287,0.0028879119260300174,0.9989464610297274,0.9645906915560226,0.9610117906233183,5.336971013861244e-09,72.71242584938892,1
95,59,1824,6077.040548530695,0.32246081401539073,1.775462685061615,40,0.0016485540372989554,0.002908263814963758,1.0007632727472742,0.9644211413954116,0.962982066471434,1.1911257450759878e-08,74.86421342104433,1
96,59,1864,6078.6206019251385,0.5253476078970796,2.8925532466810893,40,0.0020750989876241327,0.002897221029006089,1.0016175683993023,0.9045449672580201,0.8851994837088881,1.5568231351332288e-08,72.63461353756111,1
97,59,1904,6080.195072906907,0.1398253304725644,0.7698754263784682,40,0.001016185963850497,0.0028630363705683913,1.0001097925142466,0.6500065745333793,0.543211183281819,1.0030462965510263e-07,74.37591320106714,1
98,59,1944,6081.764047985858,0.28733621421787287,1.5820673527988887,40,0.0015605019741049323,0.002911255437559342,1.0005271349510423,0.930614212420609,0.9204524825128592,4.1538861991139123e-08,71.77904609147797,1
99,59,1984,6083.3273730889705,0.3713193000597655,2.044476515735164,40,0.0017912766045234429,0.002934443650195238,0.9869444398238827,0.8664393451090641,0.832247169540108,4.8848331799484784e-08,80.0436615658539,1
100,60,24,5900.892801738444,0.14420630023817066,0.7939969568254073,40,0.00110812615989363,0.0029659683065923195,1.0003315086595124,0.8587696112309695,0.8029234029905216,1.6403213589950794e-08,56.34460761741204,1
101,60,64,5902.648569557843,0.328862703503159,1.810711358405466,40,0.0017008909943878087,0.002976490650817171,nan,0.9374457149057557,0.9235064682210263,2.0024025549686808e-08,56.95850415266579,1
102,60,104,5904.400358743791,0.212696692495294,1.1711036639118426,40,0.0013376549364283146,0.002908488222014092,1.0042726927849188,0.8778612128013844,0.8162178734595225,1.62599160236838e-08,53.010537772042035,1
103,60,144,5906.148462295379,0.22802205259833164,1.2554847850138215,40,0.0013835677103208803,0.0029028654908434914,0.9680248269871802,0.9120068852802475,0.939677585926333,6.069566836230151e-08,55.828795466050884,1
104,60,184,5907.892659047358,0.16237746578711726,0.8940470248460506,40,0.0011313009699357016,0.0028556460099207676,1.0127278551250833,0.6181496576718062,0.47571656997188627,5.965375414488329e-08,52.238980319490025,1
105,60,224,5909.633249740202,0.2434260612506697,1.3402989434290116,40,0.0014268772131785404,0.0028784999052505556,1.002432957952523,0.9486506738352132,0.9406959466046397,7.4234755788425785e-09,54.408130506321065,1
106,60,264,5911.37001904424,0.2375389873517435,1.3078848342490825,40,0.001393176255188863,0.002874024195462124,0.99757498787196,0.8454879944842272,0.7956620036252567,8.735041122457894e-09,50.64362206765116,1
107,60,304,5913.103241540224,0.4338077668419835,2.388536743199717,40,0.0018967085205142452,0.002872861253919846,1.0092676216686052,0.9623274854038932,0.9508190890231273,5.885636091086662e-09,53.73377562066642,1
108,60,344,5914.832672695451,1.521577799254485,8.37777642298444,40,0.003177008116776011,0.0028538615309456382,1.034514186181709,0.5299233093788923,0.4605112392106278,4.517317024322529e-08,53.66763275586169,1
109,60,384,5916.558463444118,0.29132180210177494,1.604011918644846,40,0.001528521196325421,0.0028437450069716155,0.9260064262036887,0.7496685056203471,0.7877113307599776,1.5887314679138293e-07,55.060322076410394,1
110,60,424,5918.280424277247,0.25149653717466014,1.3847348197617224,40,0.0013730056342058303,0.002797057976171487,1.002264801289644,0.623963088507632,0.45518950061650787,9.161127768087328e-08,52.975129494647035,1
111,60,464,5919.998674991065,0.131399733327342,0.7234842598226768,40,0.0009981843177905919,0.0027755380785292427,0.9992422447691764,0.8726549557697593,0.8449353482011545,1.5444763625433863e-08,55.25343633716434,1
112,60,504,5921.713060892704,0.23912985568044828,1.316644122918269,40,0.0013499512785338618,0.0027516760068124766,1.0005300146764966,0.920068626698665,0.8950546080723262,1.5006718017676704e-08,53.148230630125006,1
113,60,544,5923.423609203737,0.5624252691267346,3.096702095475679,40,0.002073063451848855,0.002759597484396853,0.9958467831913441,0.8294784256275568,0.7761707443736735,2.2047038423931974e-08,56.29191374320504,1
114,60,584,5925.130152318065,0.1824031204584329,1.0043078722653396,40,0.00118731386362866,0.0027936603303075364,1.008934584705954,0.9433168716933032,0.9374114307375885,9.203203893056997e-09,54.140131363798886,1
115,60,624,5926.8327399775035,0.5270861256467576,2.9021254900598565,40,0.0020190787868506754,0.002777359334382979,1.0036282633557936,0.9591848585973465,0.9488929624038223,8.211702942726948e-09,57.7177252204371,1
116,60,664,5928.53119475037,0.22114972477743394,1.217645887773637,40,0.0012604108582020153,0.002775884921541695,1.002775729690926,0.7913059504789075,0.7054539288763376,2.5121220089295293e-08,55.8856078589787,1
117,60,704,5930.225551358026,0.1745105103797678,0.9608513216602722,40,0.001151844469325444,0.0027645418699776816,0.9601475968111228,0.9157930737193096,0.9188391226601028,3.707468021504591e-08,59.06999847233737,1
118,60,744,5931.915652093063,0.15733470443808337,0.8662816833976063,40,0.0010860483762476063,0.002754288953866797,1.013691114339347,0.6017537443946477,0.4506069105859267,8.331235309628868e-08,57.01659130934832,1
119,60,784,5933.60151141164,0.5484691946305296,3.0198602330819138,40,0.0020458907815357214,0.0027649048844334253,1.0059667679498656,0.9473208577046113,0.935903511917412,8.831258708074568e-09,60.50410656474271,1
120,60,824,5935.282986790946,0.19620791684491604,1.08031680046306,40,0.0012161800196956712,0.0027628662268164472,0.9978404343103758,0.5614777677534066,0.4758442932025197,6.601617372983724e-08,59.884674159861326,1
121,60,864,5936.960081725942,0.6469946242009331,3.562339244883852,40,0.002218073568371121,0.0027826221102787967,0.999997604508943,0.566173924777269,0.4749140840095104,6.338909563479364e-08,62.73112663259596,1
122,60,904,5938.632678452962,0.19933548835864806,1.0975371456217364,40,0.001251030025027255,0.002805924855103425,1.005207829645005,0.9368436479073129,0.9084282148068061,3.888816873593223e-09,63.0995816189983,1
123,60,944,5940.300769283485,0.14816315432736055,0.8157833149819516,40,0.0010730508744982406,0.0027878511938718813,0.9950425605505541,0.9698882766286806,0.9639132660364991,6.892337274378506e-09,62.68905456927776,1
124,60,984,5941.964280590608,0.5501377176961728,3.029047087153655,40,0.0020286617772222407,0.00272306349722246,1.004455196818157,0.845811848104526,0.8141720144546828,1.6520250443341212e-08,65.03275286494114,1
125,60,1024,5943.623123984534,0.10817236457519766,0.5955948397778892,40,0.0008971488476491413,0.0027184556966087367,0.9967961831880366,0.8970706633886751,0.8806077188713409,7.205241461477194e-08,63.918012500931155,1
126,60,1064,5945.277344848497,0.22621659282804307,1.2455439602307696,40,0.0013014989536547486,0.0027571478999805694,1.0018662657012312,0.9055238505988097,0.8940054675161497,1.4098591882528564e-08,66.2037471888169,1
127,60,1104,5946.926775827036,0.2851629817338391,1.5701015789322332,40,0.0014848688245683295,0.0028074672738238227,nan,0.9573276541190916,0.9373870369871897,3.535725254748254e-09,97.52259304291302,1
128,60,1144,5948.571567442413,0.05984946505890955,0.3295299376373873,40,0.0006714635541003889,0.0027166199056109126,0.9982775844613262,0.902374158944359,0.8912631746975159,2.8727352727989557e-08,65.69149485684535,1
129,60,1184,5950.211549828007,0.8251029080095847,4.542999833886557,40,0.002158519962958375,0.0025972253699281032,1.0010573016051745,0.5552398529820095,0.45736595573562183,9.4163728812024e-08,69.1938278596168,1
130,60,1224,5951.846665739631,0.14091414215183262,0.7758704013446597,40,0.0010300399897498684,0.0027170090630932115,0.9983556095395454,0.92120156618889,0.9188174886326875,2.7498886778901247e-08,67.14036198427102,1
131,60,1264,5953.477068047525,0.28149719420507874,1.5499178273388767,40,0.0014711429840994484,0.002801402589485355,1.0203681052333067,0.7296957019218374,0.6020964619994522,9.999577402849493e-08,71.34569704277943,1
132,60,1304,5955.1024399676735,0.18090873562735038,0.9960798197721692,40,0.001199272177749666,0.002821942436631042,0.9711402707663753,0.8593481122946655,0.8042436877272255,4.5458614695724685e-08,65.58299468785093,1
133,60,1344,5956.723176478596,0.07816951032231258,0.4303997343385127,40,0.0007870544327179824,0.0028154988131973216,nan,0.9787440067923269,0.9777615084304049,3.0576019070761e-09,68.75412043575784,1
134,60,1384,5958.33895823941,0.15452898002692184,0.8508334218412548,40,0.001015654160052831,0.0027692247338465697,1.0024997079903915,0.625964768640881,0.484461445155842,7.252335964680064e-08,69.33610846930348,1
135,60,1424,5959.949704963123,0.1525187892114433,0.8397653520863809,40,0.0010823956064023937,0.0027775948231823716,0.9967914217432767,0.9161039780524122,0.9068735203134605,1.6744906378823123e-08,65.86196671719101,1
136,60,1464,5961.555699137174,0.11614957503062477,0.6395171983371473,40,0.0009395112509435954,0.0027643842796958853,0.9991368481529826,0.9415871559675701,0.9284545575897792,7.168336110597779e-09,69.72454902212046,1
137,60,1504,5963.15673321561,0.4194068608294798,2.3092456475224004,40,0.0018138808991762544,0.002799664358811912,1.0037203617759933,0.9661618323706745,0.9601560739171466,8.01808243203772e-09,74.21671750814858,1
138,60,1544,5964.752609423151,0.2809519988494634,1.5469159927968423,40,0.0015018439228532184,0.0028221733480780185,1.0020470473887806,0.9693629460147878,0.9634427827965786,6.397271931238618e-09,66.37820030611515,1
139,60,1584,5966.343685898151,0.3235835592137518,1.781644497293929,40,0.0016167056400782876,0.0028482898798458884,0.9981529736056421,0.9707801048322482,0.9623790118371305,1.2844445861679357e-08,80.35293988860903,1
140,60,1624,5967.929622455258,0.11815823385051769,0.6505768329554781,40,0.0009687945561216738,0.0028169845706639794,1.000905872007442,0.8678664918550142,0.8350262911758812,1.2300067403170599e-08,74.1012460123147,1
141,60,1664,5969.510315761263,0.16067397640730482,0.884667646959498,40,0.0011323708658724295,0.0028300234855649434,0.9978187237110615,0.9561312360066203,0.9436370917353712,1.5607442604061547e-08,66.8391259896112,1
142,60,1704,5971.086069069994,0.21095207362391638,1.1614978278810577,40,0.0012873292212605535,0.0028086880382070484,1.0017854528307146,0.9368140087327739,0.9297561163825314,1.40800358504786e-08,80.08176095940095,1
143,60,1744,5972.656566367114,0.2034811927840825,1.1203633098895671,40,0.0012861212587339892,0.0028521443915121344,1.000434265481105,0.9525991158406895,0.9396038497486374,1.5451618629014957e-08,78.37534848448199,1
144,60,1784,5974.221711524175,0.1303690300571884,0.717809228575496,40,0.0010404876381805385,0.002884900390205734,1.0011818996249742,0.9637456289900423,0.9626157590606325,1.2407780470871704e-08,72.27957452437677,1
145,60,1824,5975.781696708187,0.45439642220934173,2.50189746100338,40,0.001947177152448237,0.0028469101784029385,0.9985670236738649,0.8216241083842867,0.8229615122674621,4.530596946718392e-08,73.20997852436987,1
146,60,1864,5977.336212659044,0.16735960084626517,0.9214785591751556,40,0.0011628709160661284,0.002878111312422915,0.9997140560045763,0.6483166568912397,0.5796023248389386,9.417171165841978e-08,75.7368973164355,1
147,60,1904,5978.885234053065,0.07865693501369198,0.4330834847779707,40,0.0007797472212164688,0.002886686401593377,1.00552304209851,0.6692068345384005,0.5800298773728704,9.647601612835469e-08,74.39136040881313,1
148,60,1944,5980.42884138943,0.6085283447850498,3.3505446925920044,40,0.0022779563611986034,0.002921299665309844,0.9976833039219883,0.7884025868436414,0.7424057021451439,3.060782116857677e-08,74.89181475230937,1
149,60,1984,5981.9668393598095,0.4678616030019933,2.5760364726471954,40,0.002070018963717316,0.003028582582286182,0.9998202696609608,0.9497292922258548,0.9451294348557069,2.347312735121614e-08,75.1247201479191,1
150,61,24,5804.162273639578,0.4599528433575748,2.532491002861474,40,0.0020134076579088633,0.0029428198867160965,1.0004882545058966,0.9379579150050384,0.9349201409295455,7.171246652835481e-08,47.1839681553874,1
151,61,64,5805.8902182779875,0.33726372174726693,1.8569671940315076,40,0.0016274841503961905,0.002808048544042989,1.009134653221154,0.7054812968158988,0.6125034929654458,5.848502414963656e-08,49.626102643112766,1
152,61,104,5807.614585492076,0.12096585711649696,0.6660355495678448,40,0.0009797797558097337,0.002883000463466727,0.9860439979965013,0.7446928125959652,0.6436544305687374,5.6288335996462164e-08,57.149485330925955,1
153,61,144,5809.335421523912,0.26933170033139514,1.4829348654431098,40,0.0015041790443918721,0.0028871982900172052,1.0043495656781631,0.9260208320942375,0.9137529512449355,1.4896516587699793e-07,54.069185934720146,1
154,61,184,5811.052585258204,0.29286772119767085,1.6125237177521832,40,0.0015462616498897353,0.0028952621960912257,1.0001180501201958,0.669217919321059,0.5741351855310065,3.1292638988998334e-08,51.37257178983881,1
155,61,224,5812.766046802983,0.26051992808166513,1.4344174266143708,40,0.0014604517091719301,0.002894786667596259,1.0008549773871194,0.8939277476031601,0.8460944500900067,9.723558133428195e-09,53.388673973413894,1
156,61,264,5814.475876640368,0.18216581247701513,1.0030012593450657,40,0.0012143641120879337,0.0028542609039312037,0.9977509198222299,0.9511770007206514,0.9447272213668605,7.850671978763397e-09,52.48725124477122,1
157,61,304,5816.181843036118,0.21213376788877403,1.1680042124748333,40,0.0013010558318317929,0.0028656273264819985,1.0007982832075568,0.8792748069528825,0.8416234325160503,2.1258464280292953e-08,53.661280038921575,1
158,61,344,5817.884106102644,0.33239797193910514,1.8301764745277584,40,0.0015896987491825795,0.002799611011428633,1.002051600794504,0.5730158997716077,0.44547849435758946,9.248226707717804e-08,53.473261837658065,1
159,61,384,5819.582470292872,0.24502195788079617,1.3490859178235806,40,0.0013946860075853315,0.00281815799066592,1.0016407417951891,0.9512816467617927,0.940059581805673,1.3837018345045587e-08,54.52857138407748,1
160,61,424,5821.277044301885,0.285214639743295,1.5703860068818853,40,0.0014814572027088161,0.002779487445812518,0.9982286721499503,0.9313993828775202,0.9253567692807826,7.585213817057794e-09,54.74692144059844,1
161,61,464,5822.967586092729,0.08564799284982938,0.4715761070678131,40,0.000809093052178622,0.0027619017876040226,0.9930695403915316,0.9204860262324164,0.9123583494747312,1.0565671300054878e-08,55.65680713609184,1
162,61,504,5824.654272973827,0.21063244364353156,1.159737951708404,40,0.001257868326899975,0.0027506427127886677,1.0065457092148766,0.9094258661565902,0.8931998062580389,1.2129088529521817e-08,55.84819883487813,1
163,61,544,5826.336883659458,0.14507277931011928,0.7987677729766007,40,0.0010574919776536096,0.0027751755791699134,0.9937484228927739,0.9399944419696507,0.9398530799272221,1.5185499246454847e-08,56.70752300641805,1
164,61,584,5828.015562929819,0.46384378415824556,2.5539144437917107,40,0.0018933218115095563,0.0027613253099075205,1.0041847078789132,0.9293842638552983,0.9112245350055462,9.084526262861322e-09,56.59264043146866,1
165,61,624,5829.690059700466,0.40179259902441844,2.2122618801915275,40,0.0017600504127837445,0.0027676894430883397,1.006679648288782,0.9171084270137986,0.9004516581175616,1.164315763685685e-08,59.19630546008629,1
166,61,664,5831.360575876142,0.22108705252480054,1.2173008156250127,40,0.0013026905168662618,0.002768152842219678,0.996416357025025,0.9513409984385179,0.9410857986510657,1.4611633839311426e-08,58.01566466937051,1
167,61,704,5833.026897082592,0.30414712131886307,1.6746278654645326,40,0.001503207846941831,0.002764240634129905,0.9962616592732118,0.7971851397244437,0.741160845625824,1.9402977306122906e-08,60.882884142029795,1
168,61,744,5834.6889909241245,0.17332923874979847,0.9543472640855978,40,0.0011574206107119033,0.0027761737339914976,1.0178201264712503,0.899497032663597,0.8786625206638673,8.510143908603654e-09,58.45708340532379,1
169,61,784,5836.346918729998,0.13157357294918276,0.7244414172456831,40,0.0009871258314426113,0.0027639616206270434,0.9899898449288972,0.8757539924428831,0.8461688657156577,1.3534249919474863e-08,62.365720428437264,1
170,61,824,5838.000511459466,0.10372408839261697,0.5711027215676951,40,0.0008885845546853598,0.0027553652468962422,1.002462405748981,0.9405200721041097,0.9368519764779519,1.7733237416703818e-08,60.52096879354008,1
171,61,864,5839.649854210096,0.1897184737130867,1.0445860585353215,40,0.0011819337329251264,0.0026985264569228144,0.9996820643277481,0.8397107304756746,0.8015365939542463,1.9974817755328022e-08,62.41981161679439,1
172,61,904,5841.294773128468,0.15528455458366897,0.8549935999868773,40,0.0010883873461425204,0.002769380198946081,0.9980229410546142,0.959478393662564,0.9556333524501551,1.429062753585088e-08,60.06397723734968,1
173,61,944,5842.935382310772,0.14388227240059362,0.792212866140479,40,0.0010521224874492049,0.0027732767242104437,0.9988034510815854,0.96304635161827,0.9572443554580233,6.287242125943947e-09,65.21155881784881,1
174,61,984,5844.571470404222,0.19001362932256638,1.0462111793194324,40,0.0012241052556273661,0.0028053884043575538,nan,0.9777354705387657,0.9696913253672359,2.855907865171606e-09,62.81704045084692,1
175,61,1024,5846.2031810301005,0.26727192537338157,1.4715937864076802,40,0.0014457266125386034,0.002798037248197079,1.0054446646227346,0.9644626439409777,0.9551623603678364,5.804070005753577e-09,64.30836879401429,1
176,61,1064,5847.830330410241,0.4400757657374553,2.4230482176649106,40,0.0018255920739222965,0.0027925456014613725,0.9995435280379368,0.8260707641967494,0.7711177244973675,1.417603319424702e-08,66.00748542651654,1
177,61,1104,5849.452940971603,0.6583024312089412,3.6245998003373847,40,0.002133323884294526,0.0028060484406908686,1.0030176394981862,0.8549557397332185,0.7685281940588916,2.9631020818396718e-08,80.42501672876647,1
178,61,1144,5851.070942120461,0.3646924096648313,2.0079889919716183,40,0.0016770428644990322,0.002797638879439043,1.0019712584350497,0.9449656411842458,0.9305149918654819,2.9345175171013817e-09,68.35536927416973,1
179,61,1184,5852.684329703485,0.2884050274757587,1.5879522168635958,40,0.0015225943446744324,0.0028342963432421726,nan,0.9910547937238635,0.9911598125448673,2.7255202946053507e-08,66.72468755167338,1
180,61,1224,5854.293010943199,0.33111750762708886,1.8231262640627142,40,0.0015947793738741486,0.0028189543121163252,0.9404871492605497,0.7219469148100873,0.6435883539232189,8.973517334534057e-08,66.44846861263969,1
181,61,1264,5855.897025980081,0.3498418777028772,1.9262222649593064,40,0.001560167520297852,0.0028019070018470323,1.0577046535414345,0.6782104482861249,0.5200216512166267,7.66143824787536e-08,67.29403132668554,1
182,61,1304,5857.496323451971,0.3038627687544635,1.6730622260269639,40,0.0015417747882971618,0.002780831707989472,0.9956405949175917,0.833685009562494,0.7911869235746753,4.1451780412165414e-08,67.1784609784143,1
183,61,1344,5859.090854883891,0.2567201214250406,1.4134957684281342,40,0.0013288425442081818,0.0026470212671373602,1.000130030998122,0.365741754784566,0.282116908774463,2.34392323334247e-07,69.43036756342248,1
184,61,1384,5860.6804883571585,0.18852471682256108,1.038013257369899,40,0.0009422249101190589,0.002377861807842909,0.9998312576439031,0.5524290094792049,0.4814791830326085,6.292918066489159e-08,67.68691304991626,1
185,61,1424,5862.26540050368,0.24964961594025187,1.3745657090003034,40,0.0013987109889724572,0.002807239447741348,1.0037906903649292,0.9534763794169484,0.9463694150065545,2.8683832018180465e-07,69.48051617042711,1
186,61,1464,5863.845515520099,0.36501118310655034,2.009744152059795,40,0.0016321987103536824,0.0028205728231814565,1.0000916823276875,0.5129217681264444,0.4308897125273879,7.702944221502598e-08,70.57033526915264,1
187,61,1504,5865.420553993965,0.24096533240902981,1.3267502204633181,40,0.001407478983384041,0.0028588644699915127,nan,0.9675405930826384,0.9594918538559783,3.91745060016486e-09,66.94692460585308,1
188,61,1544,5866.990810340984,0.34583181269455593,1.9041429285640135,40,0.0016677887510896396,0.002828381250271972,0.996109273500178,0.959400890213777,0.9577245594626617,2.6107714252413164e-08,73.00464576951978,1
189,61,1584,5868.5560732374815,0.073375022172592,0.4040013800771087,40,0.0007573035901425956,0.002818945051648869,1.0014718836706498,0.7648993977730039,0.6872089206500746,3.9897322495982796e-08,71.40352285625043,1
190,61,1624,5870.116361593669,0.23080987733774286,1.270834491341487,40,0.0013684004019714644,0.0028431233305567984,1.0026828214712087,0.9576988329176012,0.9560121190432362,7.21251249585305e-08,69.40632791543136,1
191,61,1664,5871.671645995477,0.18715704968855534,1.03048290994016,40,0.001218456366955463,0.0028174713780268193,1.001743565917462,0.9442495618392704,0.9320345876752648,1.5497599293288998e-08,73.90588577092974,1
192,61,1704,5873.221845281105,0.10673390089870985,0.5876746880248184,40,0.0009331097955754605,0.002853425412790038,0.9968236285395764,0.9508991596516084,0.9405940512039049,1.0656095653856863e-08,71.53469325078363,1
193,61,1744,5874.766964132649,0.14612652330767634,0.8045696660003556,40,0.0010882605083662922,0.0028490427716403384,1.0026288118500923,0.8940097661671189,0.8703421801606283,9.346258509162547e-09,72.00531499375664,1
194,61,1784,5876.306986876705,0.11792608922603187,0.64929864937348,40,0.0009948999873944779,0.002897791263161551,0.9964277063359059,0.9665344149976718,0.9620930319785315,1.7133596804559532e-08,73.97199089207656,1
195,61,1824,5877.841765852714,0.1707494444108525,0.9401429689128108,40,0.001202406514481051,0.0029130021801074494,1.0028507165595335,0.9455365187969769,0.9313704541516491,9.711706739177345e-09,71.60333218955758,1
196,61,1864,5879.37132822489,0.31735138857161177,1.7473302924630496,40,0.0016183145406441874,0.0029266639698682004,1.000346230102439,0.8508073506971813,0.8044058151172874,2.1120378056018198e-08,74.28879970697349,1
197,61,1904,5880.895583928783,0.4694055935543838,2.5845376532332067,40,0.001986280857270466,0.002910479939287762,0.993343738507141,0.8634062125863834,0.8436072720940891,1.7837423754080602e-08,80.92920246886263,1
198,61,1944,5882.414417930955,0.31288705218326884,1.7227497470864965,40,0.0016412575764488126,0.0029536167586000257,1.0040184750554724,0.849239902534043,0.8191583979050697,2.5537666615702614e-08,76.29128468438905,1
199,61,1984,5883.927759925486,0.27824887740170884,1.5320326610706845,40,0.001597756875026123,0.0030025561654913107,1.0081110829715583,0.9454460653312576,0.9279100545806748,2.493821535873957e-08,77.96496828222062,1
200,62,24,5710.555631495847,0.18621365727352646,1.02528861048592,40,0.0012135670400653038,0.0028797815111695478,1.0095625264269346,0.528594055549669,0.42149197195699123,1.438250774264593e-07,57.5728515482282,1
201,62,64,5712.257536442661,0.6888190807886522,3.7926238523987683,40,0.002226276224153572,0.0029646138488722733,0.9923074607136783,0.4704036025846019,0.38103507302914563,4.854597974613041e-07,62.4181061626223,1
202,62,104,5713.955232125925,0.14249591718717017,0.7845796225254689,40,0.0010303641817192325,0.00296086967345872,1.004328575523101,0.5198310782403222,0.40939032504302536,1.1374715091513811e-07,57.485663631895505,1
203,62,144,5715.649131717392,1.5026836597514859,8.27374567507371,40,0.003397456003735424,0.003005983647041932,1.0408141425927608,0.5949468944676396,0.504567714190344,6.288754296378562e-08,62.121959237886635,1
204,62,184,5717.338957497439,0.31941077143791874,1.7586692126495154,40,0.0016743780305567455,0.0030234882376395343,1.0248819772574431,0.5867879747924083,0.49439346775901055,5.758361300207837e-08,54.47047537394433,1
205,62,224,5719.02508318915,0.6619320415929443,3.644584361307333,40,0.002423374017199813,0.002985046024840285,1.0044565942745172,0.6141479346253961,0.49506211564965114,5.5474774569435845e-08,57.58511963496126,1
206,62,264,5720.707305056993,0.3618701536913629,1.992449707969357,40,0.0017932796577111135,0.0029884588939156197,nan,0.980578484669941,0.9726040352652168,2.611381869197375e-09,53.885638592885236,1
207,62,304,5722.385861690336,0.5745009506471911,3.1631905523808186,40,0.0022493620086363607,0.002968333910648841,nan,0.8972012298326177,0.8625344259108035,5.4734381010403685e-09,57.78849011900396,1
208,62,344,5724.060559293291,0.36785820976023775,2.0254198229236557,40,0.0018064188947516803,0.0029753973234334704,nan,0.988484815073085,0.9804316774783891,2.1634695632640054e-09,53.124302948328946,1
209,62,384,5725.731593686942,0.47404473727172364,2.6100806842086905,40,0.0020273175348771203,0.002955343996479015,nan,0.967309821709722,0.9490634205935805,1.2789315793074673e-09,56.31421598472107,1
210,62,424,5727.398815381667,0.502609134199426,2.7673556728651527,40,0.002104045959179407,0.0029595228203764235,nan,0.987230278309862,0.9771659926640781,1.015854805894075e-08,53.482929872302606,1
211,62,464,5729.062286913722,0.5947345260280004,3.2745962069987273,40,0.002237416435155996,0.0029000230251225627,1.0014819227030376,0.8322692777255574,0.7758099547800442,1.3468020513811931e-08,57.595997929648846,1
212,62,504,5730.721903888979,0.3479172788390767,1.9156254627499478,40,0.0017036822980584124,0.0028780432101405944,1.0013823468204246,0.9634674557843006,0.9521499667886597,4.675833999829692e-09,54.25719035655299,1
213,62,544,5732.377721120081,0.4305517128130557,2.370608975924932,40,0.001830239027504105,0.002859124735543256,1.0405764944144682,0.6184411976268179,0.5164343812481943,4.9490051276503604e-08,55.91765282364751,1
214,62,584,5734.029605819432,0.1457256898735574,0.8023626852626301,40,0.0010832194934522592,0.002862727114475798,0.9532691442383159,0.7195789372575003,0.7206408795325515,5.277936712765439e-08,54.9820440597665,1
215,62,624,5735.677586020244,0.21221406453146424,1.1684463241567364,40,0.0013239697097286102,0.002867646169436096,nan,0.9397066798798227,0.9157854949955686,3.6950424222102834e-09,57.61118539179844,1
216,62,664,5737.321549247581,0.519679601766056,2.861345320176716,40,0.0020728000298848573,0.002866511380945567,1.000862016846976,0.9372819311552036,0.919159205683159,1.0256183108412622e-08,56.494090609029165,1
217,62,704,5738.961494114517,0.2994518005517561,1.6487755247953328,40,0.0015426753044710693,0.0028594555413601988,1.0108833281503022,0.9000998584607659,0.8705053788559475,5.785995894131158e-09,58.26750380152083,1
218,62,744,5740.597309681988,0.2479430178852864,1.3651692148115697,40,0.001421274966706919,0.002838902615350297,0.9985209495694669,0.955246933030403,0.9444602303805787,5.3762482810525175e-09,58.01938864371672,1
219,62,784,5742.228988951008,0.48395500974780525,2.6646464429468555,40,0.0019832889497565184,0.0028401668658208016,nan,0.9635476683714476,0.9579124918720507,2.0916837427934368e-08,59.97253214261464,1
220,62,824,5743.856435432629,0.26391240293208573,1.4530963241583195,40,0.0014364953413833629,0.002847382652006223,1.0069073550233625,0.761958458019204,0.6881876344468513,1.9336155764742848e-08,59.49268836589299,1
221,62,864,5745.479633971909,0.49992295735210057,2.7525656377644068,40,0.0020180608687772393,0.002866229748080283,nan,0.9663371950193791,0.9543928486344888,4.245345363303117e-09,62.607363447568844,1
222,62,904,5747.098457437925,0.17575198020181307,0.9676868292564486,40,0.0011977917440225492,0.002885848381163381,nan,0.9818880814851546,0.9761111950789813,1.8261409752616866e-09,60.913380618214944,1
223,62,944,5748.712975375421,0.29327701606639067,1.6147772869767667,40,0.0015091009137477927,0.0028149192750689697,1.0004480651210186,0.7807533832463134,0.7436906434316043,2.9017385231401306e-08,64.99564851936304,1
224,62,984,5750.32297857515,0.24262852258592674,1.3359077117580607,40,0.001388243959397886,0.002800297131377722,1.0001117821255192,0.8285863012612453,0.7793344165559212,1.161945217336764e-07,63.35459947275775,1
225,62,1024,5751.928617781825,0.4582039236472317,2.5228614864987984,40,0.0019263150889664994,0.0028398832206022397,nan,0.9806761824684139,0.9723699497893132,6.26264024733993e-09,64.45121862066526,1
226,62,1064,5753.529745540502,0.3617765473708623,1.9919343134720686,40,0.001678667266647747,0.002837921834646851,0.9997284019604774,0.6492395131689344,0.5515972037764107,1.393955531333394e-07,66.31424138121979,1
227,62,1104,5755.126264841341,0.11301343512060764,0.6222496757627543,40,0.0008576083114011984,0.0024395877143049104,1.0000076523537644,0.5175025584421472,0.4060848861584887,1.7575692890057314e-07,103.26493841918824,1
228,62,1144,5756.718224597257,0.4148497275982047,2.2841541646155905,40,0.001719378430742492,0.0028454064856296844,1.0025484455096136,0.5507406322639055,0.4176092187285837,1.8896913451820916e-07,69.494403173845,1
229,62,1184,5758.305558011974,0.3508023559370614,1.9315106385863927,40,0.0016905226276911814,0.0028707392581034373,nan,0.8775883453251814,0.8328914296614365,6.498925525921832e-09,63.23589114206367,1
230,62,1224,5759.888326747898,0.3646843989536958,2.0079448851589956,40,0.0017264357817021294,0.0028633551753367535,nan,0.971077925164085,0.9616744260635365,2.3240893070505837e-09,72.91108130515434,1
231,62,1264,5761.466432337063,0.25203741776555566,1.3877128972969457,40,0.0014026467891658052,0.0028233552247347504,1.0230510539969733,0.750293762598026,0.682868323635126,3.769244505586878e-08,73.94741038479003,1
232,62,1304,5763.039789097618,0.16210519906998178,0.8925479298377648,40,0.0011245888988886993,0.00279247101136798,0.987919146359489,0.7602746853496352,0.7160347660525022,5.3894828601511605e-08,66.35228119703523,1
233,62,1344,5764.608537738379,0.32303197539544204,1.7786074880062017,40,0.0015133734056650369,0.002760530116893781,1.0030881532803153,0.4496971614277389,0.3632467459470782,9.326967736758142e-08,71.75688810129648,1
234,62,1384,5766.172429650006,0.2128401061915537,1.1718932968072793,40,0.0013109937352798957,0.0028406539834723247,nan,0.9798564210979728,0.9771215054280326,4.3078445052684114e-09,63.97004276574542,1
235,62,1424,5767.731762536998,0.40548010328962664,2.232565203694179,40,0.0018281574286826757,0.002893132437811108,nan,0.94138977245571,0.9242016211946993,3.766563858116608e-09,75.68899781872487,1
236,62,1464,5769.286263738341,0.24672076374241173,1.3584395083541758,40,0.0014381590155337972,0.0029008984175719903,nan,0.9952464230256978,0.9930447281828758,4.635238831008171e-10,70.33419789809545,1
237,62,1504,5770.8359347590485,0.31229635088754504,1.719497357763541,40,0.0016068701336152986,0.002857152978375013,1.0010791291790098,0.9543600910843356,0.9513907832931978,3.276466398894105e-09,68.7955076547153,1
238,62,1544,5772.380877655599,0.25948324621584107,1.428709477340997,40,0.0014559230566486045,0.0028606945908593064,0.9980466281881435,0.9351135751159043,0.9130203206972862,1.1613858692113998e-07,69.90834692326466,1
239,62,1584,5773.9208741897255,0.08665316684597367,0.47711057465141005,40,0.0008477297645194669,0.002879991306784008,0.9996706329190678,0.7719088463843496,0.7151693385540616,1.780744518979475e-08,67.21489931817693,1
240,62,1624,5775.45620390316,0.23662604334008935,1.302858183084687,40,0.00139768917824236,0.002868054401565991,1.0031367553186918,0.9097391461792262,0.8890311552779911,5.8344754274687754e-08,70.38880651405914,1
241,62,1664,5776.98655674427,0.22439345453506543,1.2355057978612662,40,0.0013700065153235187,0.002901496892231219,1.0033419376177104,0.7126286990251114,0.6102945188996786,4.152296837558237e-08,70.13058178072353,1
242,62,1704,5778.511965560361,0.09096986652549997,0.5008782353112587,40,0.0008861620653899168,0.002938184780854033,nan,0.9812026406365543,0.9796302390926152,4.652730186547991e-09,68.48111603153956,1
243,62,1744,5780.032462896622,0.3117714143566349,1.7166070678983913,40,0.0016634094681791077,0.0029413065986558344,1.0059159657312413,0.8245587269104805,0.7714246576605494,1.3763969797359858e-08,72.79513944479353,1
244,62,1784,5781.547957806324,0.3270171138834826,1.8005495794876836,40,0.0016924536316270163,0.0029530888217741934,1.0083759042445535,0.7271353138114323,0.6567484381041782,6.702012140680434e-08,72.76118672793432,1
245,62,1824,5783.058421344829,0.09694776456803508,0.5337924203790834,40,0.0009091428723953078,0.002937147273367388,0.9927102616105499,0.7045203088003991,0.6653797931296576,5.8194788632463426e-08,70.67917992391367,1
246,62,1864,5784.563842932532,0.47177841728094194,2.5976023724227195,40,0.0020556709441782333,0.0030328391363886333,1.0331226199035568,0.7145964403039506,0.6533640226463845,1.1328050283124653e-07,71.45427928925214,1
247,62,1904,5786.064208520496,0.22009405474142488,1.2118333900213292,40,0.0012828055661262701,0.0029518554718997872,0.9952162884174093,0.748484105203682,0.7074904743996417,1.177927401889551e-07,71.08570301723304,1
248,62,1944,5787.559482705947,0.36271517016238797,1.9971023514762853,40,0.0018612771614327252,0.0031336799185923488,0.9815460355403454,0.7878055384563826,0.7555939585496821,8.321113142667809e-08,70.46105293440796,1
249,62,1984,5789.0497226663065,0.5327917642551996,2.933540620219678,40,0.002246715773028401,0.003150545962646631,1.0010919354634245,0.6937747881844012,0.6372771146596963,3.59942128099976e-08,70.84721442264687,1
250,63,24,5619.920415714094,0.31962053929321077,1.7598241901953409,40,0.0017009524496431434,0.003043008072454819,1.001602072173624,0.6585819015661003,0.5487016281518075,9.466969735806102e-08,58.9143944179768,1
251,63,64,5621.595949392191,0.9350387945492449,5.1483045897413815,40,0.00278631561883428,0.0029855059269456993,1.0000792718156954,0.729712407152901,0.6797587327088093,3.24615728282278e-08,56.43390864604914,1
252,63,104,5623.267639234842,0.10087076278577627,0.5553923687958552,40,0.0009517625455010744,0.00298639293395237,0.996856525011745,0.922920730539913,0.9055540940769428,5.1958202207481246e-09,58.08217944566859,1
253,63,144,5624.935398228148,0.2648188516796225,1.458087212530559,40,0.0014307232615913472,0.0029265073740195767,0.9994137445097822,0.6363555998943964,0.5041534750705744,1.291660729109632e-07,55.649969942357636,1
254,63,184,5626.599407808844,0.24406402256042298,1.3438115454282298,40,0.0014070340863482603,0.002809455531702068,1.0009523047223368,0.4763126773824117,0.3590572545081046,1.7649919753236473e-07,57.63279593252203,1
255,63,224,5628.25948472887,0.4919949384841707,2.7089141270856483,40,0.0020181937500636142,0.0029233941051431435,1.011267123870683,0.8445925160927815,0.8216650340819869,2.1487871683117496e-08,55.63111009551771,1
256,63,264,5629.915852307998,0.13369953681383165,0.7361469310551636,40,0.0010653831570306368,0.0028418259907859182,0.9933895303917243,0.8766383675194145,0.8490678916645363,1.119303078974086e-08,58.515206175510706,1
257,63,304,5631.568357312246,0.2821946968975446,1.553758262980598,40,0.0015689417582235928,0.0029528881200312686,nan,0.9708899221650815,0.9672995691732764,3.0624199975383323e-09,54.641451281869664,1
258,63,344,5633.2171487674605,0.12522969970849904,0.6895121801785793,40,0.0010177971797356209,0.002890884333316947,0.9997811572200189,0.9219073833524093,0.9194095634670186,4.708120136583682e-09,57.70439738232154,1
259,63,384,5634.862083762284,0.41795384316380313,2.301245361800796,40,0.0018310348532866723,0.0028546046604539825,1.0010484869415137,0.5577618020071213,0.4410879623377451,6.235580986638007e-08,54.682678273341075,1
260,63,424,5636.503188269364,0.04815907328763836,0.26516287825679324,40,0.0005936684298460033,0.00278160261958025,1.0042366643289296,0.7221306711418061,0.627980689784957,1.4893985994759302e-07,55.54095547441968,1
261,63,464,5638.140616769089,0.16223534648913304,0.8932645188811984,40,0.0011124457536384636,0.0027510460325389143,0.9977740896546772,0.6837750636577036,0.6142482007666064,9.075297513807452e-08,55.74591691688209,1
262,63,504,5639.774084444269,0.1857223542967999,1.0225835062862014,40,0.0011732227371381656,0.002784325105701628,0.9978080148121782,0.6304667848626847,0.5352259885373359,1.2862597743526188e-07,57.120927760426625,1
263,63,544,5641.403789525331,0.17925230569437603,0.9869595502430019,40,0.0011387375889184519,0.002798557064650831,0.9929288782954042,0.829184099951432,0.7857672065795769,3.5011017819265914e-08,56.05344844717314,1
264,63,584,5643.029507500842,0.1821143393649008,1.0027178494364166,40,0.0011562785171746355,0.0026690171149253536,1.0048975317101276,0.6682689824410856,0.5851908006060481,7.802104030863655e-08,57.75843804609956,1
265,63,624,5644.651387522626,0.30901439954576543,1.7014270004107885,40,0.0014896611027875302,0.0027368668059855146,0.998323854887655,0.7539390758583723,0.7163682507673255,3.482908944917712e-08,56.796321119119554,1
266,63,664,5646.269254287237,0.04246920006742759,0.23383455200399955,40,0.0005556336715591571,0.00269431951351748,1.0091504090541403,0.7412523938692117,0.6785244901535193,3.447360682612174e-08,58.60517068040594,1
267,63,704,5647.883132647212,0.14537740307038088,0.800445025206392,40,0.0010465478892186155,0.0027642924435779303,0.9901773175784987,0.871776395904784,0.8504991972685113,2.7121162535206215e-08,58.327211539070646,1
268,63,744,5649.492964091639,0.11955560020709417,0.6582707037007887,40,0.0009584871134979193,0.0027879250002552747,0.9872573589666668,0.9078966460642998,0.8899815613778826,9.761698548808023e-09,60.38213836690337,1
269,63,784,5651.098666258491,0.25780086504467914,1.4194463208220605,40,0.0013521360935261986,0.0027398063783744472,1.0018089566064101,0.7374607180006166,0.6696986477244758,6.755430193631423e-08,60.43774103232653,1
270,63,824,5652.700247295655,0.21385341935219948,1.17747257846512,40,0.0012810559340526437,0.0027936469114019707,1.0007845542959186,0.8078735193221036,0.74897018198636,3.837686951562351e-08,61.37692985205569,1
271,63,864,5654.297613702804,0.24714700795738825,1.3607864003346013,40,0.00139814332452705,0.0028236569152537087,0.9975306890233542,0.7979196575006496,0.743116946972746,2.9490963595662018e-08,60.44599704144809,1
272,63,904,5655.890777064861,0.1328076266547864,0.7312360918555311,40,0.0009577787244723076,0.002610381819466101,1.0043000213854651,0.6558080079985753,0.5820892373058144,1.2139486165424468e-07,63.42902164523831,1
273,63,944,5657.479613016412,0.12865075200816944,0.7083484245770045,40,0.0010069595136157098,0.002832099957130403,0.992363054736467,0.5671949045786221,0.4805398462804249,1.2063776989475156e-07,62.78676224883158,1
274,63,984,5659.0641760893695,0.33458791763136825,1.8422342709790784,40,0.0015647039335209866,0.0027749571506037224,0.9886961515360437,0.5435676607605474,0.45241704923540954,2.7568256462382103e-06,63.264200815945635,1
275,63,1024,5660.644312140623,0.21883445776243454,1.2048980746676101,40,0.0011591901833805287,0.002691953000600319,1.0058530149300933,0.3788246516293876,0.2789848219394125,1.515511532948911e-07,64.9807531545166,1
276,63,1064,5662.220120847704,0.3681845682326466,2.0272167460365766,40,0.0016889570953111629,0.0027542410153609063,1.0009797879124818,0.8244969778362995,0.7771832837418345,2.036848239709648e-08,65.37754843575794,1
277,63,1104,5663.791387760067,2.1619435770999798,11.903617374625982,40,0.003605268284584615,0.0027425127815853137,0.9998686995681686,0.6511419510303074,0.5782663886917218,1.1209912584150737e-07,96.35478749230838,1
278,63,1144,5665.358295720651,0.12969236627641223,0.7140835315578005,40,0.0009940903545575981,0.0028057305800968588,1.0015359343718757,0.7328151535297058,0.6650508010418236,6.706664508367972e-08,66.69001584142958,1
279,63,1184,5666.920650261223,0.20256925963124015,1.1153422244932345,40,0.0012729586054043265,0.002841442456477077,1.0031319027524983,0.7477163669699937,0.7037589237129863,7.653927874243916e-08,65.87935402883417,1
280,63,1224,5668.478407190391,0.14195268888599605,0.7815886185451898,40,0.0010344911081325695,0.002767370164046036,1.000125421928597,0.7681862936256318,0.7030128656748731,3.615603498114693e-08,66.6894590059827,1
281,63,1264,5670.031601205806,0.2710878702448059,1.4926043012764507,40,0.0014139047074432846,0.0028252601982712866,0.9984257243945612,0.7314807259224474,0.664736800767321,7.777199426313147e-08,68.39214297997918,1
282,63,1304,5671.580162978812,0.16764448629660794,0.923047132671892,40,0.0011019418914231564,0.002695908292632657,1.00630558885753,0.856942430814858,0.8246891923474192,3.199031383358796e-07,125.98305270507876,1
283,63,1344,5673.124277995218,0.3538492574271778,1.9482868162353835,40,0.0016580365397540651,0.002805871321570623,0.9837821159920274,0.8910796874141841,0.8726654227146474,1.2322515027769075e-08,112.19293938718407,1
284,63,1384,5674.663459291974,0.14368445903642688,0.7911237097797071,40,0.0010644027474274271,0.0028094262407718394,0.9985349492275684,0.9719997780093651,0.9686262437641775,6.7898786652948e-09,67.05988059006677,1
285,63,1424,5676.19826363217,0.20471627890592453,1.1271636689622304,40,0.001249614994919469,0.002766404875701384,1.0033184317037704,0.7318599524004517,0.6782010653874215,2.076927581034565e-08,65.74694901062689,1
286,63,1464,5677.728314247539,0.0896282232709496,0.4934911748326323,40,0.0008396934730589309,0.0028032673389271692,0.995012023635968,0.9312782392266594,0.9307805669058856,2.3407289587921087e-08,71.38731118965539,1
287,63,1504,5679.253557393791,0.14423177387361702,0.7941372141441949,40,0.0010635304682903403,0.002774547149263244,1.0024849756429781,0.9217431058447761,0.9072959120073589,2.2903157553419594e-07,66.70313792002736,1
288,63,1544,5680.774184059877,0.48247131124496007,2.6564772291596643,40,0.0019378379435983845,0.002793006178626693,0.9982566811245336,0.5850050140866067,0.4893734537060407,5.6337142626396504e-08,74.93189019609446,1
289,63,1584,5682.289952754052,0.16084244597122394,0.8855952369527822,40,0.001123630534273327,0.002800227227022317,1.0015903435797897,0.9281723684891034,0.9180588272442266,4.805992252492885e-09,67.11799157784195,1
290,63,1624,5683.801146577978,0.23452002819081685,1.2912625064964323,40,0.0010878696605546158,0.002370825928306497,1.0011914786626792,0.44685583491794584,0.36295817601184527,1.0514943392978679e-07,70.22684175468271,1
291,63,1664,5685.307463476454,0.07279007743720096,0.40078068625829183,40,0.0007167976733639329,0.0026482210399168806,1.0002545123931328,0.5865389736235097,0.5064496646726324,1.495181855839085e-07,76.14922927187118,1
292,63,1704,5686.808899761172,0.07192425759030179,0.396013499786816,40,0.000756386992109836,0.002825819090876487,0.9883629955664411,0.8410981705379202,0.8398005499065571,4.1079623304791654e-07,64.59760290456533,1
293,63,1744,5688.305634755474,0.2018222967237086,1.111229461913084,40,0.0012669816055854682,0.0027113391443199415,1.0020321607668987,0.5360532771811963,0.46182461729792507,2.261353434912434e-07,77.94799408722821,1
294,63,1784,5689.79741988343,0.251805193901374,1.3864342774227938,40,0.0012153668784475895,0.0027044759594089182,1.0011490957747504,0.3775599295240664,0.2862089433903164,1.1440547709133462e-07,70.2511633151804,1
295,63,1824,5691.284271819237,0.11201076464910187,0.6167289925349104,40,0.0009423344727892538,0.0028796754641091113,1.0018021926003726,0.7384688527095946,0.6820752889622075,3.025183028600557e-08,69.67331077501656,1
296,63,1864,5692.7662490123985,0.16110204827018543,0.88702460193212,40,0.0011709764979202222,0.0028941451580225454,0.9976171100698437,0.6864307009755984,0.6017655915267303,5.906785354255353e-08,71.53204427173115,1
297,63,1904,5694.243205873607,0.09093433855858749,0.500682619047863,40,0.0008946124415267512,0.0029646086619421396,0.9695270960701545,0.8311600311497174,0.8477739125142487,4.12459441374669e-08,70.9590930151441,1
298,63,1944,5695.715177466238,0.20772863728586013,1.143749652948964,40,0.0012859997401577525,0.002897601786796478,1.0202749207119963,0.6396727664474644,0.5571442328034603,8.500565237580837e-08,72.02079042603692,1
299,63,1984,5697.1820999078045,0.11403621611852817,0.6278810871401109,40,0.0009680463897614882,0.0029130943811145884,0.9838973769657584,0.8183996314865505,0.8059046378722678,6.194330242006645e-08,71.58309852682366,1
300,64,24,5532.119871705881,0.15126707678311574,0.832873448908287,40,0.001180856846323089,0.003047501705104103,1.007564940957177,0.9065937399038532,0.8953922686050256,2.103558046281444e-08,46.63930014546504,1
301,64,64,5533.768424843178,0.18507273099827187,1.019006693613924,40,0.0012911356096892731,0.00298016378820036,1.0011324437637494,0.7033456744884119,0.6016923448746176,3.3375948534706704e-08,52.55535371769141,1
302,64,104,5535.413591319517,0.2879114721559936,1.5852347113089063,40,0.00141352976262482,0.002997255198793415,1.0234157768296896,0.6045738524425451,0.46629431805330485,9.241646746792444e-08,48.137370424563336,1
303,64,144,5537.055421103167,0.22594372580373429,1.2440415599433943,40,0.0013372533531968238,0.002924793871906392,0.980122892105698,0.5513267845722831,0.4341756110445922,1.1396590378942501e-07,52.598410710749285,1
304,64,184,5538.69370035291,0.153296297896443,0.8440462990961544,40,0.0011503714481087448,0.0029495288649584606,1.0053036255611802,0.8541592397123188,0.8425043331956767,1.0841633316032477e-07,51.82947055121594,1
305,64,224,5540.328464121034,0.16989835549994373,0.9354568906753598,40,0.0011899211852522266,0.0029192870080043338,0.9964969718146933,0.7252159664685891,0.6484191981784673,5.7891691337827276e-08,54.04438076280322,1
306,64,264,5541.959571303759,0.23286763042000427,1.2821644379701378,40,0.0013999671378215409,0.00289961937410856,1.0057713783919076,0.9182838742093459,0.9043372754273564,9.128201821093538e-09,53.31873191321635,1
307,64,304,5543.587042421315,0.27428155196092324,1.5101886478651783,40,0.0015027321320180422,0.002891290334687083,0.997717510225198,0.8773107796019339,0.8607615136257162,5.0056734260323537e-08,56.05668128799547,1
308,64,344,5545.210764276316,0.2904160993899604,1.599025137930123,40,0.0014576514391011794,0.0028155276075169594,1.0016800217466344,0.5644093409386625,0.45395448092923546,1.0800042968979819e-07,54.99360593403618,1
309,64,384,5546.830768047281,0.17027994768879934,0.9375579295079164,40,0.0011554515156417128,0.0028164268958222913,0.9985144153190306,0.9000069338540125,0.8910073746739211,5.32702223326156e-08,57.24818659396816,1
310,64,424,5548.446950242747,0.09492796095991896,0.5226714227834133,40,0.0008380971727240161,0.0027940550593034807,1.000138422132378,0.6200082638628658,0.5084404512367587,6.765570230313189e-08,56.08302323255161,1
311,64,464,5550.0593337752525,0.1269430788500296,0.6989460108920539,40,0.000988284451219498,0.00277870164422298,1.0002552708738046,0.9266211417414426,0.922325357514115,1.7579349743737015e-08,57.894315281132414,1
312,64,504,5551.667839552058,0.27854793415929063,1.53367926149692,40,0.0014569365756598085,0.0027595539681577073,1.000895678846868,0.8740883840804575,0.848339013071712,1.281756874968595e-08,56.9084805590466,1
313,64,544,5553.272463149159,0.2142960653590184,1.1799097783779162,40,0.0012641284831719111,0.002738944884314583,1.0000952513887942,0.8899949266300514,0.8754163745098181,1.0993464841496323e-08,58.14116818983382,1
314,64,584,5554.873168989533,0.2343177145753324,1.2901485718434131,40,0.0013268269451902962,0.0027697695506763067,0.9994859990986596,0.6521418853865307,0.5772384900283051,3.6768072898985235e-08,58.173710279083316,1
315,64,624,5556.469909012814,0.1503542384194517,0.8278473794395768,40,0.001074087996608738,0.0027659502079110977,0.999673271904403,0.5731877431906763,0.47826359443026034,5.614672484368794e-08,60.522247751034556,1
316,64,664,5558.06264964163,0.20819119814805104,1.1462965036504904,40,0.0012816909145576133,0.0028142226295651785,1.003277049661639,0.9122441654190245,0.8988366063794316,3.3508938161539896e-08,59.12955470271718,1
317,64,704,5559.651406785013,0.15221571676270365,0.8380966413462853,40,0.0010586630106549832,0.0027662106288638064,1.0005998514735384,0.7254649327988675,0.6961646159729464,2.4131584402567457e-08,61.01533369375938,1
318,64,744,5561.236076445879,0.1881988803454404,1.0362192083524204,40,0.0011743438089836685,0.0027095978829668726,0.9986307027837104,0.6090927435744459,0.5038187025711457,5.44125445063606e-08,60.32263871872678,1
319,64,784,5562.816710780564,0.10983588390439505,0.6047541433785051,40,0.0009052803491807909,0.002725427728919082,1.0003698385678959,0.902366375705514,0.8878738585713654,2.223034167590377e-07,59.73181334384705,1
320,64,824,5564.393159830603,0.24995249762499022,1.3762333693976871,40,0.0013502576511446162,0.0026993354202068044,1.0021234668829715,0.5852493393311714,0.4849497982706671,1.0211722409367972e-07,60.45568544568578,1
321,64,864,5565.965523627225,0.316496346419515,1.7426224477600027,40,0.001597109591782144,0.0028238857024037835,nan,0.9496011534043671,0.9516999569545072,4.892740212209098e-07,62.363167505995655,1
322,64,904,5567.533651201583,0.11207462572411411,0.6170806103153789,40,0.000923105498148032,0.002690516099941479,1.0022500575883706,0.47138743475043104,0.36733094508977293,2.7877886239473134e-07,64.10888337717871,1
323,64,944,5569.09757915424,0.4519996363215545,2.4887008066413854,40,0.0017815009794696433,0.00274072494248305,1.0000040855839893,0.5691744738295839,0.4545758383372725,7.44560746868487e-08,63.70021055954108,1
324,64,984,5570.657191413524,0.2674176261824794,1.4723960120998976,40,0.0013263766956195491,0.0027328074973620503,1.0009075449510152,0.41665091290064526,0.299529430681821,1.0758556000569833e-07,62.51071758298378,1
325,64,1024,5572.212574855533,0.3941751042061674,2.170320108616116,40,0.0017574719207831485,0.00281374500087252,0.9960141797719617,0.9430996755744557,0.92653493899247,3.6325094020990445e-07,63.8124534748597,1
326,64,1064,5573.763562628829,0.12220447907749374,0.6728553768989967,40,0.0008148446749918737,0.0026549967631600054,1.0091416523136534,0.3755750300386505,0.295228603233055,1.107250564506209e-07,65.2373142379432,1
327,64,1104,5575.310267908698,0.10727726141137328,0.5906664199588691,40,0.0009115653849894109,0.002794906762136391,0.9412932052796739,0.8262757437769213,0.8509812404726044,3.4244455766315607e-07,65.2132329853909,1
328,64,1144,5576.852492898247,0.1854542858474509,1.0211075268549805,40,0.001147377019446142,0.0028049880358861964,1.0081463962168018,0.4054820515013687,0.3182606102050289,1.0265403865542857e-07,66.06842798744232,1
329,64,1184,5578.390404036358,28.60863904059021,157.5185848304052,40,0.015747990009636725,0.002809733002513278,1.2121400681846477,0.9045664857556527,0.8809504019034108,1.0340549954458227e-07,66.42811958877851,1
330,64,1224,5579.9238227207115,0.32756889218590557,1.8035876596009834,40,0.0015612314077907807,0.0028184072976735314,0.995837651226754,0.6032723876239581,0.4867022989682872,6.065290154267306e-08,66.92410107582724,1
331,64,1264,5581.452729356393,0.10355667802519766,0.5701809634888011,40,0.0009069337409945105,0.0028168298372237815,1.018852496418638,0.9232850076872631,0.9051895684050952,4.176773631535519e-09,65.86206130932132,1
332,64,1304,5582.9771959986465,3.270730111377091,18.00857348632842,40,0.0040627701170934645,0.002795679717807403,1.0021683892538469,0.6559885820678469,0.46465748120750017,1.5855042786670925e-07,95.27257630349207,1
333,64,1344,5584.497086775382,0.13942925380593502,0.7676946363058161,40,0.001042174424667077,0.0027939820918289776,0.996829588477413,0.9574719394037804,0.9550699173170007,6.938814126343538e-08,60.21235061867817,1
334,64,1384,5586.012526169609,0.16679251334989656,0.9183561869512878,40,0.0011121104767305707,0.002749077292089903,1.0024098031799844,0.7161523944935169,0.6503760657923221,2.2187973162263754e-08,69.4211185699182,1
335,64,1424,5587.523305115134,0.1451490428964358,0.7991876787321183,40,0.0009702811913600071,0.0027028730318032265,1.0061498984704524,0.26428599806210257,0.20257394960753053,1.0654189566504532e-07,70.34118846288402,1
336,64,1464,5589.02965064699,0.13603066762610322,0.7489820899063969,40,0.0009710943182838512,0.0027005988320218293,0.9908478119692814,0.5814811255328034,0.471708282848857,4.402528989242736e-06,72.34960771520512,1
337,64,1504,5590.531362746904,0.146948718752615,0.8090966574016939,40,0.0009968573527742758,0.0027200002932288147,1.0039163200225427,0.3404346686421779,0.22427188363860484,3.1879797722811835e-07,67.41726177362759,1
338,64,1544,5592.028451450016,0.3732797512038132,2.055270719870544,40,0.0015673402441351949,0.002846797633204807,0.9956398714646439,0.4288362921390885,0.3325548534911772,1.1977673402919134e-07,70.60347959274621,1
339,64,1584,5593.5210772386,0.5058115139965662,2.7849879109111257,40,0.001998547393936724,0.002873185664739925,1.000941758541385,0.5646257377976484,0.5136947460062516,5.319755146903392e-08,73.20477269540521,1
340,64,1624,5595.008837189525,0.15716463386334908,0.8653452782713285,40,0.0011291167249298057,0.002859663522376464,0.9579909918620595,0.7451656081794,0.7262362261998528,2.0054711541608338e-07,67.36677027847149,1
341,64,1664,5596.492156286911,0.23757060635309904,1.3080589278276065,40,0.0013306598493444757,0.002808956200730412,1.013792022854048,0.2988913892481638,0.2231164246834926,1.8444066593552278e-07,80.42726513910385,1
342,64,1704,5597.970765912344,0.1262817465575221,0.6953047287370159,40,0.001002808646737873,0.0028255210071945914,0.9992522922200852,0.9177682429057579,0.9095724031482533,8.952394409373109e-09,70.65221730587193,1
343,64,1744,5599.4446349923055,0.4367158011222093,2.4045483208147713,40,0.001348501516833362,0.0027787150411536666,1.0007023358509037,0.3916803241024807,0.2677877066617025,1.3654298023752862e-07,70.8437332192361,1
344,64,1784,5600.9137970854135,0.12509149588966834,0.6887512327623292,40,0.0010055458039511637,0.002880933971199251,1.019524151294753,0.7094305336566362,0.6640994633341688,2.356251787889168e-07,75.30109366519434,1
345,64,1824,5602.37808427979,0.13118900625123658,0.7223240008265576,40,0.0009657039523453036,0.002651448702771082,0.9904898513584103,0.388761849048387,0.31963633155767607,1.2797306858853447e-07,75.29851158627625,1
346,64,1864,5603.837576324298,0.2107856581978834,1.1605815479292056,40,0.0010891241269406575,0.0027779095138885813,1.0019211089294258,0.30358120792991417,0.2749104545020427,1.762753672704965e-07,78.77636892525538,1
347,64,1904,5605.292025611958,0.13146913292767534,0.7238663726109431,40,0.0010421517932865069,0.002901576270358676,0.997732117299722,0.8387145533289275,0.8208082486236818,2.826112200809645e-07,75.91515415570282,1
348,64,1944,5606.741338624308,0.2668001925747753,1.4689964352107525,40,0.001532868798970235,0.0029453467498035814,1.0036602760414457,0.9165126595370593,0.904057080471879,1.019302402828752e-08,75.34865520073355,1
349,64,1984,5608.185399278184,0.2327591297559975,1.2815670355203654,40,0.0014344524589770796,0.002957717583323431,0.999190691607405,0.9142183230412047,0.906054020359128,1.571746677842187e-08,81.35883959189587,1
350,65,24,5447.019748707517,0.14320257597163408,0.7884704714235516,40,0.0011354265317587695,0.0030360376776494644,0.992056229498426,0.4030208855101268,0.31763509774036663,7.843407900596196e-07,48.228491070288435,1
351,65,64,5448.644008938465,0.45984487317829376,2.5318965212498146,40,0.0014552065342420392,0.0029339283453941496,1.0061564790750914,0.22229651476812173,0.16932127091469762,1.8136078767114322e-07,50.53919089130794,1
352,65,104,5450.264878736623,0.16188950247752332,0.8913603087856555,40,0.0012204990495668668,0.003035043287763893,0.9981333595961619,0.8585268926629164,0.8252018346178073,8.319742087648809e-09,52.023017765675405,1
353,65,144,5451.882267780402,0.20487221092043958,1.1280222274634342,40,0.0013649600295590812,0.0030416974300984086,1.0086900550455546,0.9270268853652525,0.9152253266357148,4.795861445212362e-09,53.69437443704171,1
354,65,184,5453.496157400663,0.14689637582292603,0.8088084582951658,40,0.0011135808925542682,0.002926415569690169,1.0038464881339617,0.85130863117946,0.8116317069202545,1.4093149466624254e-08,53.77536906511275,1
355,65,224,5455.106383650612,0.09605832787666273,0.5288952000421624,40,0.000898270786884474,0.002889151471962498,0.9903254042019267,0.8783020807572133,0.8553722902889672,1.8773087667427648e-08,53.68045381713838,1
356,65,264,5456.712970755101,0.10257963030933895,0.5648013586325378,40,0.0008936576759332332,0.0027764948443773007,1.0015828305428707,0.23307233904722585,0.16913361126004675,1.548956542475556e-07,57.55191153989631,1
357,65,304,5458.315813168041,0.06871396584818792,0.3783376987326992,40,0.0007581794247108678,0.0029008358897309964,1.0014459510081963,0.9044685993156069,0.8930528360950558,2.2896211976848747e-08,56.54920513645685,1
358,65,344,5459.914937726198,0.12279257193372717,0.6760934042071579,40,0.0010282284382438283,0.002951126059429663,0.9916017069309869,0.9400340671125418,0.9371437285949845,9.882216166641922e-09,58.42649566537324,1
359,65,384,5461.5102173589585,0.23033990461358483,1.2682468310786823,40,0.0013604903815714344,0.002862147571717823,1.0036015717358535,0.8829473496316138,0.856222194901607,8.650766820352255e-09,56.14724776096557,1
360,65,424,5463.101741271021,0.3069001845012739,1.6897861753661942,40,0.0015374973226912692,0.0028501525096408372,1.0183401452397318,0.6696625702874756,0.5784492100314497,1.1726609025861422e-06,58.157129696523356,1
361,65,464,5464.689358210597,0.1614097193591986,0.8887186326920531,40,0.0010710056433328769,0.0026408664655423915,0.9928770580474288,0.3839903829556078,0.293088678059575,2.1593473057717906e-07,57.5365444126097,1
362,65,504,5466.273153304497,0.26682632438905535,1.4691403164488153,40,0.0014008441096902782,0.002770496253061561,0.9980899127477413,0.7338025186042488,0.679562790214168,2.5457583337266035e-08,58.03940875855897,1
363,65,544,5467.85306006938,0.19314019480765404,1.06342598530485,40,0.0011385125183948986,0.002700573495276366,1.0010853588725797,0.4633475188264529,0.3402815450699262,1.233792075679981e-07,58.56399734217664,1
364,65,584,5469.429077712655,0.19769691743518422,1.0885152074357896,40,0.0012252300706214363,0.0027630272811522095,1.0059218585912229,0.858577044475164,0.8168231027857817,5.0491631090663725e-08,58.95461145040452,1
365,65,624,5471.001128058588,0.18031754681820522,0.9928247462102289,40,0.0011841035767237555,0.0027663713850703334,0.9940117548960639,0.7744787859553395,0.7284581270475117,2.461918357105467e-08,58.761260010368176,1
366,65,664,5472.569295078096,0.214443076985654,1.1807192214048425,40,0.0012136375195901867,0.0028105780704820098,1.0028661633673983,0.7280961687273078,0.7088306804273888,4.54246987010457e-08,60.94009687068717,1
367,65,704,5474.133442553322,0.12473408869535726,0.686783356017958,40,0.0009514533467607731,0.0027516612794863107,0.9973504695379117,0.6821126103372084,0.6158648319636207,1.0841088644189496e-06,61.0763797668334,1
368,65,744,5475.693620094382,0.425865122624595,2.344804705644231,40,0.0016384589335978078,0.0027320248908219097,1.0011001049964585,0.5039097699173899,0.4008734416167704,2.1816164441774182e-07,59.91960901063369,1
369,65,784,5477.249768205746,1.9233868302320023,10.590128777175604,40,0.002618081340713229,0.002769747980122834,1.0017070885104877,0.5208268209853818,0.34293517597089923,3.5264991966275595e-07,90.69284366276356,1
370,65,824,5478.80191131075,0.14948511315587226,0.8230619934110717,40,0.0008480140013869856,0.0026813403047962056,0.9989295814780975,0.28655957724718967,0.1958714388903136,4.4321461441544284e-07,70.84500991344245,1
371,65,864,5480.349933590389,0.1288359692176993,0.7093682267664755,40,0.0009871269940515666,0.00280195923277198,1.000973934135785,0.6982175509712131,0.6522542411673621,3.079236924688668e-08,62.51804311441535,1
372,65,904,5481.893918041499,0.2887090537865912,1.589626179548979,40,0.001463435827825043,0.002752106486353354,1.0070893159066394,0.5715842066350209,0.4812620668511476,1.2423611837794656e-07,64.25430869258528,1
373,65,944,5483.433709921484,0.09430574860621561,0.5192455342159673,40,0.0008486009912604751,0.0027838797099218144,0.9909332202031554,0.5815345188310481,0.4985720392000305,2.7156391004452257e-07,61.490439742755164,1
374,65,984,5484.969388026161,0.2885979604879128,1.5890145021054232,40,0.0014712960348563255,0.002779929224285026,1.0002115573516024,0.6480151091571402,0.5437203730933009,7.408610449726697e-08,65.72359434013113,1
375,65,1024,5486.500823774799,0.3145818544443159,1.7320812938737706,40,0.0015869402783382925,0.002841666312538081,1.0011856048075085,0.9674815971069732,0.9629846317928877,3.5572675176715194e-09,60.91581085712654,1
376,65,1064,5488.028097571027,0.19503304049973225,1.073847955196373,40,0.0012208495652768613,0.002806583438881712,0.9844146197078226,0.7243672448267453,0.6543222409979583,3.074989057626434e-07,65.10303781329016,1
377,65,1104,5489.551025252892,0.1677660162550592,0.9237162741519387,40,0.0011165611703019415,0.002662029821873803,1.0041953760658435,0.464412875380068,0.366983783819716,1.247665883596822e-07,97.24974540468126,1
378,65,1144,5491.06972732228,0.2579378079774116,1.4202003258250926,40,0.0014142948379460146,0.002770169531810619,1.005060490908673,0.8228788231940426,0.7755296461786496,3.172060189659211e-08,67.40435850173802,1
379,65,1184,5492.583993044183,0.17522612837855928,0.9647914998102661,40,0.0011815691773827358,0.0028442657891250087,1.0019569437388658,0.8265903950021642,0.788426430828213,6.18373663352055e-08,64.70240585926729,1
380,65,1224,5494.094038529575,0.26847378868087424,1.4782112213400878,40,0.0014757604845524052,0.0028133285778987605,0.9943239512727677,0.7328011946105839,0.6709936634218898,6.388413244680851e-08,65.12211213996392,1
381,65,1264,5495.5996284878565,0.24164358955835508,1.3304846905358454,40,0.0013209173635058684,0.0027210160365153677,1.0062049157652726,0.7222346436882091,0.6457766061989405,6.059123128637942e-08,66.71344100669383,1
382,65,1304,5497.10077454067,0.11632275468041482,0.6404707219674621,40,0.0009633344190107978,0.002818626283811156,0.979215333326237,0.9534944791817861,0.9432414550289554,1.616577754104687e-08,91.12626393847084,1
383,65,1344,5498.597506398676,0.14795439820345754,0.8146339080085815,40,0.0009910255719769463,0.0027472524170473974,1.0021489247231117,0.3114701178109527,0.21445004845807444,1.5590843005396163e-07,69.26372225762907,1
384,65,1384,5500.089726774738,0.12528394758437505,0.6898108678800783,40,0.0010029609748557647,0.0028351027805402235,1.0014542711469159,0.9694843120782313,0.9617251307260211,3.750074142970108e-08,62.86778623308098,1
385,65,1424,5501.577498471349,0.26947646125094077,1.4837319161225644,40,0.0014940341042851682,0.0028709859147946276,nan,0.9744717149641514,0.9686043111227668,2.2860772305553427e-08,68.66303373935467,1
386,65,1464,5503.060710549652,1.4439455786908968,7.950334995132232,40,0.002129852253018654,0.0025567070446330664,1.000331283705459,0.3350341888603969,0.1763722222955266,2.1824075411616653e-07,65.54112705270458,1
387,65,1504,5504.5394917672875,0.1326052127459803,0.7301216049895222,40,0.0009708424305267657,0.0027444931485930066,1.0054799751704282,0.6351170487374749,0.574913470979799,8.363630837669363e-08,69.3352030874848,1
388,65,1544,5506.0136710085935,0.06956596564794179,0.3830287923056093,40,0.0007325042055679053,0.0027859476352658573,0.9902977834097042,0.8822637546358443,0.8759486129526116,3.0222691486615435e-08,64.90379376947675,1
389,65,1584,5507.483285987881,0.6069797952139192,3.342018410141513,40,0.0015515097692344203,0.002765806578158934,1.0094856160982302,0.4146656047656827,0.21923234114652596,2.2755072930548558e-07,68.99705978644865,1
390,65,1624,5508.948360288543,0.22686543762528374,1.2491164864907889,40,0.0013472291785720921,0.002859402713166894,0.9456609531134997,0.7873024968326702,0.7836041492760821,2.148350169804666e-07,69.14186835584022,1
391,65,1664,5510.408833644804,0.24659199267167442,1.3577304974571227,40,0.0013663735987232558,0.0027640116067897706,1.0047452677335513,0.8467709417270026,0.8174184374834144,5.677266843732126e-08,69.06554062789009,1
392,65,1704,5511.864768005385,0.11968683396835367,0.6589932741217807,40,0.0009554489205066701,0.0027631200684157336,0.9986594989436455,0.6655351062543401,0.5963724362611599,3.7027747554808104e-08,72.03394645395663,1
393,65,1744,5513.315987612809,0.038523273047581,0.21210835806906883,40,0.0005219737773836771,0.0027530339259250777,1.0020880694670096,0.6119786245446955,0.5250708673589457,8.470484604405332e-07,70.82961090042014,1
394,65,1784,5514.762704236944,0.09159615964348808,0.5043265924838785,40,0.0008484217996080416,0.0028642400151021844,0.9982616563752761,0.4552732605609954,0.3639612474183469,2.996041321104203e-07,68.24249576683815,1
395,65,1824,5516.204686815057,0.3058904576098582,1.6842266396338115,40,0.0014669561284476158,0.0029032703288330492,0.9992145489478728,0.6593638120549475,0.5605487762071366,5.299545767241432e-08,70.12887073489841,1
396,65,1864,5517.641917378965,0.12459800122836084,0.6860340611918736,40,0.0010235771749522102,0.002937481084272134,0.9958642422533993,0.755457769537988,0.7114742445423254,3.812214439731878e-08,68.90791645574025,1
397,65,1904,5519.074434245094,0.4948066502792889,2.724395355056318,40,0.0020061833678716953,0.0029389052246250533,1.009049321181007,0.8187290922081703,0.7418078126043671,6.660827035782557e-08,74.54715830714517,1
398,65,1944,5520.50209200927,0.1466820770378112,0.8076285335418676,40,0.001117434167847679,0.00291263315103332,0.9993959241047837,0.7926097906438018,0.7603858207056537,1.855917708650644e-08,73.66364484432847,1
399,65,1984,5521.9248059716665,0.13448637538952973,0.7404792482534087,40,0.0010622622861861503,0.0029066947373962973,0.9974125336100076,0.8649282091370629,0.8507865204799727,2.7759242035329283e-08,74.56990661612441,1
400,66,24,5364.499636383355,0.1545855438772309,0.851144861250889,40,0.001214678833551232,0.0030985582898342455,1.0001057963196063,0.49841572220150293,0.40553678558724887,7.235965239654066e-08,50.36269841827136,1
401,66,64,5366.099807041157,0.4000695178521637,2.2027746302941664,40,0.0017740685163021425,0.003014364118885088,1.000956653468804,0.5040871015394003,0.3769105673861498,1.3673532731998807e-07,49.710796615629775,1
402,66,104,5367.69663760721,0.13294703272710734,0.7320036588550519,40,0.0011172284462092682,0.0030775333659546437,0.9885014112986678,0.9263142805353928,0.9269816134166465,7.268883963633343e-07,54.82313933250705,1
403,66,144,5369.289958131885,0.1740546414741754,0.9583413167357031,40,0.001169065200581208,0.002862881557724963,1.0002517353789135,0.3398883101409873,0.2583060488807672,9.917099402442433e-08,52.597557650826744,1
404,66,184,5370.879769076904,0.235679942106726,1.2976489689317783,40,0.0013315558098195024,0.0026858300964969837,1.002260788024458,0.3126957957116896,0.2260051183298959,1.2951281723079856e-07,54.20043820702976,1
405,66,224,5372.465945491282,0.10621611759046867,0.5848237836582304,40,0.0008601158608944168,0.0027477598694003536,0.9988180345580746,0.1961327324768836,0.14796996023001688,3.737282093827328e-07,55.08496748681237,1
406,66,264,5374.0484934474225,0.278372466768273,1.5327131416099247,40,0.001525066616294089,0.00292094871647199,0.9995650824417563,0.8861399759959218,0.8806174322382941,2.6052640632854397e-07,56.95625617501584,1
407,66,304,5375.627316851337,0.3289539824238533,1.8112139382867465,40,0.0016394619892022872,0.002889922187286555,1.000547672184576,0.564469225322281,0.46711437143010986,6.49908494893433e-08,56.87592003065559,1
408,66,344,5377.202433021556,0.22956776167044132,1.2639954277344623,40,0.0013883444285291361,0.002894551276145591,1.0050492685578536,0.9465154812808179,0.9378594251774712,1.9394607969364413e-08,58.12321598810071,1
409,66,384,5378.773765745347,0.12957130431797018,0.7134169668762883,40,0.000981558335815421,0.002843121875848343,1.0006867515017093,0.6642804075165551,0.6030337717326282,3.892118497169439e-08,58.15278365077831,1
410,66,424,5380.341248314826,0.2244429000177277,1.235778043683382,40,0.001349431774762379,0.0028381269143543343,0.9990926499888068,0.5300573187450488,0.3858381412587475,9.253924520253638e-08,58.08192768814794,1
411,66,464,5381.905034915435,0.1418499080868323,0.7810227095549354,40,0.001030581537569205,0.002704518302031396,1.0002770873690499,0.5336201326050314,0.4155272588167701,1.7291265258439634e-07,59.03003792370844,1
412,66,504,5383.464892100628,0.12605229368548593,0.6940413658892715,40,0.0009304347878130565,0.0027346646462825946,0.9971275809175769,0.7836078840882507,0.7419775128430356,2.1129541296354048e-07,54.27452055345456,1
413,66,544,5385.020978174327,0.030217197191525935,0.16637527330109106,40,0.00046990424168848194,0.0026672926581193805,1.0007404555995527,0.2779677641383624,0.20750727192352453,1.1572927953691013e-07,59.63815435391858,1
414,66,584,5386.573107427992,0.11783820783525989,0.6488147762228667,40,0.0009602973844564437,0.0028020687762824654,1.0030525284088307,0.9312421444133941,0.9231837201894759,7.303571915860841e-08,57.486565485647404,1
415,66,624,5388.1214475742845,0.27253233220397655,1.5005574794520042,40,0.001423808767590026,0.0027908611003264177,1.005715521918806,0.723835989563304,0.6510548167569441,5.035206017251181e-08,62.633735081139854,1
416,66,664,5389.665797879028,0.07748464854576151,0.42662889932277837,40,0.0007714508390830892,0.002791994123106254,0.986714013677957,0.8472195654839229,0.8080084860073742,1.3038744444273717e-06,57.17982490798996,1
417,66,704,5391.206283426376,0.15720087439063718,0.8655448178776631,40,0.001060097903635277,0.0026600964082719955,1.004294885303101,0.4531871451465328,0.33731087673333393,1.226669572575717e-07,63.23747657539766,1
418,66,744,5392.7427882202255,0.3494590284711459,1.9241143048742368,40,0.0015392425708704493,0.0027441500751594155,0.997497317501505,0.49052456329150157,0.3680422458585284,1.2935643918773288e-07,58.909407861691406,1
419,66,784,5394.275308352991,0.15600627363838698,0.8589673704267442,40,0.0010835338201529991,0.0027456819067242415,1.0004356936601086,0.33498376141901565,0.2550401014009981,1.3345390442575197e-07,62.59533473683901,1
420,66,824,5395.803807872103,0.21756900509057586,1.1979305179880275,40,0.0012584429897376055,0.002812358431121483,1.0081040517891438,0.5293803817412915,0.4640214418712384,7.243446704228481e-08,59.63306421891765,1
421,66,864,5397.32839251636,0.22495441744932182,1.2385944482605613,40,0.0013219168372244972,0.0027889645008594374,0.9843398194371075,0.8548167524692075,0.8521691373674875,2.607297539991583e-06,63.452530485596,1
422,66,904,5398.848868850566,0.16680219635185783,0.9184095013631928,40,0.0010436777860064021,0.0026193287407199877,0.9962406876809838,0.22181972435149916,0.17033159537523135,2.390564358171033e-07,60.90893578659983,1
423,66,944,5400.365331840989,0.27955285037590316,1.5392123097516566,40,0.0014591072591934348,0.0028113082029497,1.010666374024772,0.5220483757981517,0.3915269523591618,1.1131585868374906e-07,65.6585047031137,1
424,66,984,5401.877715578981,0.24453064677089423,1.3463807688427638,40,0.0013238133135212036,0.0028155048039970607,1.0083430975631884,0.40397043446364816,0.3383813032168289,1.201871826479678e-07,62.53197378598066,1
425,66,1024,5403.385903605224,0.2980044097394726,1.6408062204140952,40,0.0015563301665833204,0.0028150273773957604,0.9832949765349575,0.8592171324302346,0.8637766148936511,2.0670077694171145e-08,63.483238113250074,1
426,66,1064,5404.889882281093,0.4944758506511337,2.7225739790301637,40,0.0017854332179065215,0.0026705932687080772,1.0017848749338427,0.27961529467850693,0.22525370269376058,1.8455729753154377e-07,66.30843451612242,1
427,66,1104,5406.389831117154,0.5557847006300873,3.0601392603622313,40,0.0017443051499751335,0.002590744546198216,1.000105758737984,0.2105216957482064,0.1521488875431133,3.000131583077195e-07,68.40810235651517,1
428,66,1144,5407.8854701786095,0.13617926404699773,0.7498002587782876,40,0.0010281176387255567,0.002740184046004555,0.9827474795623532,0.28168425003100606,0.22814576375881773,2.4305187090847714e-07,62.45958351370109,1
429,66,1184,5409.3769174002,0.15136978676089438,0.833438967957435,40,0.0011145825232156128,0.0028706287945593247,1.0173147513240122,0.6723996191957305,0.6594209960812374,5.194178803085684e-07,65.03314261647031,1
430,66,1224,5410.864095287076,0.6494522777844692,3.5758710355409584,40,0.0021133070616199457,0.0027358084315915526,1.0008330140587236,0.31398405549267944,0.22983797488231947,1.8872209809231944e-07,66.35003022385686,1
431,66,1264,5412.346952235755,0.13637987833706836,0.7509048369801324,40,0.0008944951643640787,0.002780915134658741,1.0003112665853577,0.3655919634572797,0.2786570411775091,1.490949318944421e-07,62.64234050200808,1
432,66,1304,5413.825457615036,0.17741102986670435,0.976821522976281,40,0.001176900601136153,0.002851539388359977,1.005680322895466,0.8826575719364961,0.843957534028619,3.012774844620757e-08,74.05344756376229,1
433,66,1344,5415.299601005365,0.17729261745661556,0.976169546654126,40,0.0011876265572804067,0.0028247892935830193,0.9964104876623787,0.7807486590833255,0.7280357595196706,6.999893438992057e-08,59.30916718500615,1
434,66,1384,5416.76938434895,0.14676518793599108,0.8080861404572719,40,0.001050496102132963,0.0027450160635394006,1.0002536518266945,0.31007988595202113,0.2435943741846949,1.0334343009944167e-07,68.72444686450929,1
435,66,1424,5418.234719469492,0.43266002229116607,2.3822172850411145,40,0.0018139800275606352,0.0028724066908195596,1.0035214009838997,0.7363346822426076,0.6593355696943369,2.7221816113638845e-08,64.73081052468335,1
436,66,1464,5419.695689399228,0.543765633138511,2.993962519148918,40,0.0020456415987090237,0.002871224015191214,1.0082867821177197,0.6378050282611393,0.5374041309482769,5.351103579846233e-08,68.85911796667155,1
437,66,1504,5421.1521301289085,0.2459429924277205,1.354157115310661,40,0.0014169901780683525,0.002868666738263954,1.0045315156883878,0.5872781282778949,0.5781768895294632,2.12177315305596e-07,67.60875285738965,1
438,66,1544,5422.604228316647,0.06333216851035442,0.3487056320238703,40,0.0006921800933909584,0.0027233249352800787,0.9977253841895504,0.720134084740937,0.6747476730490891,7.921328982968084e-08,68.69593582455119,1
439,66,1584,5424.051738251126,0.27921101579468044,1.537330175498297,40,0.0014875574186668187,0.0028353748836607877,0.99541870672226,0.8894599204310975,0.8747302095870506,7.545881090882845e-08,66.09790079172042,1
440,66,1624,5425.494862066266,0.2033217930890217,1.1194856584097903,40,0.0011567321058567834,0.002556435543190444,1.0006451413623083,0.2720901810406352,0.20427155445929163,3.3757945243227226e-07,70.88908105928377,1
441,66,1664,5426.933304686825,0.19686894313525038,1.0839563977763549,40,0.0012741707802486938,0.002881366735419765,1.0037351826018874,0.672597496459252,0.5972049047766895,1.177904022766484e-07,68.49621096514508,1
442,66,1704,5428.367305238694,0.1307334955853935,0.7198159683627637,40,0.0010403485694348788,0.0028616030564265873,0.9879055320987284,0.9427641125388417,0.9457737960700495,1.2780065225710484e-08,68.44759061016553,1
443,66,1744,5429.796782536449,0.19149219760806616,1.0543521462342376,40,0.001259722809205036,0.0028786322351171205,1.0172895593219031,0.8931747728798571,0.8685582676529877,2.4074127740185154e-07,68.57279684107645,1
444,66,1784,5431.221735679492,0.183946035069238,1.01280312873886,40,0.0011379110081824394,0.0027248981032938326,0.9983860569247038,0.20831893822385167,0.16433140307149596,1.2848420245794208e-07,73.55807789674854,1
445,66,1824,5432.642021938499,0.10226688589349442,0.563079394238232,40,0.0009417062731279618,0.0029370255670167255,0.9986144318593768,0.9577594351312274,0.9538688661354449,1.4013315197117318e-08,69.50490230120377,1
446,66,1864,5434.05772994068,0.5456555825837487,3.0043685423642295,40,0.0020802789050615995,0.002887153009613716,1.0021088531106523,0.5174135324490095,0.4287219609153973,9.674726756995665e-08,71.77168980595476,1
447,66,1904,5435.468784734829,0.09088093032212333,0.5003885543838926,40,0.000833264925952358,0.0029087354319488673,0.999379711795289,0.22900490372732082,0.1794281218973521,1.863854512799689e-07,73.77497751841565,1
448,66,1944,5436.875158918168,0.08481312593785101,0.46697934682661535,40,0.0008232554336885053,0.0028920573017210483,0.9876864868369758,0.5782508129116606,0.49514374041053516,9.207962060493137e-07,72.21216821225796,1
449,66,1984,5438.276708793075,0.0667757197435849,0.3676657550929847,40,0.0007353713511564815,0.0028501252435311998,1.008881093040529,0.6307229769877423,0.556346049871712,2.4207417099159604e-07,73.63718474281855,1
450,67,24,5284.4437392067175,0.19069591180176265,1.0499678127763787,40,0.0011834502530194168,0.003046501404418601,1.006360423936904,0.29769018973664924,0.22248162880908734,1.6757024499739683e-07,60.87900060587054,1
451,67,64,5286.0212783484185,0.0482617616288334,0.26572827817535194,40,0.0006459432989779806,0.0029204945096259474,0.9986884637755057,0.5791148118186549,0.4623366679790645,2.7838232299542453e-07,59.80403733101648,1
452,67,104,5287.594952596941,0.27078634035624666,1.490944083841342,40,0.001599933919966909,0.0030851939991754767,0.9893005371082944,0.9467106897363733,0.9332457750178138,9.155288464665207e-08,59.623829870218906,1
453,67,144,5289.164786626738,0.4462020868175659,2.456779616959597,40,0.0020079345806065293,0.0030673409869015227,1.0149240293298771,0.5927529824112299,0.46369596844460476,7.252585921960359e-08,58.22178904252717,1
454,67,184,5290.730842441717,0.35145581197821435,1.9351085542616284,40,0.0018022596592443966,0.0030314456577110664,0.9819824716128669,0.9502433150915686,0.9424536375933357,7.173923025934373e-08,57.15888310234103,1
455,67,224,5292.293220447439,0.1468044012033581,0.8083020479100336,40,0.0011686388653601447,0.003047751120408803,0.9974862341300128,0.9319865992115789,0.9105802083832601,7.468449420033526e-09,56.47256540758148,1
456,67,264,5293.851865341987,0.2027073779054228,1.1161027009023918,40,0.0013295317961586114,0.0030183837622446176,0.9953687782647297,0.7509379160991213,0.6883159268517393,3.194623038790164e-08,54.40896000142015,1
457,67,304,5295.406878692014,0.17157366833089113,0.9446811290568026,40,0.0012214442011993717,0.002994770326990988,1.0079740322325301,0.7493525583929449,0.6540223235415044,5.4433983290175066e-08,59.010095626037426,1
458,67,344,5296.958178519328,0.11298494202637197,0.6220927933652701,40,0.0010057527098852016,0.003012614082798804,1.00060201736376,0.7599227035721156,0.6799902978520243,2.5476623774909906e-07,68.3446695795424,1
459,67,384,5298.505891102581,0.23900521062457997,1.3159578297751864,40,0.0012969137028405635,0.0028946696705003487,0.9823040434403962,0.4246671087850066,0.30830136604668623,5.667940052004245e-07,58.05808987220404,1
460,67,424,5300.049888381052,0.08489833074000666,0.4674484827347329,40,0.000674657583476824,0.0026261345917677906,1.011834517066814,0.3576018184141483,0.24335259116005178,3.280438279241964e-07,58.126536830890856,1
461,67,464,5301.5902059941345,0.15810773784695592,0.8705379896280236,40,0.0010459229735876147,0.0027831907326548453,1.0039354057307173,0.5489674278474054,0.43481092944029925,1.0269319421800793e-07,59.249323783303225,1
462,67,504,5303.126705921511,0.07431175288766305,0.40915900034683966,40,0.000735023301392906,0.0026090735002828264,0.9980608985412951,0.3075212743008324,0.22210283165089637,2.1562945462526052e-07,55.54411389300296,1
463,67,544,5304.659747375689,0.110294427653708,0.6072788759382093,40,0.0009216605122363053,0.002773900513442354,0.9903023526703529,0.8793498950262906,0.8692980520190646,3.14931590855985e-07,58.86059412871148,1
464,67,584,5306.18889675289,0.07813179935035719,0.43019209849373996,40,0.0007797480429442782,0.0028010416506533907,1.0110591845919952,0.8277492403181456,0.7848072292265083,3.469753637555268e-08,58.59481633692009,1
465,67,624,5307.714291055426,0.19550097228642058,1.0764243780989702,40,0.0012218670453144674,0.002795051160713772,0.9973044583647388,0.7508978829644105,0.6835072411244293,1.8165717644704443e-07,59.5243030395482,1
466,67,664,5309.235859043298,0.15410927167851213,0.848522516209246,40,0.0010049798336012221,0.0028069608726379227,1.0014644160728967,0.4171850872352842,0.27903116536745304,1.7443578849730878e-07,59.56877245753282,1
467,67,704,5310.75359386421,0.06393866902741864,0.35204501153826523,40,0.0007105848182248783,0.002806688040225622,0.9996984270123136,0.9002978618430088,0.8847088620201261,2.5340588191175385e-08,60.12024344559826,1
468,67,744,5312.267429932475,0.1989181068653381,1.0952390516065929,40,0.0012486450395394193,0.0028120916077451355,1.0019999884526007,0.8710174245619858,0.8337477742679305,1.3480172905908514e-08,59.65095917277458,1
469,67,784,5313.7773779930785,0.19983410309510952,1.1002825082218783,40,0.0012567743473910883,0.0028150376198098773,0.9994420975548529,0.8297730002103212,0.7867408924854357,2.9415482542300963e-07,61.19870769435057,1
470,67,824,5315.283356787106,0.10354118129425545,0.5700956388033432,40,0.000897093159169764,0.0028306119924392916,0.9994444610944471,0.7217430116523168,0.6314366526924373,2.1592460721069132e-07,60.616552110916125,1
471,67,864,5316.785380518411,0.16992088110851764,0.9355809162181328,40,0.0011664999072415097,0.0028306735497425624,1.0012728449155637,0.7314252254591053,0.6590518061918101,7.836201520798649e-07,59.4576275032257,1
472,67,904,5318.283374519748,0.1565463526769677,0.8619410346312211,40,0.0010066423648042702,0.002787350133390363,1.00004556958016,0.38338632351097096,0.308491110649474,1.0161395696373798e-07,62.20012681938332,1
473,67,944,5319.77732984286,0.10425241100628597,0.5740116551356628,40,0.0009028947172070033,0.00282843694117434,0.9948941489550923,0.8680200321462344,0.8246038013739474,1.280706368327306e-08,62.671140244337145,1
474,67,984,5321.267203817197,0.22682205256687205,1.2488776092413645,40,0.0013363972696028026,0.002850566917199469,1.0041781372567413,0.8371501472417561,0.7918989871906681,7.528184422066156e-08,62.36705896366336,1
475,67,1024,5322.752978682276,0.35378214926764695,1.9479173200735815,40,0.0015722357054075002,0.002809889080983181,1.005324399212636,0.5592884887364139,0.431220794058439,1.0959845275785229e-07,64.27425545026526,1
476,67,1064,5324.234611372741,0.15485598595203437,0.8526339098155971,40,0.0011315840406875585,0.002858907136947181,0.9841236822232129,0.9223214226918927,0.919354238144577,1.6524819931663326e-07,63.43618967844306,1
477,67,1104,5325.712122044086,0.9410024771575151,5.1811405049172,40,0.0015582835850029022,0.0026057587766609575,1.0002195193637964,0.28462187632004393,0.24954132676741148,1.5766836375413688e-07,64.56930255010508,1
478,67,1144,5327.185403330511,0.23072763342847794,1.2703816580494192,40,0.0012741644704575485,0.0027961492489082217,1.001521898759695,0.6743764055180411,0.5853335139125513,6.302413710564911e-08,64.76626872755179,1
479,67,1184,5328.654521255103,0.20418935284726225,1.1242624247977322,40,0.001202571225750579,0.002725448777702964,1.0044771806888202,0.1736491821795917,0.13365102521859787,1.6997882116465468e-07,65.20822885533886,1
480,67,1224,5330.119473451772,0.8668084240429283,4.772629557127615,40,0.0020838288666156545,0.002120252038268304,0.9979203329891478,0.22985836451030306,0.1996610693298847,4.298163813134198e-07,69.45682713239401,1
481,67,1264,5331.580030321301,0.3494115497167546,1.9238528878179895,40,0.0016869566604552995,0.0028789449917695793,1.0019071062977667,0.5947963612086384,0.4838910840468133,2.428236781417904e-07,64.81736744959929,1
482,67,1304,5333.03637694103,0.13463522887234444,0.7412988325030049,40,0.0010415227846351431,0.0028773941616663514,1.0028621895995669,0.884938854621869,0.8664786068035871,5.5743300394518275e-08,86.38519473395611,1
483,67,1344,5334.488492104895,0.4076184449184524,2.244338869221528,40,0.001725293329870714,0.0027135572374471775,1.0001879455850244,0.4000577850525052,0.297528235640896,1.609237802575886e-07,66.04925667221553,1
484,67,1384,5335.936245934208,0.10881013620215967,0.5991063973875156,40,0.0008888373034206454,0.002818346709048411,1.0002407805958717,0.7199580981470388,0.6432064002973762,2.8888891876540617e-08,64.31280290829446,1
485,67,1424,5337.379736613471,0.060196349439132615,0.33143987598136043,40,0.000678852111939839,0.0028108046789734253,0.9922556416352536,0.5267997629853726,0.44905348377442716,1.059537744225064e-07,67.48227951796328,1
486,67,1464,5338.81880565125,0.3781618489622442,2.082151450856057,40,0.0016827051758692105,0.0028620780259443973,1.004157654156054,0.4993957965547021,0.4027921411369021,9.993316095353183e-08,65.18470383912778,1
487,67,1504,5340.253647394495,0.07913832330816284,0.4357339989387942,40,0.0007838913512323381,0.0027941189606883977,1.000843667905182,0.890526636766232,0.8704486666551409,1.571881431805024e-06,68.30594545190459,1
488,67,1544,5341.683951325328,0.09359655363291333,0.5153407211137112,40,0.0007848587057076196,0.0025816349387609676,1.0045664461409491,0.24685562656293902,0.2002336916380046,2.341900210552602e-07,69.06767677247956,1
489,67,1584,5343.10999407822,0.10565330755109743,0.5817249630256124,40,0.0009271100099795787,0.0028771407615027925,0.9885651800111325,0.3524758620241519,0.354489996214437,1.4108277741384122e-07,71.17745079347162,1
490,67,1624,5344.531555505173,0.3653890166112715,2.011824495653936,40,0.00168372887218722,0.0029055907921880075,1.0024071251233146,0.5691102291500598,0.4880379639671815,7.691756216683685e-08,68.65691340885151,1
491,67,1664,5345.948636365061,0.13231586996383626,0.7285284895145233,40,0.001075103332990989,0.002932738053961023,0.9976349359174731,0.9198129514282045,0.8969598071552343,2.349146659757148e-08,66.76596393607983,1
492,67,1704,5347.36134431444,0.08963701527684075,0.4935395834382926,40,0.0008047588120277615,0.0027555915519765183,0.9982818033938662,0.31948712715713445,0.2275548659451238,1.704085523917635e-07,70.99510831972862,1
493,67,1744,5348.769451570362,0.09158940686690334,0.5042894118333137,40,0.0008632934760783692,0.0028442956344077105,1.0027596800161427,0.9122289111412567,0.9010926554903612,1.7840802929356586e-07,68.40043160707673,1
494,67,1784,5350.173160156282,0.1406126686308387,0.7742104942682194,40,0.0009738914305938872,0.002842890140047928,1.0100546821191527,0.3645389363599903,0.2716886824124351,3.3160606260894437e-07,73.54695057379953,1
495,67,1824,5351.572255590317,0.17513617624673433,0.9642962252015216,40,0.0012109033124084684,0.002952396042346997,0.9783519467226559,0.6195553643572166,0.5378308743548692,1.631292901103372e-07,68.30492930210221,1
496,67,1864,5352.966946352653,0.29298633498982574,1.6131768028798992,40,0.0016253224598301065,0.0030014332455680576,1.000767916683371,0.7989173865461318,0.7657094861047026,1.545617422669029e-08,68.60147929182662,1
497,67,1904,5354.357064270651,0.25084731640003133,1.381160223377849,40,0.0013959721070474459,0.0030011338136013456,1.0007434675483422,0.4586376528181812,0.37776893156140273,1.0249197575072413e-07,71.42091362939308,1
498,67,1944,5355.74266142329,0.19753021082569638,1.087597324233756,40,0.0013599787200230939,0.0030695924234491736,1.005457900566778,0.9570404944623295,0.9510683158108608,4.092621902461744e-07,66.93850051430434,1
499,67,1984,5357.123748953141,0.235147854653174,1.294719306231969,40,0.0014597715268562922,0.0030161739011962205,0.9995385826443958,0.9159246389472856,0.9065179052228004,1.1269472264448179e-08,68.06321405745241,1
500,68,24,5206.743065157805,0.14655013396221644,0.8069020576505689,40,0.001082337399631723,0.0030661526301636035,0.9996596650936355,0.21854440967920657,0.15356184604088405,3.112884458263951e-07,58.67526038687022,1
501,68,64,5208.297485799901,0.1314797725548163,0.7239249541816354,40,0.0010815571568881834,0.003045683173950384,0.9686054567892525,0.769846392314149,0.7934106868738037,2.3524260272209222e-07,57.314876575394294,1
502,68,104,5209.848167254659,0.2111058848636873,1.162344709439644,40,0.0012578870260917785,0.002702152958583612,1.0012374443277354,0.18405184080000092,0.13024366920782413,1.5838069810664704e-07,58.31881167801833,1
503,68,144,5211.395126048769,0.047237338974588615,0.26008782787165524,40,0.0006532921839147473,0.003056870994835861,1.0047546374157557,0.42193420806461523,0.2755989395941573,1.6180744330196487e-07,58.70527038924235,1
504,68,184,5212.9384263941665,0.18415183449426775,1.0139362561883551,40,0.0012872772450035887,0.003070424579432223,0.9987290919299283,0.745879778671823,0.675230102839029,5.482384329762134e-08,57.31546789270151,1
505,68,224,5214.4781021634035,0.13489907480720098,0.7427515628552908,40,0.0010936088257574137,0.0030020246436989126,0.9926890899708775,0.8579063340263197,0.8304521600390143,2.1493662483474394e-08,56.74120765676864,1
506,68,264,5216.0141245806935,0.046429745475924836,0.255641234489591,40,0.0006037362738153033,0.0028049361543136505,0.9972955889155438,0.3597822183590245,0.2743901174354287,1.2892525701496358e-07,58.08224168609212,1
507,68,304,5217.54656459048,0.7239433064550302,3.9860171247030465,40,0.0018411453594571116,0.0028673831203003784,1.0029301606448855,0.30283970652782105,0.18373846069201785,1.2807461832606532e-06,57.322697633791414,1
508,68,344,5219.07528297154,0.14272407235292886,0.7858358402288369,40,0.0009775757350452066,0.002786011570705285,1.000836478450977,0.3631105300939812,0.27045890562875546,2.0902612449893095e-07,57.19966948486766,1
509,68,384,5220.600357666317,0.12271377118851172,0.6756595289063333,40,0.0010389956409493724,0.0029921124527880223,0.9913694869445289,0.7756734938193364,0.6999304335168173,2.679646865829792e-07,57.021680312705186,1
510,68,424,5222.121874504108,0.11472384816230245,0.6316671751908457,40,0.0010092217132469427,0.0030095379500891225,1.0033612053901448,0.7685972978673824,0.7035686504774448,2.1067856414239718e-07,57.19704773184003,1
511,68,464,5223.6396379394555,0.17775310812439377,0.9787049989073114,40,0.0012625645610424196,0.0029902833761315376,0.9837192940790782,0.7855676568554741,0.695029828766082,5.86240417887532e-08,55.60926876597231,1
512,68,504,5225.153774109515,0.06595035022701963,0.3631212873178118,40,0.0006947922835159964,0.00272637775871604,1.013455567087664,0.644281642620283,0.519194437014207,5.554154343208292e-07,59.03615559151969,1
513,68,544,5226.664157493993,0.11582654189362351,0.637738584453363,40,0.0009114810191658671,0.0026958237713391483,0.9967144798216626,0.4516587775388851,0.3108625133224885,1.3272123895120315e-06,57.95602190150345,1
514,68,584,5228.170890462455,0.038778171028394336,0.21351182116834028,40,0.0004252245879285015,0.002174820662363957,0.9997266290274606,0.18806265075847878,0.1464408017861575,3.683061747036212e-07,61.386079859988,1
515,68,624,5229.673769301444,0.08175181489590484,0.45012383047825344,40,0.000754648185188011,0.002798183198803912,1.000549121303307,0.5542836580576959,0.4336855439416464,2.3379800158586327e-07,56.09484871332097,1
516,68,664,5231.172932980757,0.08756663440270902,0.48214010844437694,40,0.0007953727027305669,0.002811968632850277,0.998537464335231,0.3345967502115938,0.23868166969762045,1.5151615325108202e-07,61.33112828930557,1
517,68,704,5232.668214314382,0.1453029676539438,0.8000351853170566,40,0.0010825546964978478,0.002824037045395982,1.004816611597629,0.8858685125922936,0.8610643837835606,1.7627020745827694e-07,58.89851904937075,1
518,68,744,5234.15975384513,0.1424853394716922,0.7845213818391341,40,0.0008688283081791261,0.0024920166346545534,0.9995758988371247,0.20106322604085658,0.14484637264525224,1.031801460503366e-07,61.56318335425197,1
519,68,784,5235.647327627478,0.0781812947736311,0.43046461928784785,40,0.0007586599552599895,0.002770522945893421,0.9935813294106317,0.43810411154960743,0.3290293938823276,6.935386557521988e-07,59.51734342855316,1
520,68,824,5237.131072206976,0.14926319136890914,0.8218400965646027,40,0.0010277283969111661,0.002665359550645792,1.00526420293035,0.48809013862064704,0.3954794317519548,1.231905080648199e-07,61.34801807696426,1
521,68,864,5238.610894157935,0.14880099382296108,0.8192952462749217,40,0.001090303902859603,0.0028275553174310223,0.9994372949349944,0.6147670318140003,0.5342120251228558,3.804563967519429e-07,61.00146938979007,1
522,68,904,5240.086750818971,0.28754880212572836,1.5832378574967858,40,0.0015346849090544035,0.0028562844763879453,1.0019224212781666,0.856256637537092,0.8114589205900866,7.332860052668429e-08,62.921915963903594,1
523,68,944,5241.558624803725,0.29674517822083385,1.6338729172776405,40,0.0015028544889171885,0.0028282405903503286,1.0029412321914768,0.6075444571502642,0.5038475816800223,5.09072169581272e-08,62.86982039657009,1
524,68,984,5243.026518743091,0.3778023888668337,2.0801722708799764,40,0.0017682591161785612,0.0028520982036515925,0.9552342086329851,0.5851022519547507,0.5656783868147056,1.146348527840701e-07,63.68383174246103,1
525,68,1024,5244.4903631060715,0.15041828945740138,0.828200043152116,40,0.001102319924207547,0.0027136798859316628,1.0175927617268559,0.44434170111417504,0.3475944969177751,2.1328700200814044e-07,62.69111522655144,1
526,68,1064,5245.950167338682,0.4266021880690552,2.3488629729939654,40,0.001868913010993944,0.0028632306169149285,0.9877027766936208,0.9607047555788261,0.9578442264754153,6.400829259973873e-08,64.15619162414941,1
527,68,1104,5247.405878862766,0.10753412103319886,0.5920806838136661,40,0.0009269273246239072,0.0028404121499028398,1.0200346810047656,0.8644744663530668,0.8336526667318771,1.4204411176540544e-07,69.35355289568824,1
528,68,1144,5248.857548468681,0.8233980659070568,4.533613007936239,40,0.002347802822103781,0.0027480627953429516,0.9937874956310417,0.4557500967583754,0.3409235104869579,2.389203087059407e-07,64.59279980775294,1
529,68,1184,5250.304999342242,0.2948361963677873,1.6233621020119378,40,0.0015284021069487761,0.0028036175601525177,1.0036450215021293,0.742975432468253,0.684070388803201,5.076155644889024e-08,63.66999453138196,1
530,68,1224,5251.748346559849,0.35988626184747996,1.9815264398173265,40,0.0013280939291594224,0.0027460995320619454,0.9999985526000813,0.3801200818540236,0.28606256751873815,2.248120234009441e-07,66.27873964333854,1
531,68,1264,5253.187521170072,0.20632382221497686,1.136014769734142,40,0.0013014805592940686,0.0028943846148550417,1.001062558289443,0.6545332589122915,0.5837493953059698,6.495935342878586e-08,64.98964068759332,1
532,68,1304,5254.622518808348,0.82321741770016,4.53261836258236,40,0.0023529816244568505,0.002799898224498247,1.0056529410099024,0.49506690950771187,0.3935685498077716,9.870353267101711e-08,67.55049981500075,1
533,68,1344,5256.053268367106,0.12105336314109676,0.6665173559599468,40,0.0008117779126596887,0.0027751916017081475,0.9975118827173379,0.38254140388427244,0.2846216139663672,1.4557184350936955e-07,64.2040382674255,1
534,68,1384,5257.479818374648,0.21356503817219735,1.1758847575519613,40,0.001294087658714697,0.002847067565168751,0.9863920130955902,0.7367784062064735,0.7195041294145862,1.1748034598849061e-07,67.06497145730798,1
535,68,1424,5258.902087326489,0.14239071445413473,0.7840003784165646,40,0.0010723894101204543,0.00283874149422506,1.0186135560579195,0.8046663309323719,0.7749807444240477,2.0696424059104207e-08,65.57270524748053,1
536,68,1464,5260.320120984681,0.0998064703509636,0.5495323962910625,40,0.0008954968875163236,0.0028273879575715912,0.9991504997511699,0.9041415274160969,0.8835517203780912,1.2356073795426087e-08,68.91074756291978,1
537,68,1504,5261.733807835022,0.13125533392643093,0.7226891996574729,40,0.0010088657547041677,0.002794717788852112,0.9999296465217854,0.7185990445511208,0.6480979298929389,3.9727430462429015e-08,65.75416230959422,1
538,68,1544,5263.143251055348,0.06718606892875814,0.36992512936252236,40,0.0006648325128381221,0.002713110261692908,0.9988602401862617,0.3567631630293659,0.2864903608482727,3.376320018331076e-07,71.47509708002508,1
539,68,1584,5264.548355060037,0.6580218299650076,3.6230548155940223,40,0.0014838554158342636,0.0025793476164079655,1.0050017261496509,0.35544222478872245,0.26480799733067667,1.5572344777414417e-06,68.36556145971791,1
540,68,1624,5265.949039721535,0.0819357046283619,0.4511363236059545,40,0.0005805747048809419,0.0026147265835795666,0.9950487690860057,0.2684822095400727,0.24716390497836493,7.784328610611644e-07,97.23179899430306,1
541,68,1664,5267.345455350422,2.1844033983209306,12.027280693571305,40,0.0022129305169140113,0.0021627308742300194,1.002453256438915,0.23984226839289735,0.182939784921444,3.8959158001904723e-07,121.85740562515096,1
542,68,1704,5268.737376767984,0.10905738233745757,0.6004677295809715,40,0.0009183691074383593,0.002922588400327491,0.98874330154254,0.7839836924159508,0.7215628469540735,3.582922789559203e-07,66.24321360839355,1
543,68,1744,5270.124969403303,0.07925828197658764,0.4363944889279058,40,0.0007370290173865469,0.002679342974130094,0.9973783576739924,0.22094478478843696,0.20098414035035375,3.460534849938889e-07,74.89866818846426,1
544,68,1784,5271.50831281359,0.031434561566182975,0.17307805679410732,40,0.00039990474024318356,0.0024497236255142875,1.0018147590290931,0.16488061572617588,0.13493139772847995,3.2697263633258145e-07,77.29515195493654,1
545,68,1824,5272.886924972683,0.09225907888107301,0.5079766123262441,40,0.0008945811165615083,0.002925079639167263,1.003452659571032,0.7838910177000757,0.7389901526832984,6.300908004028275e-08,68.94810133616309,1
546,68,1864,5274.261245709822,0.185525901473809,1.0215018410374785,40,0.0010477434789656977,0.002949538027636845,0.9991047582447093,0.38466761837877744,0.30774651158392036,2.5922863460900906e-07,67.17869715918721,1
547,68,1904,5275.631195406244,0.16101046825548707,0.8865203642333757,40,0.0012274024672918105,0.0030700162302460267,1.0144094157918024,0.6040270412460842,0.5607417766769579,2.865405772425554e-07,110.04268892100438,1
548,68,1944,5276.996773241395,0.14765433755821594,0.8129817801973042,40,0.0010486061663422313,0.0023922080375893737,0.9972281462942788,0.346798177325148,0.3099361143084364,1.870619726992258e-07,70.63458602508197,1
549,68,1984,5278.357775960192,0.09657556182914435,0.5317430796671088,40,0.0009415214827349822,0.0030204478551572227,0.9997410299086492,0.8810366953346261,0.861412289782854,3.289258180782797e-07,69.23032464546702,1
550,69,24,5131.296213467891,0.1084483323502586,0.5971143127358555,40,0.0010017260316998687,0.003004441057963789,0.9973127154254426,0.5829067781808444,0.47192682926738383,1.8175720988233563e-07,62.5379936664313,1
551,69,64,5132.828263605623,0.588318007852535,3.2392669883978753,40,0.001976589396604216,0.0031261755989709997,0.9970250904481144,0.4629021072539806,0.35528558700220453,2.1551265031502453e-07,61.77365310748069,1
552,69,104,5134.356436519475,0.13327061938569795,0.7337853204174518,40,0.0011247660722946576,0.003069275691793772,1.0098385454156498,0.32757595299654974,0.24721851350567223,1.1781642814404799e-07,59.560346768368916,1
553,69,144,5135.880860940007,0.17190653753161636,0.9465139001074448,40,0.0013071350875694188,0.0031102887755539276,0.9709838672905267,0.8662480708597604,0.8806356276952579,1.285760142242821e-07,57.49988986226348,1
554,69,184,5137.401629645885,0.16525305600526885,0.9098799661150404,40,0.0012278199148976472,0.0030013362950259883,1.0049747194948337,0.832607726923595,0.7832923728305813,1.671447623868948e-07,57.499335356672006,1
555,69,224,5138.918729160941,0.4852395035015453,2.6717188394360964,40,0.001892417236706746,0.002947193233008,0.9996935863952711,0.39952930771573847,0.29588905543087934,2.4354972663987886e-07,57.296356820879325,1
556,69,264,5140.432275954744,0.08698448624562558,0.4789348125288561,40,0.0006416946861003815,0.0028493417190909266,0.9996635398055252,0.25032775723517714,0.17978647946568224,1.7409378367676842e-07,57.21145715541181,1
557,69,304,5141.942184750338,0.09378847315270383,0.5163974260871927,40,0.0009267382552111329,0.0030096276362240187,1.0030102920656532,0.8600069416776743,0.8154769344453444,3.5138809028263804e-07,57.04652189693406,1
558,69,344,5143.448591185035,0.08385117127159399,0.46168284399455733,40,0.0007042989118477939,0.0027513887252954847,1.0000471678486065,0.3383614580698329,0.25646496545338515,4.249783258058923e-07,58.03183553021193,1
559,69,384,5144.951433745828,0.16135230422130795,0.8884025061103046,40,0.0011722399832649884,0.003003472656120526,1.0024911396350638,0.3652249410772017,0.2526715961294757,6.152829479824167e-07,56.311174192043715,1
560,69,424,5146.450717672995,0.05030514858677267,0.2769791252156053,40,0.0006267901331412275,0.002880548082888658,0.9987416801640562,0.5856489026693341,0.4498776668812267,2.509264365416204e-07,57.1025424052861,1
561,69,464,5147.946434295443,0.09329235312256315,0.5136657992893258,40,0.0008318457484730371,0.0027089109157356845,0.9883777680452562,0.4342175137605423,0.315441473185627,2.026592075830831e-07,57.07805196355364,1
562,69,504,5149.438577737463,0.13795181168317505,0.7595598700201571,40,0.0008943317319547083,0.002661011664756926,1.010449880936879,0.4045604266841904,0.2927218092107577,2.448595530029826e-07,57.52482736996862,1
563,69,544,5150.927119575211,0.16678936618916795,0.9183388587483103,40,0.0011562998318615225,0.0028257616908758626,0.9965976064522923,0.8201136840217186,0.7734687176947949,7.662489479731894e-08,57.41329472771856,1
564,69,584,5152.411992484109,0.13344571431906244,0.7347493895601822,40,0.0009950953128568432,0.0028512257384346942,0.9848532732672735,0.3194307488247177,0.2251330680346003,4.4991528406173916e-07,57.135699310098964,1
565,69,624,5153.893287992869,0.12517438496850603,0.6892076183449458,40,0.0010163389896392535,0.002831230506954306,1.011547705822728,0.3556169075566235,0.25220837456041983,2.6366945242877973e-07,60.8398440570656,1
566,69,664,5155.370833833836,0.05374668497933355,0.29592815461296257,40,0.0006433584117393356,0.0027288540171825923,1.0035914038328195,0.48356206756610187,0.3697545937686059,2.187667860984935e-07,58.399181638565906,1
567,69,704,5156.844658872014,0.07320069531777382,0.4030415399592361,40,0.0007116029181955497,0.00273023619717685,0.9983877539355777,0.4811001928514332,0.3644608128715428,2.627226574440679e-07,60.640550420615256,1
568,69,744,5158.314696759857,0.054610031857826646,0.30068172497067974,40,0.000647253421960304,0.002777767240743287,1.010427628392825,0.787979574035562,0.760634731196121,2.7672144484422703e-08,59.70685520027956,1
569,69,784,5159.780960076331,0.27434376247875536,1.5105311777113755,40,0.0014494096511461177,0.0028106627298318523,0.9970782227838443,0.523606434187551,0.408118787086046,1.0540151966006379e-07,61.27173468283452,1
570,69,824,5161.24334914705,0.28542692159172744,1.5715548264228227,40,0.0015161462676111105,0.002885912847702569,0.9993415219155782,0.9038227400521284,0.8895277889958335,9.990285883096645e-08,60.378136940059534,1
571,69,864,5162.701895708119,0.15299234396211359,0.8423727349143255,40,0.0011078541762782172,0.002824183871329872,0.9746331622991601,0.8296158278463308,0.8594453474167235,1.6324197701126244e-07,62.050309260526966,1
572,69,904,5164.15649924198,0.30969639095123724,1.7051820312217265,40,0.001488352635409996,0.00277868984884174,1.0108540431894057,0.314405043397103,0.23188228949235223,1.2364694942527224e-07,62.28190467828139,1
573,69,944,5165.607173536149,0.11249914235486616,0.619417990252193,40,0.0009536772923895696,0.0027940995271300223,0.9989261983079349,0.688291871583565,0.6308469522740529,4.60455264183422e-07,62.10321774770237,1
574,69,984,5167.053852525516,0.05656441856156651,0.31144253842103925,40,0.0005863001506140734,0.0026284259200425025,0.9990617674550705,0.3433983925837138,0.26018601387064666,3.006503005029552e-07,62.3105007246789,1
575,69,1024,5168.496558437015,0.07084143486799654,0.39005149989588345,40,0.0005882125287265785,0.0019659484760558626,1.000595911853193,0.14977795160702712,0.12689436298603748,2.4037372209905466e-07,64.90152315894551,1
576,69,1064,5169.935190481328,0.05049698695148823,0.2780353833508944,40,0.0005235328078498478,0.0024495281493355963,1.0006931483020818,0.2503491226505808,0.21713755963190254,2.1308092126689453e-07,63.99201842809797,1
577,69,1104,5171.369756777063,0.10680651698417794,0.5880745107148326,40,0.0009278149012290881,0.002893832367594255,1.0201073593088608,0.7314599061942926,0.6659481293062757,1.2665545306146113e-07,67.45087912444001,1
578,69,1144,5172.800275327713,0.0418958155081947,0.23067750828004518,40,0.0005383903274812969,0.002334666878447451,0.9945795062833671,0.24769800150339008,0.19921257819372273,1.3732456729603644e-07,63.59254893879826,1
579,69,1184,5174.226695281248,0.08041929773237193,0.44278701807119947,40,0.0004219854173482543,0.0016822537916438612,0.99783725844052,0.12227576375877232,0.10328092087617176,2.932627334154517e-07,66.52239352740496,1
580,69,1224,5175.648934863037,0.08060325724647581,0.443799895415229,40,0.0007862255223500099,0.0027506747060689393,1.0117221502354372,0.43201492788926005,0.3366735139437692,1.5411122725860308e-07,65.02187397114788,1
581,69,1264,5177.067095001634,0.16483215897554765,0.9075625156279012,40,0.0011674355317545506,0.0028686231677755285,0.9327045435994822,0.8606451567448037,0.8987646602190191,5.690828158203254e-08,66.12107852633838,1
582,69,1304,5178.481106862663,0.23484216647684764,1.293036193348969,40,0.001334363724887684,0.0028449752076505136,1.0230856947547293,0.6041221022296528,0.5153478367352999,7.125053293317232e-08,83.87530072802932,1
583,69,1344,5179.890959699118,0.1936676661412164,1.0663302317418601,40,0.0012424694170041417,0.0028566437140382815,0.999650995080553,0.789259330979425,0.7381269239081968,1.7550893237069714e-08,67.42311643404484,1
584,69,1384,5181.296647055911,0.10551447076982438,0.5809605305310254,40,0.0009063037808568384,0.002776174016989207,0.9999997015598288,0.628254324084422,0.5419509275205203,4.894193703533632e-08,66.8075178395512,1
585,69,1424,5182.698163320477,0.21357995101028465,1.1759668673352328,40,0.0012401034517758366,0.00262327754965668,0.9998143084910448,0.7662161432788371,0.7380228738815582,1.1938531144442153e-07,67.76451507565001,1
586,69,1464,5184.095513783992,0.02471364703713703,0.13607283806002574,40,0.0003343621894980265,0.002037060599033473,0.9983381090317286,0.2575220689602611,0.27202259824153163,4.0839175664795864e-07,65.38648010295316,1
587,69,1504,5185.488719033359,0.02285453828916296,0.125836623096734,40,0.00028808188730360844,0.001658140167150983,1.0016744687220918,0.10364648636512319,0.086325824312357,2.32530959399892e-07,79.44194657984593,1
588,69,1544,5186.877484089882,0.17921483431902066,0.9867532336122368,40,0.001235001989839872,0.0027576406413773197,0.9974097290797482,0.533506830060666,0.44072445730993687,2.4221742483854275e-07,65.09226755732705,1
589,69,1584,5188.262392091152,0.5570403733531215,3.067052968842451,40,0.002206227716333162,0.003022918654601113,nan,0.865463093449637,0.8240920943808498,4.6905216264345847e-07,71.1605431657771,1
590,69,1624,5189.642621047102,0.3365550140010036,1.8530650635914208,40,0.0014489728946737793,0.0028273446466684166,1.0010249687664006,0.36709715678327476,0.2958338659480827,1.7560665204454922e-07,73.8099102390345,1
591,69,1664,5191.018955195936,0.12034992580239154,0.6626442442767065,40,0.0010273695176533685,0.0029536089461159676,0.9926220628203011,0.946469152398444,0.9380444844171939,4.6168390668316365e-07,68.5574716511875,1
592,69,1704,5192.390792880282,0.13603605307895314,0.749011742100281,40,0.0010407572044845105,0.0028162944479707694,1.000933203166502,0.24817967505856778,0.1817588986918648,1.8276117018036467e-07,67.68912927496511,1
593,69,1744,5193.758705916195,0.0854368441028053,0.47041352636018996,40,0.0007022266620327393,0.002452244123877388,0.9996790136577745,0.231064926790448,0.17551241327448183,6.00243503471725e-07,73.12231951126998,1
594,69,1784,5195.121927023913,0.07630814629560037,0.4201511018563475,40,0.0007909278645948871,0.0029047696983973306,0.9989308897381417,0.8492255475190308,0.8186953909762802,1.8008650917965234e-07,61.76090154246301,1
595,69,1824,5196.480906989456,0.05613516158153564,0.30907905821748605,40,0.0005462479419655218,0.002812011718094179,0.9998615488574613,0.2727194720999956,0.20034857776866727,3.9133624431274954e-07,73.46282555197764,1
596,69,1864,5197.835581547551,0.06506246942397824,0.35823263367040364,40,0.000726853485272637,0.002903955989978572,1.006505332757007,0.48648920675166607,0.3830754428739886,9.083092296285728e-07,65.33188220432444,1
597,69,1904,5199.1857490551765,0.0802150542875271,0.441662457816963,40,0.0008173501458053028,0.002968318220764294,0.9900716151365003,0.4478745868104496,0.3533134012421934,2.7835347204023936e-07,74.45333296553926,1
598,69,1944,5200.531390620335,0.10121991658557941,0.5573148025178899,40,0.0009421002691598212,0.0029756545894867106,1.0031701284032,0.36860531520123346,0.27891663249714677,1.5939755305991858e-07,74.46200042712913,1
599,69,1984,5201.872583113047,0.06277953945013114,0.34566286765542126,40,0.0007222272289181814,0.002939323785157611,1.0002685487341634,0.6525832363754264,0.5724319727820203,5.446406069524118e-08,72.42349661706224,1
600,70,24,5058.003432709656,0.18805158702483454,1.0354082143242218,40,0.0013378591600956501,0.0031117473677988654,1.0081620101832849,0.7778244624030358,0.7192864922850634,5.8361073501540175e-08,55.3426660722254,1
601,70,64,5059.51340589698,0.16963889928185436,0.9340283300143336,40,0.0012169676339304572,0.0030994988322816633,0.9876981278363177,0.7476811591664925,0.6938267574862307,2.985653082841065e-08,56.61325106481055,1
602,70,104,5061.019882122446,0.15589553917763782,0.85835766873753,40,0.0012019546598185508,0.003122819063933729,0.999671617648436,0.5688451961495806,0.441311213323758,7.791500924271071e-08,57.870143164218476,1
603,70,144,5062.522874073966,0.1129680205031139,0.6219996238022929,40,0.0010646691658652732,0.003161168114612066,nan,0.939874298854109,0.9287131692192355,9.040662848808587e-08,56.95075345590256,1
604,70,184,5064.022293778437,0.14960489755470746,0.8237215238753663,40,0.0011994382695047772,0.003160100813561953,1.020527715717382,0.8797903388397009,0.843880592919986,1.3920624716508497e-08,55.43377546807715,1
605,70,224,5065.518220026623,0.10754879295892783,0.5921614671383914,40,0.000946952280562486,0.003046775643828631,0.9976971942947567,0.3440362552543812,0.28162444500409517,2.9144757023666625e-07,59.648478608985776,1
606,70,264,5067.010570123092,0.13452592059143612,0.7406969833309944,40,0.0009985265522123082,0.003012501678632354,1.002148417262792,0.34580901976134326,0.26575307590966457,2.420787761480363e-06,55.96832291886386,1
607,70,304,5068.499386052435,0.17726935168443947,0.9760414457856099,40,0.0011809417610492423,0.002969442662131134,1.0003122197202947,0.506691693073697,0.37566790540699824,1.194373368229026e-07,58.10333959205461,1
608,70,344,5069.98465564495,0.10915173317600776,0.6009872233795021,40,0.0009851402263595713,0.0028931546434605654,1.0039969739706474,0.3320519199429259,0.24314175609930422,1.6149957857269717e-07,57.83189366141467,1
609,70,384,5071.466253666746,0.10231705113456238,0.5633556030354939,40,0.0009384203038585974,0.002962721418277114,0.9883888993924478,0.8862716824562985,0.8579979751392472,4.479128814991727e-08,57.81914941879975,1
610,70,424,5072.944284922296,0.048949080333090464,0.2695126409850764,40,0.0006329139239587046,0.0028464484712346153,1.0010202659514453,0.43360493156052754,0.31732257178486056,2.166859777757621e-07,58.613860841444385,1
611,70,464,5074.418672260781,0.09447707965514346,0.5201888794875243,40,0.0008644888967984126,0.002817356238839646,0.9989212026366115,0.4984487252117064,0.3631173972240197,1.761614169750075e-06,57.69626106120159,1
612,70,504,5075.8895182313245,0.12178688296597533,0.6705561012003612,40,0.0009479510353473536,0.0028675353674233535,1.0045252592489113,0.34022458026565644,0.24577409135464318,1.398018660112738e-07,59.43212743528604,1
613,70,544,5077.356630950256,0.1167423336882677,0.642780915452995,40,0.0009093542288094483,0.002855906336280553,0.9956395070428458,0.4673706395810353,0.37985167474319864,7.91586539863273e-08,58.62514226768803,1
614,70,584,5078.820140429903,0.41280331157142597,2.2728866395839,40,0.0018504773428999134,0.0029183315813506175,0.9892250047246794,0.912763245176317,0.8856493765998249,9.633381213904251e-09,61.04023319153742,1
615,70,624,5080.279941585193,0.29870327315162737,1.6446541481507546,40,0.0012330802512358536,0.0027997505221125756,1.0049956158859445,0.33232154503889205,0.22871211668248914,4.977177357365327e-07,58.50002756681173,1
616,70,664,5081.736078184238,0.14322199069843536,0.7885773685145412,40,0.0007658244927475528,0.0024694891800120453,1.0026578115768154,0.3511652440719544,0.24471453692471226,5.065243875663216e-07,60.50692362622238,1
617,70,704,5083.1884255520035,0.09727779387162575,0.535609555013849,40,0.0008596590066341145,0.0028429697180301977,0.9834041587568101,0.5165111982413962,0.39853252936926753,2.2163728286881078e-07,59.01310659805586,1
618,70,744,5084.637117304838,0.08374411858352832,0.46109341407087345,40,0.0008066838860908438,0.0027206816677845455,1.002960549628383,0.3161186748276358,0.21280792178284652,4.465595687921819e-07,60.8576288420445,1
619,70,784,5086.081977284166,0.10749312395107817,0.5918549547131429,40,0.0009109342966154626,0.002770157067542323,1.002839858263792,0.44494290734980324,0.3607561495043101,1.2618083489582254e-07,60.3032362818417,1
620,70,824,5087.523110496804,0.11317765905900738,0.6231538894282592,40,0.0009408885280141316,0.0028188278563090457,0.9774192983101192,0.8680117101355485,0.8292899714740167,8.339904316606096e-08,60.032678824926776,1
621,70,864,5088.9604199253245,0.17684928584540366,0.9737285718174831,40,0.0011486141501975003,0.002855798107324106,1.0041611212858719,0.627729267469499,0.5311471903837551,1.1348157912580076e-07,61.70923300434551,1
622,70,904,5090.393933375792,0.08302213722852321,0.45711819941095944,40,0.000836367153724074,0.0028354649821972612,1.0034586815126842,0.7484284032418224,0.6840931062999036,3.284330784061034e-07,59.42616327166375,1
623,70,944,5091.823688907296,5.941311926349174,32.71274265604573,40,0.00506504079308242,0.0009535561156136185,1.0005401697739287,0.19156001097771153,0.1386482687321216,4.31778897961776e-07,65.13562656621548,1
624,70,984,5093.249485083064,0.00020463778639252822,0.0011267314907795344,40,1.7007681526486086e-05,0.0011295892984131226,1.000045783638297,0.3977398779570012,0.3973152660565227,1.959498750591611e-07,61.54820358207181,1
625,70,1024,5094.671391803303,0.0006534387325268708,0.0035978203742921874,40,5.879645931279598e-05,0.0016445746881843379,1.0000034087992316,0.665270735602899,0.6646614094362976,1.531568401072575e-07,72.05610431100352,1
626,70,1064,5096.089245205352,0.19486471774378322,1.072921173524787,40,0.0012417893576799933,0.002786928305276926,0.9991663990048613,0.7466624211702007,0.6842629209203942,7.1057543289454e-08,60.62423264574738,1
627,70,1104,5097.503284838287,0.09267400315419247,0.5102611769369839,40,0.0008814264385778014,0.0029050876217765094,0.9710667341061181,0.5548742159441323,0.5801122824799153,1.2115541143482435e-07,64.09084337317968,1
628,70,1144,5098.913365329206,0.07236224913516498,0.3984250723267277,40,0.0007145385536700713,0.002751863142974617,1.0139081181117091,0.4145295682504945,0.3324516688248559,6.83638669079574e-07,63.07023163138481,1
629,70,1184,5100.319473589533,0.04662601814185584,0.2567219077972054,40,0.0005643660147262969,0.0025011040990017153,0.9979226944483521,0.3287548088724388,0.2637156213784176,3.091200224532986e-07,67.19425440267662,1
630,70,1224,5101.721534298224,0.12174764181409012,0.6703400402160096,40,0.0009730688169980726,0.002762503176328818,1.0047859329230564,0.4676768412285969,0.37815463663009413,1.594959036754315e-07,64.37238336917069,1
631,70,1264,5103.119578656205,0.2967141222253644,1.6337019235980774,40,0.001591596319619026,0.0029204296767196903,nan,0.9323002193177866,0.9144607933125266,1.2292976777668316e-07,63.84213310373235,1
632,70,1304,5104.513564202672,0.18543026806938637,1.0209752854573337,40,0.0012055935945378257,0.002860090435489342,0.9928175643505694,0.6347385848790651,0.5353228515709734,8.272505802790985e-08,80.23798435590115,1
633,70,1344,5105.903313622103,0.10239429435702782,0.5637809026477276,40,0.0008891142070945199,0.0028561936592010877,1.0008467272270367,0.7304196421492668,0.6666480731452363,2.1713044142557725e-07,64.54733074865581,1
634,70,1384,5107.289252782668,0.18190428179562348,1.0015612767312794,40,0.0011624365611902672,0.0027776446019591467,1.0032209300750117,0.414284766442533,0.3473214755130907,1.0351474705396757e-07,64.6486141571834,1
635,70,1424,5108.670983340448,0.19163812228263413,1.0551556045251815,40,0.0012005715790467557,0.0028153878898627732,0.9990886951050144,0.32969954861569056,0.23280251768568574,3.071616320557473e-07,69.28117294133985,1
636,70,1464,5110.048431671694,0.044454005513418646,0.24476285043066048,40,0.0005800740339157734,0.0028073179514058154,1.0035433752941463,0.8243718136333118,0.7793457507060647,1.2295664777396542e-07,66.38064825192798,1
637,70,1504,5111.421801646773,0.07269482627672333,0.4002562353055358,40,0.000682140419945784,0.002664747248280055,1.0020558727598232,0.24892463039788357,0.19312697495152134,2.7444633227449056e-07,68.57793770035836,1
638,70,1544,5112.7909793325025,0.1153821515080069,0.6352917800263768,40,0.00098526997609487,0.002870936582577957,0.9833836455002898,0.8975273072700235,0.8836386722124214,7.075256204134951e-08,66.78458394094542,1
639,70,1584,5114.15594552042,0.2198282666231309,1.210369966046529,40,0.0013818237164254887,0.0029484557386986465,1.0092088378009656,0.782961208553862,0.7238661662008838,3.971082635570331e-08,66.71903958271608,1
640,70,1624,5115.516727114224,0.16185599894909092,0.8911758390393664,40,0.0011807671297622364,0.0029758109149711203,0.9944252234902373,0.9007362772873888,0.8926293030632196,5.6940031304161795e-08,65.96235253227378,1
641,70,1664,5116.873257199793,0.11269136909908392,0.620476386797124,40,0.000899394139346506,0.0028777982864528467,1.0004407626337555,0.4650773320116341,0.35447675992462563,1.2012631355969012e-07,69.64523621683078,1
642,70,1704,5118.2255592824995,0.2823250917686023,1.5544762144891968,40,0.0015509605775349922,0.002907779321141635,0.999670288909225,0.8752730664865074,0.8612945924298668,5.895137467829908e-08,67.4839813775013,1
643,70,1744,5119.573618228144,0.09815381963781214,0.5404329350693935,40,0.0009232906649579996,0.0029537599463956977,1.0004032874670408,0.7918190598064507,0.752113364731927,2.4251822403941295e-08,69.69646008539831,1
644,70,1784,5120.917431402762,0.1260996470359058,0.6943020924738018,40,0.0010727849364440686,0.003034134088602301,0.9718293630506767,0.8526764384292677,0.8243281428656632,4.584175904074835e-08,69.74396936560868,1
645,70,1824,5122.256995584454,0.10000412067667619,0.5506206549654211,40,0.0008733245132856937,0.00293436503308876,1.0163536370597681,0.44446100774597835,0.36960833772005686,1.0036840100871875e-07,66.81834281383317,1
646,70,1864,5123.592334270601,0.0953190686890341,0.5248248539871501,40,0.0009247079118883045,0.0029734257529289037,0.9822590545018101,0.5447928352522936,0.5012235348445064,1.2602849254944198e-07,68.84611011755696,1
647,70,1904,5124.923494188728,0.024275874668678383,0.13366247230094075,40,0.00042997830280412446,0.0028582061943768352,1.0004401245261816,0.32535183086878694,0.24566820884645585,2.2964885708899183e-07,67.313972159876,1
648,70,1944,5126.2502862342935,0.13825249865398082,0.7612154463672551,40,0.0011164313141756453,0.0030017623821551242,1.0006875022857808,0.343125998430674,0.29224379345376356,1.2052115757475483e-07,72.48369442305918,1
649,70,1984,5127.572829308185,0.12469395487212642,0.6865623800033288,40,0.001059856561447814,0.0030551342851039623,1.0002897269055635,0.4894806047065088,0.40606686287353483,1.845979095808251e-07,61.9116511766245,1
650,71,24,4986.777705229148,0.31980214896735537,1.7608241293683362,40,0.0014037879537014246,0.002877629359739076,1.0075097029107392,0.3847102787953036,0.2729229364653932,2.7941149894257177e-07,67.38564124205017,1
651,71,64,4988.267017510743,0.1427111131184518,0.7857644869473189,40,0.001190459927742141,0.0031761054875419697,0.9589037405002486,0.8410476024040159,0.7886077682613283,9.433602287361478e-08,63.732471668226154,1
652,71,104,4989.752492342551,0.33419595699961124,1.8400761437107385,40,0.00177259737172502,0.003080588008372331,1.0034494670861078,0.4439672119272454,0.33043263870576606,1.1289169103361931e-07,63.27778620293677,1
653,71,144,4991.234093578078,0.04559575226724337,0.2510492848409801,40,0.0006283361989207993,0.0031255886963683496,0.998538353594702,0.7407248599848558,0.6624162848883112,1.3452446681288912e-06,58.12840996808635,1
654,71,184,4992.7120677436415,0.14565536448996502,0.8019754751305643,40,0.0010685864524697254,0.003060079673871869,0.9989236309244913,0.33124846909618527,0.2249230753089452,2.9911141424074405e-07,62.548891531904474,1
655,71,224,4994.186341329737,0.09189659953580935,0.5059808084218649,40,0.0008864202954378871,0.003017540312318304,0.9982736488362383,0.6408464461605258,0.5710444289219674,1.2658036545046947e-07,57.91280055378707,1
656,71,264,4995.657123520417,0.15881327701663986,0.8744226739498941,40,0.0011737420353883363,0.0030278398600369744,1.0039097811347508,0.33294170750732394,0.2247568869485482,3.126883637979076e-07,56.65534908937492,1
657,71,304,4997.124367896704,0.06680123710540527,0.3678062531682985,40,0.0007812612083812662,0.003044566979694449,0.9964980098101434,0.8205504009171072,0.7538892655890687,7.331525959756003e-08,57.22747957117891,1
658,71,344,4998.588151157121,0.16059288099829114,0.8842211372864598,40,0.0012386253953823767,0.0030870880653330445,0.9987647846512339,0.6363569646666287,0.547757162434152,1.5272582762651316e-07,56.03410259249127,1
659,71,384,5000.048490470335,0.11729593109338224,0.645829011508725,40,0.0010152792336612616,0.002995545505675879,1.0281603741783554,0.3500306589566292,0.22643645677689625,2.8260940893990305e-07,56.87522766419018,1
660,71,424,5001.50536238174,0.13293160046916325,0.7319186891566107,40,0.0010725238759522063,0.002962258761275816,0.9803260395530117,0.5016140922334562,0.3989156438741362,3.2163699084382005e-07,55.45112470322592,1
661,71,464,5002.958815488906,0.14927644377155766,0.8219130640241116,40,0.0011020676342135105,0.0029248688313466666,0.9936689529420044,0.31637709963910526,0.2240986531823022,6.970436258291662e-06,58.36624553748016,1
662,71,504,5004.4087542381985,0.06213894781708808,0.3421357831496545,40,0.0006553775227402316,0.0029022526062469868,1.0003988174878413,0.4514215762488069,0.31324530246915694,2.1571554347168889e-07,57.01221703906897,1
663,71,544,5005.855258663463,0.12592233650951398,0.6933258243209147,40,0.0009813184335433103,0.002746700055256298,0.9990269224815997,0.6071296494348098,0.5177273628360429,3.088351572494471e-06,58.83879986224569,1
664,71,584,5007.29822319955,0.1860423353542811,1.024345315482209,40,0.000898152915324894,0.0025257670291358577,1.0006824257375488,0.22523765894570347,0.16296503336382454,2.9546036719001605e-07,57.39669337616165,1
665,71,624,5008.737642628308,0.1385825767311562,0.7630328495483866,40,0.0009892808774205999,0.0027723497454560375,0.9998690048361585,0.24153124369408935,0.2086082532362784,2.141715012586879e-07,59.89838921994875,1
666,71,664,5010.173472787233,0.08777863899880076,0.48330740143956386,40,0.0008599640282934847,0.0029258545824573457,1.0094372092041834,0.7746918953900281,0.6921640864140426,2.5400464167731123e-07,60.11165646387156,1
667,71,704,5011.605663211386,0.15368829586669516,0.8462046319494895,40,0.0011334649703116306,0.0028404706056674054,0.9972130863205911,0.6207696235390189,0.5203164051972505,1.1961430480979652e-07,59.74615014249683,1
668,71,744,5013.034243986049,0.08375874128323228,0.46117392635810606,40,0.0007839043528194974,0.002894504806524815,1.0094979919559535,0.2375799283475191,0.18212516796160633,2.9154439293698284e-07,59.461964029847145,1
669,71,784,5014.459085898681,0.10518535849603765,0.5791484450437133,40,0.0009215702673479213,0.002693855461422036,0.9911647168926087,0.5428462983707382,0.4459929310131384,1.3546948002438133e-06,60.20975569227159,1
670,71,824,5015.8802183107255,0.1569043463668167,0.8639121406080982,40,0.0008192949126944543,0.0027151028988108405,0.9992876073069464,0.2920964539955868,0.24508792976491636,3.3100583004970846e-07,62.258958331590925,1
671,71,864,5017.297551275656,0.142623499821766,0.7852820899172926,40,0.0010433492152667804,0.002879696975027362,0.9937395229201665,0.5194435963950751,0.41373745566813414,4.759612751382003e-07,61.21475161135489,1
672,71,904,5018.71109073425,0.08185853979123207,0.4507114555817848,40,0.0007319667246454672,0.0026506378233629897,0.999055829034172,0.4138404780156473,0.3140824480069759,1.4015800987360825e-06,77.53537928734376,1
673,71,944,5020.120900410764,0.3540443276306391,1.9493608688090904,40,0.001391188537390664,0.0028052776631442696,1.0020430030226226,0.2683070742474845,0.2143784915943101,1.6841385067422322e-07,70.99280821988442,1
674,71,984,5021.526586555487,0.2054173069243017,1.1310235149767356,40,0.0012386461849892797,0.002737989730107005,0.9996805801003703,0.4452011276116045,0.3335311540776114,1.1966462085002814e-07,63.48579815839256,1
675,71,1024,5022.928506590574,0.05539287399675539,0.3049920378693362,40,0.0006350572851411628,0.0026263782601249,1.003283704515753,0.39136754555602427,0.30179462314204053,1.696405591756145e-07,62.54936229583519,1
676,71,1064,5024.326480716492,0.13569098376213812,0.7471117974585252,40,0.0009633375218193456,0.002761865554090568,0.9954625467309461,0.48240434470975824,0.37581718836840755,2.8458686303322633e-07,64.60309949948721,1
677,71,1104,5025.720509824241,0.07800305277916637,0.42948322249069165,40,0.0007792002642340429,0.00284981210522234,1.005462303531884,0.49683388907794973,0.39294609307991885,3.5416893884508786e-07,67.91015061058333,1
678,71,1144,5027.110589559496,0.2232651245650191,1.229293235989614,40,0.0013438990094119876,0.002832233007901786,0.9969050627925266,0.614774491976834,0.5378366871715191,3.900118880822214e-06,65.15540517490096,1
679,71,1184,5028.496715438892,0.13414250882068432,0.7385859259175168,40,0.0009660342148118409,0.002665249751814449,0.9993404149749688,0.37984195500987017,0.31687785273657004,2.0738672000129466e-07,64.74712397267686,1
680,71,1224,5029.878761748301,0.2530218833065524,1.3931333445475853,40,0.001443547433293606,0.0028718450833100633,1.0003707578600674,0.45110707667365174,0.3540094039078848,2.3667565607226704e-07,66.35057980346829,1
681,71,1264,5031.256847125114,0.13191693643611355,0.7263319696227827,40,0.0010644557401393534,0.002869407076051049,0.9936343757058125,0.6260883514584379,0.5354259168384788,5.307040124492393e-06,61.97851576407302,1
682,71,1304,5032.630928212611,0.4150880267949019,2.285466235147038,40,0.0017213257413918332,0.002777393788573375,1.0066751644582355,0.47576891282958833,0.36959728213571463,1.1040615480710202e-07,68.49262718152823,1
683,71,1344,5034.000977914266,0.12703813601807776,0.6994693937264379,40,0.0010220427389698878,0.002909784678590731,0.9962107023239349,0.8123810626237646,0.7712258179766325,4.0703993725173374e-08,66.62956654418122,1
684,71,1384,5035.36696377929,0.14002741965712595,0.7709881253193895,40,0.0010837664173910647,0.0028953292552714623,0.9994233029526604,0.9279661441654847,0.9189540963025766,8.943902578263698e-09,67.06618431347563,1
685,71,1424,5036.728943217175,0.06566051248777395,0.3615254466190757,40,0.0006992429475459247,0.002788176832799486,0.9984199523044027,0.35372900075645825,0.27239517447010175,3.1885030619075234e-06,66.75347198352394,1
686,71,1464,5038.086829040966,0.20933735523497504,1.152607221265175,40,0.0012283354691332514,0.0028185616746060275,1.0045677291596833,0.50065960482285,0.3986008271238877,2.6348825550264794e-07,66.61278046837265,1
687,71,1504,5039.440632253389,0.032848297279877745,0.18086205688685722,40,0.0005127564679521285,0.0028130317584679036,0.9964979626997484,0.5151455239484836,0.4259593773701838,3.988355652452417e-07,68.3821378485381,1
688,71,1544,5040.790418936353,0.10034951712612954,0.5525224007928317,40,0.000844407657013711,0.002721651541724757,0.9992294048296557,0.4216167209335577,0.32188599965472003,3.789553390904553e-07,69.84978607369028,1
689,71,1584,5042.136296710956,0.10166330457388036,0.5597560877656388,40,0.0007188561521921706,0.002480407158176984,0.9941177524010949,0.2829330667246338,0.2111173595328907,5.905153221317641e-07,68.52882987305634,1
690,71,1624,5043.477730372209,0.03704873024297574,0.20398955537021504,40,0.00044924282388650723,0.0028162746080182587,1.008197242314024,0.2647172065535129,0.20887426515220484,2.3180376598729398e-07,78.08428903205535,1
691,71,1664,5044.815093141721,0.22485476769252796,1.238045778725929,40,0.00138663134782906,0.002954402585023982,1.023020366336377,0.4748119690165884,0.36611396961029186,1.057524375611621e-07,63.49884980878916,1
692,71,1704,5046.148399892567,0.2472718501945516,1.361473779153885,40,0.0015045396294852862,0.0030399783559621144,0.962233893528223,0.58062470789304,0.5486445932128324,1.0322074545763415e-07,72.39672052058921,1
693,71,1744,5047.477525690019,0.20110912761775585,1.1073027673172642,40,0.0013755251542223285,0.003087926295798142,nan,0.9727817137515042,0.9690802656721943,2.8274235580993502e-08,64.42497479630622,1
694,71,1784,5048.802549963757,0.09264420654416679,0.5100971174080657,40,0.0008871079231876858,0.0029659202970630572,1.0031888316847206,0.6944372769977551,0.6438252525121938,2.0211745072162138e-07,162.0536233241984,1
695,71,1824,5050.123412482748,1.9126146347712463,10.530817288010134,40,0.0032214529832020476,0.0029149169218852435,0.9982210449523153,0.5207718803643437,0.3510907213972409,1.546361026372223e-06,84.66905091889232,1
696,71,1864,5051.439952894285,0.09259593509754213,0.5098313358045004,40,0.000861653986809068,0.0029442209735517366,1.0007533487072144,0.2736944778239074,0.21184214771572632,1.573123032848217e-07,78.43677572190376,1
697,71,1904,5052.752350123636,0.09652233722029398,0.5314500260530459,40,0.0008997478337963741,0.0028855470141928227,1.001089770102454,0.2721615391460936,0.1927221683931429,2.0829286421807213e-07,71.49753831405913,1
698,71,1944,5054.060421492264,0.2007354597882715,1.1052453598462721,40,0.0013706975182045018,0.0030295829371422686,0.9970286067596409,0.774681956922951,0.7564632186792493,4.132476332019503e-08,68.35119610369733,1
699,71,1984,5055.364291162779,0.20918539539829767,1.1517705334943755,40,0.0014118797884774368,0.0031296449666246284,1.0050946877232547,0.6697326507865139,0.5895312345380227,3.886401771518238e-08,68.00366275305265,1
