case,osample,chunk,order,pix0,fwhm_px,chi2_own,chi2_fid,chi2_own_meas,chi2_fid_meas,ew_ratio,min_obs,min_dec,dv_vs_fid
arc,10,0,58,24,2.587175178940179,7.0814160179461,7.0814160179461,38.99013260154093,38.99013260154093,0.996843702833304,0.37990882686730504,0.2577963230059549,-0.0
arc,10,1,58,64,2.587175178940179,0.16889847395534266,0.16889847395534266,0.9299515632223434,0.9299515632223434,0.9782725393683827,0.8983676791704104,0.8842988760257932,-0.0
arc,10,2,58,104,2.587175178940179,0.2890238447874709,0.2890238447874709,1.5913594123988732,1.5913594123988732,0.9790470901786229,0.9043065308582112,0.8911258864343622,-0.0
arc,10,3,58,144,2.587175178940179,1.5907669872110966,1.5907669872110966,8.75873068498297,8.75873068498297,0.9831181609966547,0.6672842857165681,0.5235442255188575,-0.0
arc,10,4,58,184,2.587175178940179,0.28857679771011385,0.28857679771011385,1.5888979802811853,1.5888979802811853,0.9504964815986144,0.8752458027770853,0.9066515684302786,-0.0
arc,10,5,58,224,2.587175178940179,0.6883745144250188,0.6883745144250188,3.7901760790404,3.7901760790404,0.9829303835799343,0.7355629699013554,0.6499560651278259,-0.0
arc,10,6,58,264,2.587175178940179,0.42408625679381534,0.42408625679381534,2.335010306551355,2.335010306551355,0.9784516460563119,0.9007580967907851,0.8836179297566548,-0.0
arc,10,7,58,304,2.587175178940179,0.7872636743734974,0.7872636743734974,4.3346577829079385,4.3346577829079385,0.9849031957538346,0.740920168420192,0.6694834769055209,-0.0
arc,10,8,58,344,2.587175178940179,0.4742029522736081,0.4742029522736081,2.610951812791928,2.610951812791928,0.9639513360023442,0.9392107599066619,0.9291530673599029,-0.0
arc,10,9,58,384,2.587175178940179,0.40149267800467336,0.40149267800467336,2.210610521155395,2.210610521155395,0.9780690586740349,0.8677061571097572,0.8275259997349469,-0.0
arc,10,10,58,424,2.587175178940179,0.3827425575732939,0.3827425575732939,2.107372739324525,2.107372739324525,0.9718665907685737,0.9238289273767071,0.9174447102123136,-0.0
arc,10,11,58,464,2.587175178940179,4.52343610103897,4.52343610103897,24.90594719292612,24.90594719292612,0.9886305942385355,0.3674952494358156,0.2558756689983479,-0.0
arc,10,12,58,504,2.587175178940179,0.8413047399950422,0.8413047399950422,4.63220679135099,4.63220679135099,0.9818325061817675,0.7693261603283637,0.7104312726725324,-0.0
arc,10,13,58,544,2.587175178940179,0.3110381307329244,0.3110381307329244,1.7125696231768053,1.7125696231768053,0.9824628434849754,0.8690628645666912,0.8379348960448953,-0.0
arc,10,14,58,584,2.587175178940179,1.4124449301610529,1.4124449301610529,7.776893064860018,7.776893064860018,0.9862938375843,0.6821569051724368,0.5701263118157222,-0.0
arc,10,15,58,624,2.587175178940179,0.4456291748710502,0.4456291748710502,2.4536251754316534,2.4536251754316534,0.9841901922312608,0.8482178706926815,0.7986049441921546,-0.0
arc,10,16,58,664,2.587175178940179,0.5468641697894567,0.5468641697894567,3.011022998943487,3.011022998943487,0.9838564191078812,0.8368738612470221,0.7952813396459364,-0.0
arc,10,17,58,704,2.587175178940179,0.14463054450780963,0.14463054450780963,0.796332837147471,0.796332837147471,0.9799227327133475,0.9300780595679105,0.9248576697025161,-0.0
arc,10,18,58,744,2.587175178940179,0.44265147178365305,0.44265147178365305,2.437230002780957,2.437230002780957,0.9606556115438601,0.9067574899968021,0.8968420212228203,-0.0
arc,10,19,58,784,2.587175178940179,4.395909178004339,4.395909178004339,24.20378654782552,24.20378654782552,0.9755748913522725,0.4815341798718591,0.34875881655308577,-0.0
arc,10,20,58,824,2.587175178940179,2.496792886683245,2.496792886683245,13.747290864377073,13.747290864377073,0.989901111507352,0.40201173345187974,0.31231738491282235,-0.0
arc,10,21,58,864,2.587175178940179,0.29563263613924073,0.29563263613924073,1.6277472831987814,1.6277472831987814,0.9669862125608379,0.8116583331495818,0.8102442243975216,-0.0
arc,10,22,58,904,2.587175178940179,4.207807266191739,4.207807266191739,23.16810124624316,23.16810124624316,0.9940019411017912,0.5216591137772835,0.34489819201127786,-0.0
arc,10,23,58,944,2.587175178940179,0.20436178654295198,0.20436178654295198,1.125211841219939,1.125211841219939,nan,0.9721263451164658,0.9705952280515427,-0.0
arc,10,24,58,984,2.587175178940179,0.5381060556893275,0.5381060556893275,2.9628010007953667,2.9628010007953667,0.9875062610347258,0.8577321463659813,0.8250038358600726,-0.0
arc,10,25,58,1024,2.587175178940179,0.5849019864253723,0.5849019864253723,3.2204584438811796,3.2204584438811796,0.9701825979072743,0.7577133275736088,0.7153483802714405,-0.0
arc,10,26,58,1064,2.587175178940179,0.5182664983470838,0.5182664983470838,2.8535648014858515,2.8535648014858515,0.8966160311427647,0.858043603873616,0.8015399401942828,-0.0
arc,10,27,58,1104,2.587175178940179,0.21293362143297356,0.21293362143297356,1.1724081898250014,1.1724081898250014,0.9766806394401045,0.943298848753453,0.9301272510514363,-0.0
arc,10,28,58,1144,2.587175178940179,1.8545585386503638,1.8545585386503638,10.211161603279221,10.211161603279221,0.9835661946811219,0.7061024304939283,0.5682300152415479,-0.0
arc,10,29,58,1184,2.587175178940179,0.6257610429275656,0.6257610429275656,3.4454275781556034,3.4454275781556034,0.9945394122371229,0.8384690352697336,0.811634953049824,-0.0
arc,10,30,58,1224,2.587175178940179,0.6714629403462242,0.6714629403462242,3.697061296041924,3.697061296041924,1.001244729955641,0.7349770724653066,0.6622809114305,-0.0
arc,10,31,58,1264,2.587175178940179,1.2424228764155731,1.2424228764155731,6.840755094160013,6.840755094160013,0.9960821318994124,0.73861402036148,0.6110083703879458,-0.0
arc,10,32,58,1304,2.587175178940179,0.2869752650764199,0.2869752650764199,1.580079974165576,1.580079974165576,nan,0.9564668778096346,0.9424692903160149,-0.0
arc,10,33,58,1344,2.587175178940179,1.3994340585621028,1.3994340585621028,7.705255470398815,7.705255470398815,0.9930691417649762,0.7104342269294547,0.6118864760747312,-0.0
arc,10,34,58,1384,2.587175178940179,5.150458995925644,5.150458995925644,28.35832250231012,28.35832250231012,0.9848483668679857,0.31127953313258644,0.23565282597139345,-0.0
arc,10,35,58,1424,2.587175178940179,0.9490629722416454,0.9490629722416454,5.225521426948591,5.225521426948591,0.978484607738345,0.6852449596851459,0.6055432970626224,-0.0
arc,10,36,58,1464,2.587175178940179,0.8293471016756477,0.8293471016756477,4.566368277910612,4.566368277910612,0.9121351525769232,0.7853074374466357,0.6915485899820887,-0.0
arc,10,37,58,1504,2.587175178940179,1.2942373182349662,1.2942373182349662,7.12604435722451,7.12604435722451,0.93982201267731,0.709347053764501,0.5806436804330576,-0.0
arc,10,38,58,1544,2.587175178940179,4.322352959301924,4.322352959301924,23.798787503339646,23.798787503339646,0.9917054641303961,0.5355231145784639,0.3959143749445551,-0.0
arc,10,39,58,1584,2.587175178940179,1.1384222871930352,1.1384222871930352,6.268129964645131,6.268129964645131,0.9760451553769703,0.6647636154153997,0.5690331852222344,-0.0
arc,10,40,58,1624,2.587175178940179,0.23619508600407438,0.23619508600407438,1.3004853407556602,1.3004853407556602,0.9743522611772246,0.944312581555046,0.9358171741649602,-0.0
arc,10,41,58,1664,2.587175178940179,1.5074887048197063,1.5074887048197063,8.30020215551371,8.30020215551371,0.989220033108496,0.6774971785625167,0.5263620354973555,-0.0
arc,10,42,58,1704,2.587175178940179,0.5576853156351619,0.5576853156351619,3.0706040079331314,3.0706040079331314,0.9882485498942022,0.7689585015918555,0.6776020640561973,-0.0
arc,10,43,58,1744,2.587175178940179,1.0378256657179545,1.0378256657179545,5.714247012331586,5.714247012331586,0.987500115042457,0.6888492849364165,0.5793932588696854,-0.0
arc,10,44,58,1784,2.587175178940179,0.17810408754509913,0.17810408754509913,0.9806374844609116,0.9806374844609116,0.9746888904525306,0.9395783661979942,0.9356735300333011,-0.0
arc,10,45,58,1824,2.587175178940179,0.9658773144759449,0.9658773144759449,5.318100853388386,5.318100853388386,0.9851646404864999,0.7149056022017419,0.6034847402016835,-0.0
arc,10,46,58,1864,2.587175178940179,0.1587130185326264,0.1587130185326264,0.8738706527755686,0.8738706527755686,0.9755399035876057,0.9549763621769962,0.9524509930800231,-0.0
arc,10,47,58,1904,2.587175178940179,0.38627968698733256,0.38627968698733256,2.1268481019543537,2.1268481019543537,0.9791357248451007,0.8772642448804512,0.8687385131788545,-0.0
arc,10,48,58,1944,2.587175178940179,0.3269548864713759,0.3269548864713759,1.8002069566219543,1.8002069566219543,0.9785113056167836,0.834261408203745,0.7941415821041544,-0.0
arc,10,49,58,1984,2.587175178940179,1.0336977273551393,1.0336977273551393,5.691518667643282,5.691518667643282,0.9827266478356108,0.7247911609289731,0.6572756250034028,-0.0
arc,10,250,63,24,2.1702886184586365,1.809942082867672,1.809942082867672,9.965504304969201,9.965504304969201,1.000230227236154,0.6585819015661003,0.5775977667766857,-0.0
arc,10,251,63,64,2.1702886184586365,2.0294598075118877,2.0294598075118877,11.174164433194372,11.174164433194372,0.9960497008078968,0.729712407152901,0.6910289479768498,-0.0
arc,10,252,63,104,2.1702886184586365,0.15269818833293064,0.15269818833293064,0.8407531200013947,0.8407531200013947,0.9814917060325942,0.922920730539913,0.9100233693160721,-0.0
arc,10,253,63,144,2.1702886184586365,1.6481446409240033,1.6481446409240033,9.074650879610992,9.074650879610992,0.97864961157767,0.6363555998943964,0.5377860610602181,-0.0
arc,10,254,63,184,2.1702886184586365,4.3283291445565535,4.3283291445565535,23.831692257832092,23.831692257832092,0.9864533428221718,0.4763126773824117,0.37679259699435547,-0.0
arc,10,255,63,224,2.1702886184586365,0.5534377516035208,0.5534377516035208,3.0472170067447366,3.0472170067447366,0.963871920351455,0.8445925160927815,0.8265750825078364,-0.0
arc,10,256,63,264,2.1702886184586365,0.3970718734836959,0.3970718734836959,2.1862696613553805,2.1862696613553805,0.970581858021349,0.8766383675194145,0.8521741421326215,-0.0
arc,10,257,63,304,2.1702886184586365,0.3352110723877063,0.3352110723877063,1.8456653483962684,1.8456653483962684,nan,0.9708899221650815,0.9680008782428036,-0.0
arc,10,258,63,344,2.1702886184586365,0.19404346179381277,0.19404346179381277,1.06839935496364,1.06839935496364,0.9819120035423502,0.9219073833524093,0.9206458638478138,-0.0
arc,10,259,63,384,2.1702886184586365,2.563097553557056,2.563097553557056,14.112363011947455,14.112363011947455,0.9891646926889507,0.5577618020071213,0.46824232463060783,-0.0
arc,10,260,63,424,2.1702886184586365,0.8708411277456778,0.8708411277456778,4.794833541714095,4.794833541714095,0.9861369679792134,0.7221306711418061,0.6511035488929346,-0.0
arc,10,261,63,464,2.1702886184586365,2.411073185299711,2.411073185299711,13.2753199315808,13.2753199315808,0.9845727339003038,0.6837750636577036,0.6005427030409046,-0.0
arc,10,262,63,504,2.1702886184586365,2.251074168195685,2.251074168195685,12.394368596820556,12.394368596820556,0.9866998925210243,0.6304667848626847,0.5058081375162157,-0.0
arc,10,263,63,544,2.1702886184586365,0.485522042036666,0.485522042036666,2.673274490865342,2.673274490865342,0.9724212426643044,0.829184099951432,0.7931529440736916,-0.0
arc,10,264,63,584,2.1702886184586365,2.2485956872603454,2.2485956872603454,12.380722131187921,12.380722131187921,0.9877285851761801,0.6682689824410856,0.5720344101336949,-0.0
arc,10,265,63,624,2.1702886184586365,0.8715641180724305,0.8715641180724305,4.798814311751935,4.798814311751935,0.9570056814347812,0.7539390758583723,0.7267177356562985,-0.0
arc,10,266,63,664,2.1702886184586365,0.6280686744212785,0.6280686744212785,3.458133350236687,3.458133350236687,0.9644935071639889,0.7412523938692117,0.68493171418235,-0.0
arc,10,267,63,704,2.1702886184586365,0.5058062436830848,0.5058062436830848,2.7849588926722637,2.7849588926722637,0.9563991826929835,0.871776395904784,0.8551893184386795,-0.0
arc,10,268,63,744,2.1702886184586365,0.23719395998890097,0.23719395998890097,1.3059851206050461,1.3059851206050461,0.9657249473088455,0.9078966460642998,0.8932137020007318,-0.0
arc,10,269,63,784,2.1702886184586365,1.6958156091274177,1.6958156091274177,9.337126261199161,9.337126261199161,0.9904197889438501,0.7374607180006166,0.6720235858400988,-0.0
arc,10,270,63,824,2.1702886184586365,0.8982222482225669,0.8982222482225669,4.945593434293082,4.945593434293082,0.9847884729620598,0.8078735193221036,0.7638116436917185,-0.0
arc,10,271,63,864,2.1702886184586365,0.7078124898189729,0.7078124898189729,3.897201176308387,3.897201176308387,0.9859485050324841,0.7979196575006496,0.7501264229006566,-0.0
arc,10,272,63,904,2.1702886184586365,2.2144394914795997,2.2144394914795997,12.192658811750048,12.192658811750048,0.9927460367761672,0.6558080079985753,0.5761517162851307,-0.0
arc,10,273,63,944,2.1702886184586365,2.7334240061465516,2.7334240061465516,15.050176996492974,15.050176996492974,0.9802132857856782,0.5671949045786221,0.4727699333528098,-0.0
arc,10,274,63,984,2.1702886184586365,4.0477228686549065,4.0477228686549065,22.28667980855601,22.28667980855601,0.9664753350614295,0.5435676607605474,0.46147365767719145,-0.0
arc,10,275,63,1024,2.1702886184586365,5.5178986166069075,5.5178986166069075,30.38143758227652,30.38143758227652,0.9901890587534264,0.3788246516293876,0.2949075180829306,-0.0
arc,10,276,63,1064,2.1702886184586365,0.8221509407724161,0.8221509407724161,4.526746362303907,4.526746362303907,1.001099680955958,0.8244969778362995,0.786060033981535,-0.0
arc,10,277,63,1104,2.1702886184586365,5.676207843246431,5.676207843246431,31.25308496509935,31.25308496509935,0.9982021258155633,0.6511419510303074,0.5887182270558294,-0.0
arc,10,278,63,1144,2.1702886184586365,0.7874457912236523,0.7874457912236523,4.3356605145817335,4.3356605145817335,0.993193277402456,0.7328151535297058,0.6809283617874784,-0.0
arc,10,279,63,1184,2.1702886184586365,0.7997416537650287,0.7997416537650287,4.403361283710905,4.403361283710905,0.9973863709639452,0.7477163669699937,0.7023594980118646,-0.0
arc,10,280,63,1224,2.1702886184586365,1.417560068577619,1.417560068577619,7.805056912970582,7.805056912970582,1.0004541821529505,0.7681862936256318,0.7141055615928071,-0.0
arc,10,281,63,1264,2.1702886184586365,1.073920085793442,1.073920085793442,5.91298215532452,5.91298215532452,0.9943240803721606,0.7314807259224474,0.6810111071860906,-0.0
arc,10,282,63,1304,2.1702886184586365,0.4413051652762189,0.4413051652762189,2.4298172665267748,2.4298172665267748,1.0000805807451916,0.856942430814858,0.832639840990623,-0.0
arc,10,283,63,1344,2.1702886184586365,0.5236767441275894,0.5236767441275894,2.883353504741563,2.883353504741563,0.9782930307548875,0.8910796874141841,0.8680630020171387,-0.0
arc,10,284,63,1384,2.1702886184586365,0.17785219677075145,0.17785219677075145,0.9792505789792917,0.9792505789792917,0.9764061580746527,0.9719997780093651,0.9694685735077255,-0.0
arc,10,285,63,1424,2.1702886184586365,0.6460220360034448,0.6460220360034448,3.5569841940450564,3.5569841940450564,0.9853679298902185,0.7318599524004517,0.69039330363996,-0.0
arc,10,286,63,1464,2.1702886184586365,0.13634477244433954,0.13634477244433954,0.7507115446486096,0.7507115446486096,0.9605963756449445,0.9312782392266594,0.9312825403250261,-0.0
arc,10,287,63,1504,2.1702886184586365,0.20838284725397777,0.20838284725397777,1.1473517197307366,1.1473517197307366,0.9817206622372346,0.9217431058447761,0.907476269071033,-0.0
arc,10,288,63,1544,2.1702886184586365,2.1840798914815602,2.1840798914815602,12.025499471491909,12.025499471491909,0.9862984383193703,0.5850050140866067,0.5113991493764658,-0.0
arc,10,289,63,1584,2.1702886184586365,0.1872822268193391,0.1872822268193391,1.0311721326769079,1.0311721326769079,0.9826219785202825,0.9281723684891034,0.9162368756900365,-0.0
arc,10,290,63,1624,2.1702886184586365,3.4283009180491115,3.4283009180491115,18.87615514382519,18.87615514382519,0.988427656382211,0.44685583491794584,0.38065531894340654,-0.0
arc,10,291,63,1664,2.1702886184586365,2.232577647375122,2.232577647375122,12.292527129290155,12.292527129290155,0.9788436270816666,0.5865389736235097,0.5263631187944929,-0.0
arc,10,292,63,1704,2.1702886184586365,0.11366819618557418,0.11366819618557418,0.625854776872571,0.625854776872571,0.9407503840727798,0.8410981705379202,0.8403347803937825,-0.0
arc,10,293,63,1744,2.1702886184586365,2.390242148801951,2.390242148801951,13.160624668201715,13.160624668201715,0.9724394182385494,0.5360532771811963,0.45213745196628735,-0.0
arc,10,294,63,1784,2.1702886184586365,3.0013410665992057,3.0013410665992057,16.525322883528975,16.525322883528975,0.9898475414980652,0.3775599295240664,0.30575069818426376,-0.0
arc,10,295,63,1824,2.1702886184586365,0.5797613340342981,0.5797613340342981,3.1921541163457747,3.1921541163457747,0.9863061069072916,0.7384688527095946,0.6939135068058183,-0.0
arc,10,296,63,1864,2.1702886184586365,1.0555592037541612,1.0555592037541612,5.811887512165786,5.811887512165786,0.9848845843451047,0.6864307009755984,0.6236932336666207,-0.0
arc,10,297,63,1904,2.1702886184586365,0.2095540332404477,0.2095540332404477,1.1538002459573844,1.1538002459573844,0.9214439498557321,0.8311600311497174,0.8449654683849569,-0.0
arc,10,298,63,1944,2.1702886184586365,2.0900283216494615,2.0900283216494615,11.507653440437766,11.507653440437766,0.9705969677763101,0.6396727664474644,0.5748636110184684,-0.0
arc,10,299,63,1984,2.1702886184586365,0.3097636952774685,0.3097636952774685,1.705552607473392,1.705552607473392,0.9510129542740196,0.8183996314865505,0.8118448733187393,-0.0
arc,10,550,69,24,2.1663850766676713,4.098272498051391,4.098272498051391,22.565005040138622,22.565005040138622,0.986313143227622,0.5829067781808444,0.4752960281047525,-0.0
arc,10,551,69,64,2.1663850766676713,5.467372244404802,5.467372244404802,30.103240404333246,30.103240404333246,0.9924631926969394,0.4629021072539806,0.3817018482507677,-0.0
arc,10,552,69,104,2.1663850766676713,4.379315332807332,4.379315332807332,24.11242117358948,24.11242117358948,0.9854205977856085,0.32757595299654974,0.24592939668674085,-0.0
arc,10,553,69,144,2.1663850766676713,0.26514695310207564,0.26514695310207564,1.459893732290983,1.459893732290983,0.931934591801751,0.8662480708597604,0.8782223651705308,-0.0
arc,10,554,69,184,2.1663850766676713,0.7160482964497048,0.7160482964497048,3.9425473601505874,3.9425473601505874,0.9947297871672419,0.832607726923595,0.7731597920933678,-0.0
arc,10,555,69,224,2.1663850766676713,10.409369889340406,10.409369889340406,57.313778946938164,57.313778946938164,0.9933706682318376,0.39952930771573847,0.30147740205824913,-0.0
arc,10,556,69,264,2.1663850766676713,8.418424850496972,8.418424850496972,46.35167604687432,46.35167604687432,0.9947190410277662,0.25032775723517714,0.18781262889333494,-0.0
arc,10,557,69,304,2.1663850766676713,0.3837786765274905,0.3837786765274905,2.1130775892179243,2.1130775892179243,0.9814810425312226,0.8600069416776743,0.817438540794613,-0.0
arc,10,558,69,344,2.1663850766676713,13.563780239837493,13.563780239837493,74.68189819510332,74.68189819510332,0.9647922341573848,0.3383614580698329,0.27433877246918476,-0.0
arc,10,559,69,384,2.1663850766676713,4.181188590262395,4.181188590262395,23.021539357839437,23.021539357839437,0.8626279320032085,0.3652249410772017,0.28302303685290253,-0.0
arc,10,560,69,424,2.1663850766676713,3.790977752060148,3.790977752060148,20.87304641723166,20.87304641723166,0.9921166429461218,0.5856489026693341,0.47936689109323577,-0.0
arc,10,561,69,464,2.1663850766676713,5.730137661028969,5.730137661028969,31.550021445202947,31.550021445202947,0.9807072228340709,0.4342175137605423,0.33249279794170755,-0.0
arc,10,562,69,504,2.1663850766676713,9.598537878598696,9.598537878598696,52.84935438322459,52.84935438322459,0.9913097371991483,0.4045604266841904,0.3232299804771939,-0.0
arc,10,563,69,544,2.1663850766676713,0.4999740258378278,0.4999740258378278,2.752846819808396,2.752846819808396,0.9835427141677803,0.8201136840217186,0.7860494372514759,-0.0
arc,10,564,69,584,2.1663850766676713,7.276255041343523,7.276255041343523,40.06291230251713,40.06291230251713,0.9437937133846929,0.3194307488247177,0.23358931000728364,-0.0
arc,10,565,69,624,2.1663850766676713,9.604958876107712,9.604958876107712,52.88470826494489,52.88470826494489,0.9359683851779295,0.3556169075566235,0.25871562719433483,-0.0
arc,10,566,69,664,2.1663850766676713,3.7460008406803653,3.7460008406803653,20.62540445773355,20.62540445773355,0.979896600695142,0.48356206756610187,0.3912359367694279,-0.0
arc,10,567,69,704,2.1663850766676713,5.719824437957729,5.719824437957729,31.49323704868142,31.49323704868142,0.9905709841045848,0.4811001928514332,0.38307601127328494,-0.0
arc,10,568,69,744,2.1663850766676713,0.35269400616199115,0.35269400616199115,1.9419260262601052,1.9419260262601052,0.985875752333849,0.787979574035562,0.7613944483526052,-0.0
arc,10,569,69,784,2.1663850766676713,3.9900887021175584,3.9900887021175584,21.969347259532537,21.969347259532537,0.9869693773786576,0.523606434187551,0.4177475063406088,-0.0
arc,10,570,69,824,2.1663850766676713,0.23934010018490232,0.23934010018490232,1.3178017248846885,1.3178017248846885,0.9904758235471912,0.9038227400521284,0.8822876205146629,-0.0
arc,10,571,69,864,2.1663850766676713,0.5144837437729202,0.5144837437729202,2.8327370317189082,2.8327370317189082,0.943396266992898,0.8296158278463308,0.851539532601917,-0.0
arc,10,572,69,904,2.1663850766676713,5.043858202853725,5.043858202853725,27.771380703273003,27.771380703273003,0.9830910318192205,0.314405043397103,0.24866321698320637,-0.0
arc,10,573,69,944,2.1663850766676713,1.0742119904055805,1.0742119904055805,5.914589376183376,5.914589376183376,0.9702595960404682,0.688291871583565,0.6203495014847287,-0.0
arc,10,574,69,984,2.1663850766676713,9.034369279575818,9.034369279575818,49.743053548789554,49.743053548789554,0.9827378644092913,0.3433983925837138,0.2618532291938488,-0.0
arc,10,575,69,1024,2.1663850766676713,3.551670086772046,3.551670086772046,19.555423278229224,19.555423278229224,0.9925489668631906,0.14977795160702712,0.12917541312134967,-0.0
arc,10,576,69,1064,2.1663850766676713,6.866813918663543,6.866813918663543,37.80853780660289,37.80853780660289,0.9894713290000635,0.2503491226505808,0.22346004105327963,-0.0
arc,10,577,69,1104,2.1663850766676713,0.6979115047000852,0.6979115047000852,3.8426865535700827,3.8426865535700827,0.9255833226518216,0.7314599061942926,0.6773032158040468,-0.0
arc,10,578,69,1144,2.1663850766676713,4.81491183309314,4.81491183309314,26.510806646758848,26.510806646758848,0.9682216296935805,0.24769800150339008,0.20696079420314353,-0.0
arc,10,579,69,1184,2.1663850766676713,2.3656029234183094,2.3656029234183094,13.024961594252547,13.024961594252547,0.9831602488413245,0.12227576375877232,0.10210192497453764,-0.0
arc,10,580,69,1224,2.1663850766676713,3.361495595093549,3.361495595093549,18.508326394049003,18.508326394049003,0.978679568943732,0.43201492788926005,0.36049110379010935,-0.0
arc,10,581,69,1264,2.1663850766676713,0.42750337536803096,0.42750337536803096,2.3538248919374145,2.3538248919374145,0.8834837273904146,0.8606451567448037,0.889368633799524,-0.0
arc,10,582,69,1304,2.1663850766676713,2.5973191567115963,2.5973191567115963,14.300786463055449,14.300786463055449,0.9835235357441764,0.6041221022296528,0.5215970384669367,-0.0
arc,10,583,69,1344,2.1663850766676713,0.6097397181975991,0.6097397181975991,3.357214489969475,3.357214489969475,0.992688830908621,0.789259330979425,0.7531854209125917,-0.0
arc,10,584,69,1384,2.1663850766676713,1.2561772382216163,1.2561772382216163,6.916486330583366,6.916486330583366,0.9892980994529156,0.628254324084422,0.5635478086350222,-0.0
arc,10,585,69,1424,2.1663850766676713,0.428410079044376,0.428410079044376,2.3588171839424885,2.3588171839424885,0.9804783613253801,0.7662161432788371,0.7392506576185806,-0.0
arc,10,586,69,1464,2.1663850766676713,0.173678737331243,0.173678737331243,0.9562715961683392,0.9562715961683392,0.9728187744109564,0.2575220689602611,0.26866183075917366,-0.0
arc,10,587,69,1504,2.1663850766676713,3.027645828346045,3.027645828346045,16.670156366826948,16.670156366826948,0.9803247065230689,0.10364648636512319,0.08682737218898436,-0.0
arc,10,588,69,1544,2.1663850766676713,2.689776116483077,2.689776116483077,14.809852603540575,14.809852603540575,0.9794717726086936,0.533506830060666,0.44483110678297394,-0.0
arc,10,589,69,1584,2.1663850766676713,0.7974065740582924,0.7974065740582924,4.3905043823270455,4.3905043823270455,nan,0.865463093449637,0.8341842810661684,-0.0
arc,10,590,69,1624,2.1663850766676713,6.544651331919473,6.544651331919473,36.034717154833025,36.034717154833025,0.9981473478149681,0.36709715678327476,0.30951382391694965,-0.0
arc,10,591,69,1664,2.1663850766676713,0.17741952418115153,0.17741952418115153,0.9768682924989042,0.9768682924989042,0.9574112006757688,0.946469152398444,0.9394999900392859,-0.0
arc,10,592,69,1704,2.1663850766676713,4.425808383989174,4.425808383989174,24.36841096800859,24.36841096800859,0.9908692599952378,0.24817967505856778,0.1948926160146306,-0.0
arc,10,593,69,1744,2.1663850766676713,8.746357849478288,8.746357849478288,48.15726847108709,48.15726847108709,0.9935978600259947,0.231064926790448,0.18695434547258644,-0.0
arc,10,594,69,1784,2.1663850766676713,0.23772122470544196,0.23772122470544196,1.3088882294129383,1.3088882294129383,0.9825829207940546,0.8492255475190308,0.8253870543754823,-0.0
arc,10,595,69,1824,2.1663850766676713,9.748507048035151,9.748507048035151,53.67508158067376,53.67508158067376,0.9948613302596176,0.2727194720999956,0.21345693553950035,-0.0
arc,10,596,69,1864,2.1663850766676713,3.5665528399792152,3.5665528399792152,19.637367414762505,19.637367414762505,0.9904688693746314,0.48648920675166607,0.4105612245353538,-0.0
arc,10,597,69,1904,2.1663850766676713,3.6724629153186497,3.6724629153186497,20.220506136009593,20.220506136009593,0.977974903377095,0.4478745868104496,0.37236944860442045,-0.0
arc,10,598,69,1944,2.1663850766676713,4.449392405117294,4.449392405117294,24.498264108783346,24.498264108783346,0.9902844334852191,0.36860531520123346,0.2887456136277519,-0.0
arc,10,599,69,1984,2.1663850766676713,1.1421689521390304,1.1421689521390304,6.288759025653224,6.288759025653224,0.9873118409794734,0.6525832363754264,0.5874533902844604,-0.0
arc_x0.8,10,0,58,24,2.069741315160849,6.440796678951534,65.08084032956388,35.462895547368504,358.33378350300484,0.9962440535715131,0.37990882686730504,0.3051578577019017,-0.5095209351767278
arc_x0.8,10,1,58,64,2.069741315160849,0.0974575933588949,0.2903426893721191,0.5365995273347164,1.5986209438646057,0.9779039626855679,0.8983676791704104,0.8910883042317576,14.76975113380968
arc_x0.8,10,2,58,104,2.069741315160849,0.1591775025209823,0.412694712168798,0.8764280921706549,2.272288693481287,0.9784175082150253,0.9043065308582112,0.8980613185911596,-2.3002748232362866
arc_x0.8,10,3,58,144,2.069741315160849,1.330896119720376,11.050515885888913,7.327886972784364,60.84391576689355,0.9835507047099263,0.6672842857165681,0.5971224908450399,-5.836024546219967
arc_x0.8,10,4,58,184,2.069741315160849,0.16186298227489374,0.8706129133845991,0.8912142890892379,4.793576998082499,0.9566226487730498,0.8752458027770853,0.884854557493015,-209.10225341754875
arc_x0.8,10,5,58,224,2.069741315160849,0.5602124060698417,4.827143437515621,3.084518116480708,26.578153611992,0.9746317888625384,0.7355629699013554,0.6842901049516781,78.32990757562119
arc_x0.8,10,6,58,264,2.069741315160849,0.23279893694843282,0.6105528900053687,1.2817862131124762,3.361691797408047,0.9786383541107362,0.9007580967907851,0.8873783684018688,24.229834102579577
arc_x0.8,10,7,58,304,2.069741315160849,0.6151568617387182,4.532680323762298,3.387041172154866,24.956845695269056,0.9840224716571565,0.740920168420192,0.7074807317619568,-8.792615269446763
arc_x0.8,10,8,58,344,2.069741315160849,0.31509344103434744,0.66324880301489,1.7348980792359001,3.6518344229215844,0.9654718115246712,0.9392107599066619,0.9289630019260402,23.62088046049826
arc_x0.8,10,9,58,384,2.069741315160849,0.2523704918486978,1.2226733698444512,1.3895467964260095,6.732014712565205,0.9797078402110582,0.8677061571097572,0.8433062071527254,-10.856489252623977
arc_x0.8,10,10,58,424,2.069741315160849,0.1571429432551948,0.5088482019445412,0.865225850223887,2.801707853004767,0.9730496607019206,0.9238289273767071,0.9206892609742452,4.9753002528172035
arc_x0.8,10,11,58,464,2.069741315160849,4.131848520790572,42.26613649774434,22.74987393860686,232.71648811841123,0.9886534374399806,0.3674952494358156,0.30330187845080553,0.6017420073746571
arc_x0.8,10,12,58,504,2.069741315160849,0.5635985878320451,3.047011817698097,3.103162364408896,16.776785110411986,0.9818285147260056,0.7693261603283637,0.7437367426989756,-19.073780328385194
arc_x0.8,10,13,58,544,2.069741315160849,0.2235530093142092,0.9901055617339776,1.2308783235648162,5.451501090134766,0.982108952814384,0.8690628645666912,0.8500643100733517,-26.98340424799413
arc_x0.8,10,14,58,584,2.069741315160849,1.199449598962062,10.003246919143658,6.604145102318129,55.077674131125406,0.986547167956662,0.6821569051724368,0.6168336814218691,21.17397407748915
arc_x0.8,10,15,58,624,2.069741315160849,0.3371168765082348,2.3015231331948867,1.8561586671313426,12.672139572278637,0.9848024270162002,0.8482178706926815,0.8220938764251972,-14.325464800487586
arc_x0.8,10,16,58,664,2.069741315160849,0.375173700978465,1.8131737316149557,2.065698768818267,9.983297697259509,0.9838254670844216,0.8368738612470221,0.8116611111529909,-14.924413485620153
arc_x0.8,10,17,58,704,2.069741315160849,0.09176866745676922,0.19251825822809976,0.5052764169960364,1.060001615144261,0.9781842107386132,0.9300780595679105,0.9274369406513946,-66.54320181952232
arc_x0.8,10,18,58,744,2.069741315160849,0.29589196606699886,0.7109611503360023,1.6291751485078119,3.9145376370903957,0.962920270059133,0.9067574899968021,0.9009573519115809,15.098420993724103
arc_x0.8,10,19,58,784,2.069741315160849,4.164417443260313,41.78095706290402,22.929197763469904,230.04510001580243,0.9773469939126639,0.4815341798718591,0.41055257158709363,1.253457446993772
arc_x0.8,10,20,58,824,2.069741315160849,2.4010107724796947,23.002491905507767,13.219916491202547,126.65125269984473,0.9892278468577315,0.40201173345187974,0.3465115855399485,6.3109802448879915
arc_x0.8,10,21,58,864,2.069741315160849,0.19632213161848305,0.30604653475454596,1.0809456646838804,1.685085997218795,0.9671574260938406,0.8116583331495818,0.8118429260365575,25.14287536155827
arc_x0.8,10,22,58,904,2.069741315160849,3.8219058027634274,36.02488376859225,21.043335635513994,198.35227750111864,0.99371065936501,0.5216591137772835,0.4221125609594081,-1.8001330629051786
arc_x0.8,10,23,58,944,2.069741315160849,0.12906595193731824,0.20941014138238706,0.7106345069442367,1.1530079803127946,nan,0.9721263451164658,0.9709727473363924,51.24523523005344
arc_x0.8,10,24,58,984,2.069741315160849,0.3079389028017704,1.5323089785933135,1.6955053372074658,8.436862078216597,0.9894482836260683,0.8577321463659813,0.841329431756118,-10.538360778141824
arc_x0.8,10,25,58,1024,2.069741315160849,0.3477225012222188,2.962967173730821,1.9145530211521298,16.31403700968907,0.956697822078973,0.7577133275736088,0.7355348279374516,-19.726285501363293
arc_x0.8,10,26,58,1064,2.069741315160849,0.35602912061596326,2.582623059332115,1.960289098627573,14.219870049713965,0.9162425635240967,0.858043603873616,0.8283122976409323,55.45789964815633
arc_x0.8,10,27,58,1104,2.069741315160849,0.1508248136026878,0.3227108327019009,0.830438356829815,1.7768392828656685,0.9783620329801224,0.943298848753453,0.9370637306837446,-40.67048484114724
arc_x0.8,10,28,58,1144,2.069741315160849,1.7818674654248412,12.63684360802415,9.810926032197282,69.57820394863671,0.9849139409147365,0.7061024304939283,0.6381072558060581,-20.557720569531174
arc_x0.8,10,29,58,1184,2.069741315160849,0.4512514786432026,1.9611597675751409,2.484581465677392,10.798105802113312,0.9946563283309211,0.8384690352697336,0.8205579017031777,19.458167035400702
arc_x0.8,10,30,58,1224,2.069741315160849,0.6012433453603597,5.3781906656433325,3.310433633892589,29.612208445087756,0.9998554612429698,0.7349770724653066,0.696868084507218,-3.384620597021905
arc_x0.8,10,31,58,1264,2.069741315160849,1.1189877881302455,9.148498084193543,6.161124007985848,50.37144442632355,0.9964349412096449,0.73861402036148,0.6796463402173653,-9.539978778948099
arc_x0.8,10,32,58,1304,2.069741315160849,0.20055169995536723,0.43897819393529114,1.1042335819428675,2.417005009640182,nan,0.9564668778096346,0.9496177585920473,-15.316374963233045
arc_x0.8,10,33,58,1344,2.069741315160849,1.1859365598058489,10.612042891615127,6.529742583497694,58.42969237631691,0.9868475124999901,0.7104342269294547,0.6605537332428556,-4.705893166138005
arc_x0.8,10,34,58,1384,2.069741315160849,3.7757859250653913,31.29456788333706,20.78940052670862,172.30725442298444,0.9851087767308745,0.31127953313258644,0.2578755016525851,-15.170862690623215
arc_x0.8,10,35,58,1424,2.069741315160849,0.7422593001312567,6.432421481605523,4.086864613447562,35.41678188108234,0.9789991216775298,0.6852449596851459,0.6451845669989266,15.207783966263946
arc_x0.8,10,36,58,1464,2.069741315160849,0.6650907816739167,5.297104906762227,3.6619763199634545,29.16575190548343,0.9291123460332495,0.7853074374466357,0.7343789578223656,-65.94248558271819
arc_x0.8,10,37,58,1504,2.069741315160849,1.2973306603704418,9.946560829378296,7.143076236122525,54.76556167353033,0.9056215651213043,0.709347053764501,0.6441008726747329,52.65928759092042
arc_x0.8,10,38,58,1544,2.069741315160849,4.075097913755092,40.54244135826434,22.4374062502344,223.22585772999219,0.9881767592774137,0.5355231145784639,0.45878311920940984,4.09049949422205
arc_x0.8,10,39,58,1584,2.069741315160849,0.9167849098067793,8.83485475519338,5.047799071523232,48.64453063446134,0.9770676505860448,0.6647636154153997,0.6061514373866247,9.31149986112875
arc_x0.8,10,40,58,1624,2.069741315160849,0.1271972908503971,0.2910597382662497,0.7003456969969393,1.6025690004952413,0.9748068863318748,0.944312581555046,0.9393518984823811,-10.698275024687034
arc_x0.8,10,41,58,1664,2.069741315160849,1.3562305644775772,12.144663550371634,7.467377910467784,66.86827055917435,0.9885192444486672,0.6774971785625167,0.6031332127337259,-1.6735984721223267
arc_x0.8,10,42,58,1704,2.069741315160849,0.5025254390471681,4.674469841835622,2.766894849058675,25.737535898637585,0.9883028933909054,0.7689585015918555,0.7221386219606558,2.937900485905566
arc_x0.8,10,43,58,1744,2.069741315160849,0.9283770777672025,8.167506185420235,5.111625312598576,44.97012297913332,0.9879973846712808,0.6888492849364165,0.6402107780667583,7.035361890957446
arc_x0.8,10,44,58,1784,2.069741315160849,0.11214381536246106,0.20621686565355465,0.6174615670572174,1.1354258690818024,0.975202149592043,0.9395783661979942,0.9337750261283858,5.0127057203901995
arc_x0.8,10,45,58,1824,2.069741315160849,0.8126254596224539,6.820724586587294,4.474299256783022,37.55477088136996,0.9851785954272022,0.7149056022017419,0.6591928073366116,8.270671654942262
arc_x0.8,10,46,58,1864,2.069741315160849,0.10284483074242264,0.1740894600724904,0.56626154682452,0.9585330272300253,0.9756842742674382,0.9549763621769962,0.9528276394769232,20.932405132785885
arc_x0.8,10,47,58,1904,2.069741315160849,0.18984041802670173,0.8552247275350323,1.0452574814464743,4.708849959697627,0.9806758393915583,0.8772642448804512,0.8705963772755195,-39.56416549698949
arc_x0.8,10,48,58,1944,2.069741315160849,0.23421990434611098,1.2274741050393403,1.2896100307101899,6.758447462930279,0.9787034592520767,0.834261408203745,0.8148234302270424,0.8735836811903661
arc_x0.8,10,49,58,1984,2.069741315160849,0.7788286399081105,4.10878992155293,4.288214654659219,22.622913760077168,0.982213837325573,0.7247911609289731,0.6788421066232724,-2.2325057455706254
arc_x0.8,10,250,63,24,1.7362308967257498,1.6850733501947865,10.04508900066334,9.277979601948818,55.30805578115733,0.9999836026099791,0.6585819015661003,0.6139939152218057,-1.1382671189346447
arc_x0.8,10,251,63,64,1.7362308967257498,1.3812622388396871,7.602201178732369,7.605201800512353,41.85756510720254,0.99625968052935,0.729712407152901,0.7072816850724541,2.2968185194070725
arc_x0.8,10,252,63,104,1.7362308967257498,0.10109707558313215,0.4355823503598451,0.55663844245626,2.398307563964743,0.982648006939638,0.922920730539913,0.9174273031064392,-8.979843675833205
arc_x0.8,10,253,63,144,1.7362308967257498,1.397747783050424,8.166377799707893,7.69597087172018,44.96391011034573,0.9786044090038852,0.6363555998943964,0.582619320780042,-3.50284579874821
arc_x0.8,10,254,63,184,1.7362308967257498,4.142463844791012,27.32325446981319,22.808321696701647,150.44128352067267,0.9853765660286458,0.4763126773824117,0.4223136041130392,2.2096168301831005
arc_x0.8,10,255,63,224,1.7362308967257498,0.32072520066549537,0.9034700597972941,1.7659064332489935,4.974487778114709,0.9603713638102366,0.8445925160927815,0.8291583867514788,-32.92012572122788
arc_x0.8,10,256,63,264,1.7362308967257498,0.31106924652784385,1.684281602376456,1.7127409461109242,9.273620254560463,0.9731048583873504,0.8766383675194145,0.8659577486282626,21.01075691374176
arc_x0.8,10,257,63,304,1.7362308967257498,0.2052104430982173,0.36652871543984933,1.1298845269566766,2.0180996542294887,nan,0.9708899221650815,0.9693913671292569,-53.20637979551857
arc_x0.8,10,258,63,344,1.7362308967257498,0.10811797800889764,0.33630698196830827,0.5952953884497358,1.851699404262875,0.9824571167709443,0.9219073833524093,0.9186180418559972,36.68911177905296
arc_x0.8,10,259,63,384,1.7362308967257498,2.381822863108596,14.90245522468525,13.114268252371566,82.05261544110385,0.9887095307841953,0.5577618020071213,0.5201705009051715,3.765574519916977
arc_x0.8,10,260,63,424,1.7362308967257498,0.8206880711014695,5.243100412841584,4.5186918316416165,28.868404260081896,0.983090439964928,0.7221306711418061,0.6863073679811338,1.877012157660844
arc_x0.8,10,261,63,464,1.7362308967257498,2.3438124637486855,15.430534916189544,12.904983766398058,84.96021148457217,0.984737609023608,0.6837750636577036,0.6415954019483342,0.40524849589432543
arc_x0.8,10,262,63,504,1.7362308967257498,2.1026206139693615,13.269417794056016,11.576986345899895,73.06114455418637,0.9869415796377013,0.6304667848626847,0.5653755018422066,0.8326652223222876
arc_x0.8,10,263,63,544,1.7362308967257498,0.302782319381275,1.5568862682948397,1.6671132937480082,8.572184135559436,0.9750869917410648,0.829184099951432,0.8060214458485065,-31.786501347333388
arc_x0.8,10,264,63,584,1.7362308967257498,2.1008893092495655,13.291202386622269,11.56745381731699,73.181090077889,0.9861904595207067,0.6682689824410856,0.6226962885419073,-3.4434009197456725
arc_x0.8,10,265,63,624,1.7362308967257498,0.618774793364425,3.0271582155218058,3.40696143011911,16.667471580531792,0.95645574609309,0.7539390758583723,0.7369650393146873,6.601757909831478
arc_x0.8,10,266,63,664,1.7362308967257498,0.599588981313512,3.932443476173238,3.3013247390904272,21.651953817639153,0.9590507027735043,0.7412523938692117,0.7123871032274599,-43.46615599106148
arc_x0.8,10,267,63,704,1.7362308967257498,0.3839588431534825,2.165892261198157,2.1140695829971343,11.92535874897814,0.9574313392369069,0.871776395904784,0.862490981046024,-4.211456326741584
arc_x0.8,10,268,63,744,1.7362308967257498,0.16528759458858605,0.7215637891890869,0.9100701348524786,3.972915551021785,0.9700029265815994,0.9078966460642998,0.9032768047097575,9.530923702969778
arc_x0.8,10,269,63,784,1.7362308967257498,1.5050459194396866,9.798501053945719,8.286752228882836,53.95034756064095,0.990447713050855,0.7374607180006166,0.7045534172190184,-0.22672135359942866
arc_x0.8,10,270,63,824,1.7362308967257498,0.7921552290942827,4.555874516978077,4.361590583735876,25.08455245148521,0.9850055080130059,0.8078735193221036,0.7891961893949216,9.034289303923517
arc_x0.8,10,271,63,864,1.7362308967257498,0.5928731983378188,3.2072159576278665,3.264347774584761,17.658865847279813,0.9866445165750911,0.7979196575006496,0.7777491506752094,-1.3367897916240532
arc_x0.8,10,272,63,904,1.7362308967257498,2.105501803347368,13.790788113270532,11.592850116029194,75.93179893025531,0.9898948949148991,0.6558080079985753,0.6169886508636947,-9.360625582468892
arc_x0.8,10,273,63,944,1.7362308967257498,2.674497118424641,18.27805550021197,14.725726750913447,100.6386019188138,0.9813953403309547,0.5671949045786221,0.511695035800217,0.4168427876697472
arc_x0.8,10,274,63,984,1.7362308967257498,3.9286207687815193,25.847021391528436,21.630906068471152,142.31317420930958,0.9681575206242737,0.5435676607605474,0.4943187658240422,-0.5876977297607774
arc_x0.8,10,275,63,1024,1.7362308967257498,5.194022459321511,33.353853318390875,28.598182045949795,183.6456381549514,0.9861365453801223,0.3788246516293876,0.33064641194048217,14.976019248931838
arc_x0.8,10,276,63,1064,1.7362308967257498,0.6645642216431575,3.1386511959449344,3.6590770911411483,17.2813496636471,1.0007836484224728,0.8244969778362995,0.807568389346857,-2.627238254450547
arc_x0.8,10,277,63,1104,1.7362308967257498,3.632971899822035,18.517273736942705,20.003069407694188,101.95573266599783,0.9982350791417403,0.6511419510303074,0.6247357492151685,-44.11976969024171
arc_x0.8,10,278,63,1144,1.7362308967257498,0.6951875240032105,4.451087476285941,3.8276883712424206,24.507597136170393,0.9930164943030421,0.7328151535297058,0.7058545908406828,-6.208683604321504
arc_x0.8,10,279,63,1184,1.7362308967257498,0.6818200827934148,4.110682631601536,3.7540875117543764,22.63333498311849,0.9972849465458172,0.7477163669699937,0.7241021563008212,2.8132003928613822
arc_x0.8,10,280,63,1224,1.7362308967257498,1.2369737826783977,7.865197156630609,6.81075249484481,43.30561561375906,0.9996043776731801,0.7681862936256318,0.7418509506452892,5.8197222561693405
arc_x0.8,10,281,63,1264,1.7362308967257498,0.9223011486031201,5.3728272416626774,5.0781713701688735,29.58267754170995,0.9952718075548016,0.7314807259224474,0.6963754582659232,0.20692433300389115
arc_x0.8,10,282,63,1304,1.7362308967257498,0.3288665597073309,1.7461367993368213,1.8107325905872247,9.614193711262782,0.9975110205518117,0.856942430814858,0.8459004655513004,-14.378874553722431
arc_x0.8,10,283,63,1344,1.7362308967257498,0.3204214632369619,1.012858169959488,1.7642340611436746,5.576776488373672,0.9810009484919486,0.8910796874141841,0.8784476560329048,-1.7210396028300654
arc_x0.8,10,284,63,1384,1.7362308967257498,0.10818357608447808,0.212447620905421,0.5956565701200127,1.169732280802615,0.9769241668360895,0.9719997780093651,0.9700507531459758,5.775621072161289
arc_x0.8,10,285,63,1424,1.7362308967257498,0.5100079965341487,2.9153500327497115,2.808093658431923,16.05185799969239,0.983766234218236,0.7318599524004517,0.7086281533084723,-3.432214466710955
arc_x0.8,10,286,63,1464,1.7362308967257498,0.09381170719350793,0.29840414782936076,0.5165253522434199,1.6430071702087587,0.9628365583751319,0.9312782392266594,0.93312352455821,1.4417303322560018
arc_x0.8,10,287,63,1504,1.7362308967257498,0.13866070889619536,0.39097040636150193,0.7634630436603553,2.1526751074476036,0.9817147230477693,0.9217431058447761,0.9160845483321007,-7.303257453399624
arc_x0.8,10,288,63,1544,1.7362308967257498,2.0635723786351887,13.259522921634979,11.361987556155418,73.00666358783813,0.9873589522533649,0.5850050140866067,0.5444410443616786,0.2318589021570546
arc_x0.8,10,289,63,1584,1.7362308967257498,0.10353581048448499,0.3471425920266976,0.5700660672339569,1.9113600529134436,0.9812893704458431,0.9281723684891034,0.9222928619720759,25.12968535569591
arc_x0.8,10,290,63,1624,1.7362308967257498,3.18638756237531,21.327936086746025,17.544185126543113,117.43118241210314,0.988144393120376,0.44685583491794584,0.40641737822954926,2.515080283496446
arc_x0.8,10,291,63,1664,1.7362308967257498,2.1610724361850187,14.949136936216348,11.898820890461957,82.30964399556976,0.9783979529816841,0.5865389736235097,0.552101908789077,-2.267251610934196
arc_x0.8,10,292,63,1704,1.7362308967257498,0.067504161859984,0.2594253327550183,0.37167654257376115,1.428390607003317,0.9449428937278166,0.8410981705379202,0.8399874938418345,-35.32057096067009
arc_x0.8,10,293,63,1744,1.7362308967257498,2.2334538990280755,14.967213734673265,12.297351753073645,82.40917448030055,0.9718688554644481,0.5360532771811963,0.4880359619146189,0.629684602609036
arc_x0.8,10,294,63,1784,1.7362308967257498,2.7290109839743417,18.33043346753177,15.02587898614703,100.92699394182483,0.989758710932459,0.3775599295240664,0.3304134839007371,-2.1738636002539136
arc_x0.8,10,295,63,1824,1.7362308967257498,0.504382253800821,3.095480173227257,2.7771184333358807,17.043650890401665,0.9857547937194011,0.7384688527095946,0.7199120160501191,4.892049921421672
arc_x0.8,10,296,63,1864,1.7362308967257498,0.9469347184300327,5.920008965174781,5.2138033047376915,32.595448984993205,0.9858731389685819,0.6864307009755984,0.6531804163652515,-1.9001918444699446
arc_x0.8,10,297,63,1904,1.7362308967257498,0.14964091139407018,0.7770872707253633,0.8239198153425934,4.278626711347955,0.9311393376263799,0.8311600311497174,0.8363809427581784,-155.4763802244864
arc_x0.8,10,298,63,1944,1.7362308967257498,1.9020894079982849,12.518706989699542,10.472865603417809,68.92774613032735,0.9619298991946492,0.6396727664474644,0.6000569839481312,-3.2772208885293415
arc_x0.8,10,299,63,1984,1.7362308967257498,0.23743250015244993,1.3888367873302825,1.3072985178950791,7.646907110480963,0.9560315041897797,0.8183996314865505,0.8201863212736102,90.7187019991446
arc_x0.8,10,550,69,24,1.7331080631462457,3.56678264679772,23.48220330382269,19.63863272643231,129.29253390453158,0.9832741929438319,0.5829067781808444,0.529489289576639,1.5872709731514574
arc_x0.8,10,551,69,64,1.7331080631462457,5.057595590870482,32.31648503729205,27.847018482357694,177.93390949303227,0.9937967287582811,0.4629021072539806,0.40776307031032666,-4.214392523683369
arc_x0.8,10,552,69,104,1.7331080631462457,4.28130701902513,29.756145195720116,23.572789390802363,163.83673038719968,0.9821685318185945,0.32757595299654974,0.27688039248937074,-5.334072838693032
arc_x0.8,10,553,69,144,1.7331080631462457,0.23005503789375328,0.7842942105094789,1.2666783607117598,4.318307975253629,0.9400211885571943,0.8662480708597604,0.8725477457875088,55.616363451552566
arc_x0.8,10,554,69,184,1.7331080631462457,0.6204560888660472,3.3904868949267497,3.416218608963637,18.667951901422512,0.9919572485075802,0.832607726923595,0.8003440310384788,-0.5376421026075358
arc_x0.8,10,555,69,224,1.7331080631462457,10.20144310565515,70.96691709680849,56.16893830394323,390.74240249617066,0.993277770613675,0.39952930771573847,0.3403900415433344,-5.38126911219609
arc_x0.8,10,556,69,264,1.7331080631462457,8.273680946224896,56.1177045732403,45.55471905316985,308.9829402847821,0.9948786768017569,0.25032775723517714,0.21100146463402358,0.14054154029418733
arc_x0.8,10,557,69,304,1.7331080631462457,0.33549426177621905,1.9294171258348407,1.8472245834110563,10.623331462145007,0.9809449665403607,0.8600069416776743,0.8401296102262233,-1.9893208843016512
arc_x0.8,10,558,69,344,1.7331080631462457,13.582734002204711,91.31632211829738,74.78625722529206,502.7858127603851,0.9665973292402266,0.3383614580698329,0.3063911958455275,-1.1702156413031204
arc_x0.8,10,559,69,384,1.7331080631462457,4.020127740086337,25.69662052851056,22.13474159177586,141.48507011577914,0.8681444968979654,0.3652249410772017,0.3170930030683162,1.8385276647816047
arc_x0.8,10,560,69,424,1.7331080631462457,3.768208326136824,24.681875519967726,20.747678421090562,135.89790473253248,0.9923932902279794,0.5856489026693341,0.5366643697554945,-0.396676230654957
arc_x0.8,10,561,69,464,1.7331080631462457,5.601391186682964,37.43682984589553,30.841145975380233,206.12642389228742,0.9832734567089008,0.4342175137605423,0.37963706686683496,-3.6277410608056324
arc_x0.8,10,562,69,504,1.7331080631462457,9.48134500940016,61.92190015919526,52.20409282841323,340.94072315873626,0.9865949889417525,0.4045604266841904,0.357089109367466,13.693784721743608
arc_x0.8,10,563,69,544,1.7331080631462457,0.40864860763736977,2.2115184265458736,2.250010924204594,12.176575487621788,0.9837073115102379,0.8201136840217186,0.8041829082911615,11.536622420293503
arc_x0.8,10,564,69,584,1.7331080631462457,7.101312753648746,50.11027708375185,39.099683623740155,275.9061666824831,0.9504785101790749,0.3194307488247177,0.2668730277047598,-26.178844949860594
arc_x0.8,10,565,69,624,1.7331080631462457,9.482645191068219,64.13214747046943,52.21125160223971,353.11029991151884,0.9340858056666124,0.3556169075566235,0.30176102374020164,1.357733078028517
arc_x0.8,10,566,69,664,1.7331080631462457,3.6947992153037013,25.200874880821814,20.34348934954173,138.7555046600799,0.978960980097851,0.48356206756610187,0.4342763339276123,-0.20246913775467082
arc_x0.8,10,567,69,704,1.7331080631462457,5.657916944208155,38.14414180470324,31.152375646921122,210.02086915502557,0.9911877133433584,0.4811001928514332,0.43198258619026336,-0.18571993046759672
arc_x0.8,10,568,69,744,1.7331080631462457,0.2988746268354246,1.9181281683465046,1.6455976180494423,10.561174691763503,0.9825391433968698,0.787979574035562,0.7721717552275619,-9.660228023182075
arc_x0.8,10,569,69,784,1.7331080631462457,3.9119091711743117,26.188664782897114,21.53889235185892,144.1942557752205,0.9881563569184266,0.523606434187551,0.46813877134471243,-1.5944960182493793
arc_x0.8,10,570,69,824,1.7331080631462457,0.1672700530534949,0.8120943098808633,0.9209855108490244,4.471374757106204,0.9909243307656509,0.9038227400521284,0.8934984647871419,-15.84886895292979
arc_x0.8,10,571,69,864,1.7331080631462457,0.39057917838577794,2.2129297908486207,2.1505210141684836,12.18434643077408,0.9494104375879864,0.8296158278463308,0.8454748042895659,-39.978461255313285
arc_x0.8,10,572,69,904,1.7331080631462457,4.762811417977281,33.221658131397376,26.223942820538984,182.91777414341757,0.979195019362038,0.314405043397103,0.28134729774422285,17.829149180464785
arc_x0.8,10,573,69,944,1.7331080631462457,1.003794251570687,6.3185412270773345,5.526870738030339,34.78975951528732,0.9708854280831621,0.688291871583565,0.650434227131801,0.7953914579554315
arc_x0.8,10,574,69,984,1.7331080631462457,8.978698125075388,62.98067629683267,49.43652930412553,346.77032304345016,0.9829589527198838,0.3433983925837138,0.2924185561052104,-1.5010833021780885
arc_x0.8,10,575,69,1024,1.7331080631462457,3.4888854359103663,23.804681711459523,19.20973226724575,131.06809345971513,0.9924973494599086,0.14977795160702712,0.13803341699493973,-0.9336131070384447
arc_x0.8,10,576,69,1064,1.7331080631462457,6.790810956869012,46.49682812688307,37.39006704440382,256.01059020171067,0.9892075621031672,0.2503491226505808,0.2369996283687131,-1.5839218690172854
arc_x0.8,10,577,69,1104,1.7331080631462457,0.6434733383894855,4.034836340486491,3.5429511168077266,22.215726846494935,0.9181120807006019,0.7314599061942926,0.7058831605891374,-43.63249499011695
arc_x0.8,10,578,69,1144,1.7331080631462457,4.792251003409725,35.547579199748014,26.3860365793065,195.724248250557,0.9700800755279877,0.24769800150339008,0.22533061619790157,7.744559099900947
arc_x0.8,10,579,69,1184,1.7331080631462457,2.2918969356415264,16.932139374285843,12.619137924288605,93.22801509727687,0.9835431108878636,0.12227576375877232,0.1089405460341764,-9.841831139842297
arc_x0.8,10,580,69,1224,1.7331080631462457,3.3081448528647277,22.446436595626704,18.21457829216928,123.58962347044918,0.9722876527091578,0.43201492788926005,0.39363977963864594,32.706464167562
arc_x0.8,10,581,69,1264,1.7331080631462457,0.2609914779349477,1.4963054967485863,1.4370137705180661,8.238627639273094,0.8997559562725024,0.8606451567448037,0.8758882672870287,-160.64261886787682
arc_x0.8,10,582,69,1304,1.7331080631462457,2.2094333980518917,14.841640901710614,12.16509536313082,81.71777301540186,0.9726382872438852,0.6041221022296528,0.5636196481458198,36.27789883449034
arc_x0.8,10,583,69,1344,1.7331080631462457,0.547114404388019,3.2111261413027465,3.0124007855549086,17.68039523908416,0.9926499763351525,0.789259330979425,0.7697371078001792,-0.1840950611903948
arc_x0.8,10,584,69,1384,1.7331080631462457,1.1925860871088845,7.853993831745226,6.566354745616948,43.243930334748164,0.9892069584178969,0.628254324084422,0.5930212813405804,-0.8801299155047516
arc_x0.8,10,585,69,1424,1.7331080631462457,0.294149785794548,1.363786197456249,1.6195827393531312,7.5089790720123695,0.9804290372026148,0.7662161432788371,0.752759370280997,-3.7763416152870826
arc_x0.8,10,586,69,1464,1.7331080631462457,0.1450460981593481,0.904015265741075,0.7986208671029882,4.977489670954968,0.9733446612577089,0.2575220689602611,0.2630228159621991,-50.04142998515298
arc_x0.8,10,587,69,1504,1.7331080631462457,3.006519281846443,21.886115929752584,16.553834031386614,120.50450927768748,0.9797186210545233,0.10364648636512319,0.09262341635068716,9.702602410233043
arc_x0.8,10,588,69,1544,1.7331080631462457,2.6138676765108637,17.336791010107795,14.391902276573182,95.45601877594007,0.9803479221600576,0.533506830060666,0.4862736306468774,-0.5957540850527945
arc_x0.8,10,589,69,1584,1.7331080631462457,0.6321172339347502,1.9848461770751633,3.480424636594592,10.928522691181799,nan,0.865463093449637,0.8508760399876251,-0.49420824820163256
arc_x0.8,10,590,69,1624,1.7331080631462457,6.3276913027847925,41.93407093167059,34.840139646075265,230.888141863819,0.997583853190864,0.36709715678327476,0.33209640601341345,-3.928565690364067
arc_x0.8,10,591,69,1664,1.7331080631462457,0.09911058359608052,0.3097773035964072,0.5457008579688136,1.7056275346007574,0.9581697633726176,0.946469152398444,0.9427973293824556,26.140440985278477
arc_x0.8,10,592,69,1704,1.7331080631462457,4.331888653397269,30.773166171704254,23.85129084113014,169.43642720089872,0.9905874009884305,0.24817967505856778,0.21788932102832384,-0.4378368535383865
arc_x0.8,10,593,69,1744,1.7331080631462457,8.643303229196269,60.72557853292157,47.5898518273234,334.35380061043617,0.9935693461170856,0.231064926790448,0.2071455169499225,0.29671851131526245
arc_x0.8,10,594,69,1784,1.7331080631462457,0.17757505137691992,0.9675278709485571,0.9777246220763203,5.32718878376423,0.9826318570641767,0.8492255475190308,0.8342855627838486,2.944502504483567
arc_x0.8,10,595,69,1824,1.7331080631462457,9.653069777831547,69.41947905296323,53.1496059115509,382.2222400923107,0.9948378080190567,0.2727194720999956,0.2394174578119199,-1.058005410431987
arc_x0.8,10,596,69,1864,1.7331080631462457,3.5110131384963497,23.96938546273684,19.33156694774023,131.9749489651676,0.9877353437395896,0.48648920675166607,0.44545714525790997,-4.045636012963888
arc_x0.8,10,597,69,1904,1.7331080631462457,3.5898852867937734,25.000379248206524,19.765835392482288,137.65157978377144,0.9805937785609475,0.4478745868104496,0.4074231114886323,2.256691162608567
arc_x0.8,10,598,69,1944,1.7331080631462457,4.397416786516319,30.815851672389577,24.212087409636823,169.6714526997066,0.9882034793338138,0.36860531520123346,0.3208822090477865,2.9637943495871504
arc_x0.8,10,599,69,1984,1.7331080631462457,1.110502474784099,7.5136512225432694,6.114404045242036,41.370010848997126,0.9872685487342512,0.6525832363754264,0.6228342578372068,1.968601914156235
arc_x1.2,10,0,58,24,3.104460572364717,8.31126713194135,31.51204733649622,45.76166782744843,173.50469186985904,0.9972641135881964,0.37990882686730504,0.18662213043475262,-25.88818639328092
arc_x1.2,10,1,58,64,3.104460572364717,0.2599995754567307,0.2363553295596184,1.4315523756423143,1.3013676385140986,0.9782673458859669,0.8983676791704104,0.8793279227195384,-6.010656877755839
arc_x1.2,10,2,58,104,3.104460572364717,0.34285395163823795,0.36777626483742865,1.8877468861396511,2.024968635844934,0.9819015350687517,0.9043065308582112,0.8842410231951817,63.0302129265801
arc_x1.2,10,3,58,144,3.104460572364717,2.6176544889889173,5.535787931068302,14.412752389076429,30.47993578394025,0.9835832568384824,0.6672842857165681,0.43492111784652077,50.48346856512893
arc_x1.2,10,4,58,184,3.104460572364717,0.48191598324385393,0.6669746968243052,2.653419604477594,3.672349118474028,0.945026611040491,0.8752458027770853,0.9213641997068324,188.36840721586267
arc_x1.2,10,5,58,224,3.104460572364717,0.8388348301853901,2.6138295908455857,4.618607518162107,14.391692577674593,0.9959114747510214,0.7355629699013554,0.585077279999145,-104.72725995859469
arc_x1.2,10,6,58,264,3.104460572364717,0.5849515695691522,0.5968332581958478,3.22073144766261,3.286151783639347,0.9810269722430498,0.9007580967907851,0.8808200243183691,13.66238200115714
arc_x1.2,10,7,58,304,3.104460572364717,1.0997376334464577,2.727232559036989,6.055133047728897,15.016087014604397,0.9858804235210309,0.740920168420192,0.6111033784647422,28.368593774392714
arc_x1.2,10,8,58,344,3.104460572364717,0.6304988033686814,0.5669772125113892,3.4715135908069286,3.1217650031925266,0.9653928155934058,0.9392107599066619,0.9304208932834293,-14.828306057737903
arc_x1.2,10,9,58,384,3.104460572364717,0.6322182840683847,0.7516993287407934,3.4809810165756336,4.138841219018453,0.9770730113923902,0.8677061571097572,0.805604603226582,-18.75639419350468
arc_x1.2,10,10,58,424,3.104460572364717,0.7000069679198795,0.5149725616615957,3.8542241314491927,2.835428453074349,0.9731580770466182,0.9238289273767071,0.9177154294622824,8.29485327849385
arc_x1.2,10,11,58,464,3.104460572364717,5.602523939177702,20.572409708386495,30.84738288758291,113.27126953570301,0.9888392768116492,0.3674952494358156,0.19290814712094034,-2.9233666162693597
arc_x1.2,10,12,58,504,3.104460572364717,1.1037593793079599,1.911090220173239,6.077276698664286,10.522423892230899,0.9822689308845535,0.7693261603283637,0.6744401252247223,32.79236604817752
arc_x1.2,10,13,58,544,3.104460572364717,0.4150516969859542,0.6085902593328018,2.2852662039577005,3.350885592832958,0.9832143555184131,0.8690628645666912,0.8166448701139243,44.61907350494486
arc_x1.2,10,14,58,584,3.104460572364717,1.7491376394887994,5.542264655915444,9.630716276120593,30.515596499251114,0.9881628398565351,0.6821569051724368,0.4781652471765195,-35.31946945016253
arc_x1.2,10,15,58,624,3.104460572364717,0.7939378053087391,1.1423194425077436,4.37140541212583,6.289587622563293,0.983231624061175,0.8482178706926815,0.77386175254815,28.937848487290474
arc_x1.2,10,16,58,664,3.104460572364717,0.8385886846824422,1.1553381751923826,4.617252246027991,6.361268500002452,0.9852210356219474,0.8368738612470221,0.7797711844997981,54.26506870514291
arc_x1.2,10,17,58,704,3.104460572364717,0.19660226406646214,0.17882597262243133,1.0824880682462499,0.9846121690179164,0.9813215190348509,0.9300780595679105,0.9266523738501871,-14.321474010467929
arc_x1.2,10,18,58,744,3.104460572364717,0.5826698714913094,0.5703875130138586,3.2081684644419783,3.14054204841419,0.9595982042901946,0.9067574899968021,0.8865324532692325,-45.67840312256285
arc_x1.2,10,19,58,784,3.104460572364717,6.033674095781511,20.92990916613939,33.221286882851,115.23965428070873,0.9741347460251591,0.4815341798718591,0.2612798129843102,-7.218517952760562
arc_x1.2,10,20,58,824,3.104460572364717,3.2024376367508,12.207124849836656,17.632556509692897,67.21218120394285,0.9904869185188157,0.40201173345187974,0.2466580275293793,73.71845804566333
arc_x1.2,10,21,58,864,3.104460572364717,0.4076303222821581,0.37472892317321427,2.2444042657445777,2.0632498312666536,0.964196718883155,0.8116583331495818,0.8157837106487242,29.336709129780164
arc_x1.2,10,22,58,904,3.104460572364717,5.883303984080274,17.41876604432345,32.39335210544467,95.90737164745394,0.9933289942733519,0.5216591137772835,0.24613325545210274,9.311598160003307
arc_x1.2,10,23,58,944,3.104460572364717,0.2774681898499832,0.23750724470323537,1.5277342112853571,1.3077100598718507,nan,0.9721263451164658,0.9703160071086228,-51.43344913402899
arc_x1.2,10,24,58,984,3.104460572364717,0.5623892165178201,1.0399790046144441,3.0965035905440885,5.726103252509739,0.9843649909124685,0.8577321463659813,0.7997648442225934,7.636856865469182
arc_x1.2,10,25,58,1024,3.104460572364717,0.8111380077280597,2.1344316295779535,4.466109376898283,11.752137150996703,0.9912688660742917,0.7577133275736088,0.6814228505554905,56.74711436022033
arc_x1.2,10,26,58,1064,3.104460572364717,0.6925343211828362,1.4094014771331214,3.813079890463575,7.760135874373696,0.8737686049652365,0.858043603873616,0.7646813733189011,-51.91991708952611
arc_x1.2,10,27,58,1104,3.104460572364717,0.31994162901140744,0.2761544438031683,1.7615921036547044,1.520500752265261,0.9797587941020822,0.943298848753453,0.9238514792092245,38.28251901932588
arc_x1.2,10,28,58,1144,3.104460572364717,2.2407244129004167,7.195007027696039,12.337383054616376,39.6155623914684,0.9845440078071521,0.7061024304939283,0.44295411503319104,54.02411246182173
arc_x1.2,10,29,58,1184,3.104460572364717,0.7608326813226265,1.455487675555366,4.189129272616749,8.013885545771398,0.9941398283656124,0.8384690352697336,0.7766798620616482,-2.8746634720640105
arc_x1.2,10,30,58,1224,3.104460572364717,0.8086111811941914,2.9275435583253278,4.452196721383208,16.118995303569005,1.003248127926287,0.7349770724653066,0.6028083772418459,24.142075115622813
arc_x1.2,10,31,58,1264,3.104460572364717,1.8290057396827095,4.4472377086896575,10.070468411753053,24.4864003940663,0.9948785138949431,0.73861402036148,0.501487566590376,28.855369803434776
arc_x1.2,10,32,58,1304,3.104460572364717,0.3504753593853553,0.34764239644526956,1.9297102022218358,1.9141119658790948,nan,0.9564668778096346,0.9329105800596833,19.602635171011244
arc_x1.2,10,33,58,1344,3.104460572364717,2.003325129964846,5.250156221537615,11.030267430041997,28.907253399289672,1.0035380716753417,0.7104342269294547,0.5537045386297882,10.543444133170198
arc_x1.2,10,34,58,1384,3.104460572364717,6.982756872185033,16.158034284906048,38.44691735111218,88.96580821577804,0.984016150284806,0.31127953313258644,0.20996265537389666,51.21674045601341
arc_x1.2,10,35,58,1424,3.104460572364717,1.4535241125054859,3.6202370993153763,8.003074207545781,19.93295185505352,0.9775245706550824,0.6852449596851459,0.5457760298358745,-43.118647621358576
arc_x1.2,10,36,58,1464,3.104460572364717,1.299980587979835,2.8107590842751558,7.1576666836563065,15.475982364140245,0.8870857387538551,0.7853074374466357,0.6404600125980275,125.78097297019303
arc_x1.2,10,37,58,1504,3.104460572364717,1.6478083780861503,5.249770804331451,9.072799423263332,28.90513129998959,1.0007574817080114,0.709347053764501,0.46741303001971996,-173.93217772885458
arc_x1.2,10,38,58,1544,3.104460572364717,5.6084691775393205,20.792641566602764,30.88011724911171,114.48386166885474,0.9973567137591788,0.5355231145784639,0.31104638735136436,-28.46487038583388
arc_x1.2,10,39,58,1584,3.104460572364717,1.354195881701603,4.753342518005003,7.45617498847644,26.171807249831907,0.9767726130471899,0.6647636154153997,0.5012577213774476,4.418368597184078
arc_x1.2,10,40,58,1624,3.104460572364717,0.36497051831876914,0.30154624832765337,2.009520252565148,1.660307511660994,0.9763901636464568,0.944312581555046,0.9336849723362391,15.958255230097178
arc_x1.2,10,41,58,1664,3.104460572364717,2.129384480964311,6.322052484787743,11.724347653358535,34.80909242884304,0.9895021264677748,0.6774971785625167,0.43015679734727497,-15.650729260813279
arc_x1.2,10,42,58,1704,3.104460572364717,0.7901817641316417,2.420830578751849,4.350724725779943,13.329043941521768,0.9879775121843521,0.7689585015918555,0.6130140262012185,9.11984202821626
arc_x1.2,10,43,58,1744,3.104460572364717,1.4469404544638238,4.296920597499721,7.966824720240267,23.65875743639749,0.9878042875113677,0.6888492849364165,0.4982012650119494,-4.264432273208626
arc_x1.2,10,44,58,1784,3.104460572364717,0.23453198148452215,0.21309522609320722,1.2913283210885158,1.1732979817981843,0.9764170618355893,0.9395783661979942,0.9368666480052773,-7.570409186070355
arc_x1.2,10,45,58,1824,3.104460572364717,1.4542238698099248,3.5314550251987518,8.006927057035181,19.444119560259033,0.9854366791066379,0.7149056022017419,0.5236323497007255,-6.670336973373091
arc_x1.2,10,46,58,1864,3.104460572364717,0.19341166091126555,0.18270535352478703,1.0649206721513524,1.0059719613830886,0.9756678653156223,0.9549763621769962,0.9508734113280474,-3.550624625120817
arc_x1.2,10,47,58,1904,3.104460572364717,0.614380338011059,0.6494154167321705,3.382765648300181,3.5756680793365327,0.9775394215737897,0.8772642448804512,0.8615553449004251,25.72507527834929
arc_x1.2,10,48,58,1944,3.104460572364717,0.5011773540040523,0.6576878540950498,2.7594723202231943,3.6212159512450888,0.9797871038087717,0.834261408203745,0.7698699741239257,-52.50246799112778
arc_x1.2,10,49,58,1984,3.104460572364717,1.2427172034302731,2.539103044399119,6.842375652718116,13.980249732427378,0.9850280370572854,0.7247911609289731,0.6167189448393652,28.188604093387024
arc_x1.2,10,250,63,24,2.604344556157724,1.948853212629443,3.257741708242018,10.730346160823366,17.937059602772454,1.0012295090020218,0.6585819015661003,0.4876810505919723,11.976920612995968
arc_x1.2,10,251,63,64,2.604344556157724,2.100516439309521,2.900497172327981,11.565400803009029,15.970078452227897,0.9960666531236326,0.729712407152901,0.6409415866728743,-4.515573592223131
arc_x1.2,10,252,63,104,2.604344556157724,0.19435759212165077,0.21153317294982563,1.0701289501612006,1.1646973489534602,0.9799372369983677,0.922920730539913,0.8978773934510242,19.458781657583533
arc_x1.2,10,253,63,144,2.604344556157724,2.1328553452167283,2.4432692135652383,11.743458161355909,13.452590608537859,0.9784601699561475,0.6363555998943964,0.4705604002610695,-56.38771853258317
arc_x1.2,10,254,63,184,2.604344556157724,4.687809542051606,7.666947552536395,25.810984016777784,42.21405732481696,0.9872327625249449,0.4763126773824117,0.31273226418585814,-6.856643799136917
arc_x1.2,10,255,63,224,2.604344556157724,0.7931437606968901,0.646207378381258,4.367033418639065,3.5580046854085503,0.9663161551835544,0.8445925160927815,0.8194032258918365,17.98520408250629
arc_x1.2,10,256,63,264,2.604344556157724,0.5334649749286229,0.5890391329958191,2.9372473044985044,3.2432374887734636,0.9665094608423052,0.8766383675194145,0.827719579309759,-54.02731556821088
arc_x1.2,10,257,63,304,2.604344556157724,0.43781151839543303,0.3677239392991599,2.4105813178408635,2.024680532495212,nan,0.9708899221650815,0.9658337107231527,48.53840011681799
arc_x1.2,10,258,63,344,2.604344556157724,0.31576445881637427,0.24670743722629768,1.7385926894992871,1.3583661328274328,0.9821158896221329,0.9219073833524093,0.9154284738297547,-62.6648400507033
arc_x1.2,10,259,63,384,2.604344556157724,2.90003446796894,4.428099779684958,15.967530811435632,24.38102734611642,0.9895449563766391,0.5577618020071213,0.3951005724548705,-24.41846532744783
arc_x1.2,10,260,63,424,2.604344556157724,1.018495102670719,1.36033555635727,5.607813325260513,7.489979912286609,0.9903213158585988,0.7221306711418061,0.5952605894599855,-18.30251690572404
arc_x1.2,10,261,63,464,2.604344556157724,2.560747501533462,4.486182397808309,14.099423673291422,24.700829060453625,0.9837938212061181,0.6837750636577036,0.5435446883614894,-3.821059429397053
arc_x1.2,10,262,63,504,2.604344556157724,2.5180794109481552,3.7266881373374874,13.864494034140213,20.51906910583151,0.9869068924704333,0.6304667848626847,0.42938092464682887,-4.410436910945527
arc_x1.2,10,263,63,544,2.604344556157724,0.7808316251413945,0.7708082725264129,4.299243050625048,4.244054674941467,0.9698137148067909,0.829184099951432,0.7732831004053771,74.24342325587233
arc_x1.2,10,264,63,584,2.604344556157724,2.68691115512229,3.690361818826699,14.794078184544107,20.319057134769224,0.9896106457671688,0.6682689824410856,0.4997276626945778,18.845676497968956
arc_x1.2,10,265,63,624,2.604344556157724,1.499279462705998,1.06808935251619,8.255002235362081,5.880878256461902,0.955987866676534,0.7539390758583723,0.7239560773330339,-43.24414488792658
arc_x1.2,10,266,63,664,2.604344556157724,0.753505002234569,1.1414102699792719,4.148783220558679,6.284581737108611,0.9704252822148841,0.7412523938692117,0.6395814470698187,71.96803255540647
arc_x1.2,10,267,63,704,2.604344556157724,0.6878712497998969,0.7770705862404086,3.7874051142478447,4.278534846913056,0.9544112312658718,0.871776395904784,0.8388049669717258,-16.424212204769802
arc_x1.2,10,268,63,744,2.604344556157724,0.34893700483036216,0.31201426914759767,1.9212400533228924,1.7179442214392313,0.9611298035614015,0.9078966460642998,0.8773749060071301,-20.505415457806624
arc_x1.2,10,269,63,784,2.604344556157724,1.974087944283519,3.0721528405986307,10.869288080188541,16.915211071285626,0.9902786437028176,0.7374607180006166,0.6089002589963264,-13.136630695053489
arc_x1.2,10,270,63,824,2.604344556157724,1.0283285040074341,1.4227785648137148,5.661955833068421,7.833789847133802,0.9843536307182952,0.8078735193221036,0.7231210355310499,-11.84397798936748
arc_x1.2,10,271,63,864,2.604344556157724,0.7767607246421318,1.131564377650156,4.276828755253659,6.230370454150536,0.9853223225422066,0.7979196575006496,0.7047405741098116,12.710660348476331
arc_x1.2,10,272,63,904,2.604344556157724,2.3792718095183734,4.011035114681452,13.100222203176838,22.084677781185697,0.9952640951237594,0.6558080079985753,0.5043433093284155,19.160770897606128
arc_x1.2,10,273,63,944,2.604344556157724,2.786592686243698,5.107198218432115,15.342922667977748,28.120129541093917,0.9789672195856762,0.5671949045786221,0.41072507756910787,5.065109291305116
arc_x1.2,10,274,63,984,2.604344556157724,4.104384677723218,7.927958186350904,22.598658577126848,43.65117656721838,0.9626307925342782,0.5435676607605474,0.39620081149018077,25.586019160851873
arc_x1.2,10,275,63,1024,2.604344556157724,6.265575496266128,8.965911054953974,34.49813127844418,49.366123956048874,0.9964349620257696,0.3788246516293876,0.2542486975475277,-24.80411978812323
arc_x1.2,10,276,63,1064,2.604344556157724,0.9669577579941908,1.174778421174969,5.324049753430146,6.468306099085278,1.001238205019008,0.8244969778362995,0.753601723640426,5.412581009312226
arc_x1.2,10,277,63,1104,2.604344556157724,7.971945769711335,7.535847245800596,43.8933713067589,41.4922217017188,0.9985265515600755,0.6511419510303074,0.5206495974837986,67.90733408359714
arc_x1.2,10,278,63,1144,2.604344556157724,0.9148630473317031,1.3862498893107296,5.037217335814548,7.6326637025872,0.9931167837292779,0.7328151535297058,0.6433961080031517,33.84728486188275
arc_x1.2,10,279,63,1184,2.604344556157724,0.9323043596592878,1.388779053985907,5.133248846839183,7.646589231860779,0.9978210907266993,0.7477163669699937,0.6701682510371558,-13.299791644784191
arc_x1.2,10,280,63,1224,2.604344556157724,1.412022394764271,2.346614088551427,7.774566593557157,12.920409455593807,0.9995939669079213,0.7681862936256318,0.6659326569550963,-5.702617284787875
arc_x1.2,10,281,63,1264,2.604344556157724,1.1987795719945293,1.853654835260098,6.6004559474592,10.206185830788291,0.9934846374186219,0.7314807259224474,0.6317820369205509,-3.9531854035936456
arc_x1.2,10,282,63,1304,2.604344556157724,0.572763184966654,0.7908447413411422,3.153622449879449,4.354375064814498,1.0030472458634558,0.856942430814858,0.8150054692477329,30.94064099489049
arc_x1.2,10,283,63,1344,2.604344556157724,0.6947718002956462,0.5953139009742028,3.825399404961883,3.2777862336715273,0.9745544287049303,0.8910796874141841,0.8581565988830091,23.840614632506494
arc_x1.2,10,284,63,1384,2.604344556157724,0.23523509651171087,0.19924869411204915,1.2951996581311,1.0970592582648342,0.9750158192136615,0.9719997780093651,0.9655636179942636,15.622533701955001
arc_x1.2,10,285,63,1424,2.604344556157724,0.7623378369559191,1.0111404981387473,4.197416628927875,5.567319022255752,0.986334997270732,0.7318599524004517,0.6570345737969223,0.7105483664116637
arc_x1.2,10,286,63,1464,2.604344556157724,0.20255309625174936,0.1509548516592402,1.1152532292544237,0.8311543437250032,0.9575585175897748,0.9312782392266594,0.9285427980182352,1.657178585446483
arc_x1.2,10,287,63,1504,2.604344556157724,0.2955302214295207,0.24105405738979133,1.62718338988956,1.3272387384032602,0.9825213296563545,0.9217431058447761,0.898809443231235,13.928194423236764
arc_x1.2,10,288,63,1544,2.604344556157724,2.3578914123100247,4.066746174186212,12.982502170895934,22.391421741992136,0.9849651621635176,0.5850050140866067,0.4441839490486085,15.622721113958256
arc_x1.2,10,289,63,1584,2.604344556157724,0.26797564413506736,0.24956462010020672,1.4754684476001292,1.3740977236333174,0.9845827205788313,0.9281723684891034,0.9085717013677767,-8.16303848631169
arc_x1.2,10,290,63,1624,2.604344556157724,3.737108616748178,6.233665961589416,20.576444053577102,34.322438029361585,0.9885410989829497,0.44685583491794584,0.33874450748143176,-2.264960513491801
arc_x1.2,10,291,63,1664,2.604344556157724,2.406458874845402,4.0487864038263,13.249913632046605,22.292535611583816,0.9792353191500253,0.5865389736235097,0.4845310134320338,7.2255291827553325
arc_x1.2,10,292,63,1704,2.604344556157724,0.15885265070743831,0.15419345218543473,0.8746394646908072,0.8489860123686384,0.9350017504776862,0.8410981705379202,0.8399219707080681,93.4870126291944
arc_x1.2,10,293,63,1744,2.604344556157724,2.575955509527554,4.2865045203167345,14.18315865606778,23.601406727228124,0.9733480004021564,0.5360532771811963,0.40255183780314496,-1.6850203647024464
arc_x1.2,10,294,63,1784,2.604344556157724,3.301797141150692,4.85604560645177,18.17962792054595,26.737288366458728,0.9901181146704643,0.3775599295240664,0.27089708044942357,5.334728666748189
arc_x1.2,10,295,63,1824,2.604344556157724,0.7405600037642763,0.9484301802089853,4.077508322204403,5.2220372868839355,0.9873013313648827,0.7384688527095946,0.6572031089996783,-2.7123781358065133
arc_x1.2,10,296,63,1864,2.604344556157724,1.2013120867153886,1.8477194065592886,6.614399922016184,10.173505481052437,0.9835859780630766,0.6864307009755984,0.5671698051886584,15.412129536729399
arc_x1.2,10,297,63,1904,2.604344556157724,0.2911968519879193,0.36443097758583753,1.6033239458586883,2.0065495522606294,0.9089031497434613,0.8311600311497174,0.8626397475115923,235.49719085866843
arc_x1.2,10,298,63,1944,2.604344556157724,2.327419964285361,3.3960084849138554,12.814726997677512,18.698353663615695,0.9835381169430737,0.6396727664474644,0.5357214977968995,6.8449341515605635
arc_x1.2,10,299,63,1984,2.604344556157724,0.37187847951790515,0.6136885417655924,2.047555346461345,3.3789566322396034,0.9443344003561409,0.8183996314865505,0.7952554314733274,-140.9786616103462
arc_x1.2,10,550,69,24,2.599660399894353,3.9321219029790426,6.641339231624554,21.650183242170773,36.56707876456077,0.9865133202594741,0.5829067781808444,0.3977684576888251,-15.235904777572776
arc_x1.2,10,551,69,64,2.599660399894353,6.224072517275091,11.48584390477184,34.26961672003967,63.240822986917955,0.9905522165294878,0.4629021072539806,0.28263708804053433,39.12711848054518
arc_x1.2,10,552,69,104,2.599660399894353,4.716590019712502,7.333763410056673,25.969448741557432,40.379552211278536,0.9880939698357932,0.32757595299654974,0.20725899431787037,13.309199718881205
arc_x1.2,10,553,69,144,2.599660399894353,0.3173192908817262,0.29281209974138356,1.7471535632352133,1.6122174671448701,0.9242616954921328,0.8662480708597604,0.8739072085735777,-60.0912191451676
arc_x1.2,10,554,69,184,2.599660399894353,0.8877615061148509,1.0101468858457465,4.887996800956369,5.561848213174569,0.9997520607475192,0.832607726923595,0.7331496350166132,3.8122378764548968
arc_x1.2,10,555,69,224,2.599660399894353,10.462819437713545,19.176139317826348,57.60807107343938,105.58343315699305,0.9934940502478629,0.39952930771573847,0.24412270774044495,7.445791840533767
arc_x1.2,10,556,69,264,2.599660399894353,8.910347202837169,14.51958356650599,49.06019051612721,79.944531876468,0.9945532843545525,0.25032775723517714,0.16001342269744584,2.6150916817559207
arc_x1.2,10,557,69,304,2.599660399894353,0.4653166430121617,0.6074244962881048,2.5620239746923117,3.3444669252134425,0.9818837657146519,0.8600069416776743,0.7765638932823393,17.872256028969066
arc_x1.2,10,558,69,344,2.599660399894353,14.006419730952961,25.457124283163335,77.11906223256885,140.16640865880575,0.9615959297045298,0.3383614580698329,0.22149204167934947,7.401794568234331
arc_x1.2,10,559,69,384,2.599660399894353,4.124298571593089,7.70532752273377,22.708304071845927,42.42537666030671,0.853991587454935,0.3652249410772017,0.21134752755671593,-51.90866402629005
arc_x1.2,10,560,69,424,2.599660399894353,4.044463080933468,7.138091167764199,22.26873148364618,39.30218482400883,0.9918739267532832,0.5856489026693341,0.3798373507044266,-9.320544307484044
arc_x1.2,10,561,69,464,2.599660399894353,5.923580704881902,10.24447899251148,32.615114911192975,56.405893021883934,0.9771583650429682,0.4342175137605423,0.26770077093785716,8.53741948537453
arc_x1.2,10,562,69,504,2.599660399894353,9.999348887219668,17.675704845238414,55.056211646614365,97.32207146070697,0.9978647469214001,0.4045604266841904,0.26511570252994776,-9.920563038061605
arc_x1.2,10,563,69,544,2.599660399894353,0.6340820472965912,0.7488870928116212,3.4912428590124414,4.123357105176341,0.9833577507848211,0.8201136840217186,0.7616115908962219,-39.282429030330604
arc_x1.2,10,564,69,584,2.599660399894353,7.569993560556377,12.538009273780393,41.68023061643413,69.03402411398453,0.9331726260480836,0.3194307488247177,0.1855020070128567,48.904278016574395
arc_x1.2,10,565,69,624,2.599660399894353,10.280591233941802,16.364811534512306,56.60472628889421,90.10431954750861,0.9380308491672159,0.3556169075566235,0.19759665125441064,-7.197163492462794
arc_x1.2,10,566,69,664,2.599660399894353,3.8844350259713933,6.702086470464236,21.387620267029977,36.90155182637979,0.9814324317102245,0.48356206756610187,0.3261598429822937,5.976411731760563
arc_x1.2,10,567,69,704,2.599660399894353,6.117986363944205,10.271260704106336,33.68550851695202,56.55335258134681,0.989722501160877,0.4811001928514332,0.31484869122216713,11.349958284162108
arc_x1.2,10,568,69,744,2.599660399894353,0.4953072331791601,0.5184522580168685,2.7271515543241733,2.8545875904504547,0.9898000848636318,0.787979574035562,0.7505352615066399,32.778976214016815
arc_x1.2,10,569,69,784,2.599660399894353,4.125912370239734,7.370526374495633,22.717189614379425,40.581968345942585,0.9842650304946376,0.523606434187551,0.3422430472038008,-3.0872573499637594
arc_x1.2,10,570,69,824,2.599660399894353,0.38315334470355483,0.2948218222130466,2.10963452491081,1.623282958208219,0.990074768434657,0.9038227400521284,0.8682835814720342,14.408420497532848
arc_x1.2,10,571,69,864,2.599660399894353,0.7000472856448154,0.5682496229471733,3.854446120022871,3.128770869178804,0.9388560460271611,0.8296158278463308,0.8485203216098646,35.689842939960705
arc_x1.2,10,572,69,904,2.599660399894353,5.433699807133867,8.341367213016383,29.917840649413662,45.92739826179355,0.9869391171405825,0.314405043397103,0.2114891884206745,-24.709552027684925
arc_x1.2,10,573,69,944,2.599660399894353,1.1633559968001077,1.9646256823268604,6.4054144627404765,10.817189058260489,0.9685801749181203,0.688291871583565,0.5662739752778292,-2.82028486959927
arc_x1.2,10,574,69,984,2.599660399894353,9.142776985892437,16.25666941457272,50.33994417541028,89.5088912340794,0.9828700796416194,0.3433983925837138,0.2183800291989024,0.7314327547170792
arc_x1.2,10,575,69,1024,2.599660399894353,3.682524651464385,6.383766680339989,20.275905850633013,35.148889534659375,0.9927165419862566,0.14977795160702712,0.11544502180667769,-0.9740958604619527
arc_x1.2,10,576,69,1064,2.599660399894353,7.323516890233364,12.469756033473049,40.32313508148378,68.65822316071134,0.9899817310623916,0.2503491226505808,0.1974418965140134,-8.158457977391063
arc_x1.2,10,577,69,1104,2.599660399894353,0.7496451732796089,1.1695411377297367,4.127531080818299,6.43946972293057,0.9386558058000114,0.7314599061942926,0.6341125570019052,97.56265599539022
arc_x1.2,10,578,69,1144,2.599660399894353,4.818952883804103,8.323989263348075,26.533056589802825,45.831715624282474,0.9654409934031162,0.24769800150339008,0.18343121069213028,-13.622265472084505
arc_x1.2,10,579,69,1184,2.599660399894353,2.4419961442869584,4.03100414852961,13.445581114978197,22.19462687550401,0.9828402991161899,0.12227576375877232,0.09283852540249943,12.094419700078184
arc_x1.2,10,580,69,1224,2.599660399894353,3.453462960905216,6.10617467827934,19.014696840146783,33.62047361585968,0.9871160458388606,0.43201492788926005,0.30560769011191313,-50.168862190982054
arc_x1.2,10,581,69,1264,2.599660399894353,0.43887171585840673,0.48728612790018566,2.416418743513978,2.68298751175902,0.8566304593513884,0.8606451567448037,0.9095573673815567,214.4481278476002
arc_x1.2,10,582,69,1304,2.599660399894353,3.2605359222094825,4.133757843249695,17.95244448805986,22.760386629242696,0.9966269506945304,0.6041221022296528,0.4584633480294106,-59.696526942293524
arc_x1.2,10,583,69,1344,2.599660399894353,0.6660193068229993,1.0455986844083813,3.6670887605537046,5.757045095184781,0.9932078650059083,0.789259330979425,0.7122824649858136,-2.6294817647809268
arc_x1.2,10,584,69,1384,2.599660399894353,1.398998750863885,2.156588184121601,7.70285867506396,11.874130689783405,0.9892310843798535,0.628254324084422,0.5107605779001418,-10.566812379116167
arc_x1.2,10,585,69,1424,2.599660399894353,0.5017301509940392,0.5991928608269064,2.762516009209507,3.299143707745877,0.9803796097857905,0.7662161432788371,0.7220328042191986,11.220969768712768
arc_x1.2,10,586,69,1464,2.599660399894353,0.274264182246028,0.22847306927378913,1.5100930105681603,1.2579680736579328,0.9721916104855082,0.2575220689602611,0.2753996460544092,51.562761858364055
arc_x1.2,10,587,69,1504,2.599660399894353,3.153778799255432,5.221000185625936,17.364641939870534,28.7467208584178,0.981043530490258,0.10364648636512319,0.07973474019665443,-15.564175602430767
arc_x1.2,10,588,69,1544,2.599660399894353,2.7845597050604387,4.954150685403766,15.33172911492129,27.27745293630311,0.9781972416479408,0.533506830060666,0.37457316097364896,-3.9913880118719725
arc_x1.2,10,589,69,1584,2.599660399894353,0.9254725307569961,1.0115406410815724,5.09563293582134,5.569522201162455,nan,0.865463093449637,0.807400529619276,-3.160529798637005
arc_x1.2,10,590,69,1624,2.599660399894353,6.641225554365991,12.374307667593019,36.56645285988663,68.1326863990197,0.9989581976345616,0.36709715678327476,0.2659951294386435,5.370628184075799
arc_x1.2,10,591,69,1664,2.599660399894353,0.2743452813824095,0.2198038389149121,1.5105395407640096,1.2102354675817886,0.9575336169643729,0.946469152398444,0.9373144404369728,-25.64738459243348
arc_x1.2,10,592,69,1704,2.599660399894353,4.635936497280847,7.3841729783410655,25.5253720870547,40.65710626922597,0.9910904855480869,0.24817967505856778,0.164719979627617,5.470886421168695
arc_x1.2,10,593,69,1744,2.599660399894353,8.880703264412029,15.343149188379986,48.89697159393721,84.47906744415114,0.993637528182582,0.231064926790448,0.16062713055520447,0.6122808039908374
arc_x1.2,10,594,69,1784,2.599660399894353,0.3079495723113813,0.35394205370783743,1.69556408331043,1.9487977506697791,0.9824713944607654,0.8492255475190308,0.8106044901954864,7.329060533465779
arc_x1.2,10,595,69,1824,2.599660399894353,9.924253731361429,16.808534497985242,54.64273924544122,92.54744916174307,0.9948906810316728,0.2727194720999956,0.1792861483755149,2.5657786053286875
arc_x1.2,10,596,69,1864,2.599660399894353,3.663442253692247,6.483946963250555,20.170838556520444,35.70048013530251,0.994865378043232,0.48648920675166607,0.3550753079165675,10.88426802049207
arc_x1.2,10,597,69,1904,2.599660399894353,3.8086939364088055,6.364196408442364,20.970591368015082,35.04113601553229,0.9748735601533182,0.4478745868104496,0.32683379111326344,-3.301742946171209
arc_x1.2,10,598,69,1944,2.599660399894353,4.51075273196579,8.020678659652576,24.836112820712383,44.161693607842466,0.9919714161197846,0.36860531520123346,0.24021309723252096,-4.942948166855422
arc_x1.2,10,599,69,1984,2.599660399894353,1.2065204673736956,2.0208993234466694,6.643077160013788,11.12703058199987,0.9868511661502305,0.6525832363754264,0.5327029830724187,-4.4000795156302015
stellar_R42k,10,0,58,24,3.202364421804563,8.8061943490396,55.545690465475694,48.48672702095835,305.8334422387454,0.9971388877330315,0.37990882686730504,0.17046665701810276,-32.11547814719056
stellar_R42k,10,1,58,64,3.2084435937760922,0.28391657500873285,0.28901171447695867,1.56323888884819,1.5912926231558502,0.9785283039256002,0.8983676791704104,0.8786961712535786,-13.307172951046391
stellar_R42k,10,2,58,104,3.2151553176867567,0.35895282561695796,0.42788448923352007,1.9763869589125327,2.355923297131241,0.9824543110730111,0.9043065308582112,0.8829443345639303,59.94640716767284
stellar_R42k,10,3,58,144,3.2225748361105966,3.086311455289658,10.26369591371795,16.993168115873637,56.51170099929054,0.9834303208612457,0.6672842857165681,0.41664143200568754,62.8665084378618
stellar_R42k,10,4,58,184,3.2298429290387722,0.5224015294352184,1.1179420247405456,2.8763321985755406,6.155366056026677,0.9432419508204443,0.8752458027770853,0.9210837593366652,244.05415913511783
stellar_R42k,10,5,58,224,3.237131439326076,0.9595527377062325,5.208106116904898,5.2832778622980765,28.675726378227314,0.9992075225364548,0.7355629699013554,0.5640742450042168,-106.75645065120113
stellar_R42k,10,6,58,264,3.2450868314377144,0.61783752284086,0.7533985071617296,3.401800837674788,4.148196860853093,0.9813435056556159,0.9007580967907851,0.8789120542826013,29.494907292020912
stellar_R42k,10,7,58,304,3.252992080570066,1.2166226182305337,5.5742288953276615,6.69869939721475,30.691590951495037,0.9857725500810758,0.740920168420192,0.5913598745177876,34.716766513319804
stellar_R42k,10,8,58,344,3.2611196736555454,0.6898044077212628,0.7312743010043598,3.7980490424541187,4.026381431623463,0.9658510078696421,0.9392107599066619,0.9311265863861683,-15.681291052186255
stellar_R42k,10,9,58,384,3.2696412283061074,0.7738562377379516,1.3636900058135226,4.26083670941898,7.508449442783475,0.9760468881391937,0.8677061571097572,0.7990200803039726,-16.63655971743963
stellar_R42k,10,10,58,424,3.27774473480114,0.8072458485015066,0.630637535476455,4.444679227339914,3.472277446971356,0.9743356004827668,0.9238289273767071,0.9164221635210592,-4.466084335559243
stellar_R42k,10,11,58,464,3.286865656627818,6.433319113563586,54.03480503210113,35.42172422439102,297.5145377648776,0.9884709386944521,0.3674952494358156,0.16934692631439727,-6.444390970143228
stellar_R42k,10,12,58,504,3.295244757000543,1.2346124619140966,4.058748866009855,6.797751110731583,22.347388725790108,0.9817069926205716,0.7693261603283637,0.6609504335231354,59.823359299986706
stellar_R42k,10,13,58,544,3.3037676036375685,0.49961511237801837,1.2300349854793506,2.7508706495968194,6.772547618560121,0.9832375429949589,0.8690628645666912,0.8078339671090582,64.33398952128103
stellar_R42k,10,14,58,584,3.3127761884698823,2.195021888817615,15.171840607515406,12.085745886330029,83.53584588129357,0.988545039873335,0.6821569051724368,0.4395845958742761,-35.10433300534801
stellar_R42k,10,15,58,624,3.3224475248827976,1.0719961812443397,2.986715758067346,5.902389175997772,16.444796232143077,0.9820923497584194,0.8482178706926815,0.7641790939818505,33.964262968042625
stellar_R42k,10,16,58,664,3.3305260319037826,0.9827304650379857,2.8046773419862503,5.410893957691597,15.44249641476347,0.9846275772127666,0.8368738612470221,0.771390272294931,78.68179071350238
stellar_R42k,10,17,58,704,3.340146477208494,0.2277638886921241,0.24206493671336798,1.2540633397957388,1.332804619403688,0.9824947689279648,0.9300780595679105,0.9262524605491204,25.50468949901028
stellar_R42k,10,18,58,744,3.3493487964346205,0.6748555349941351,0.8238937549956369,3.715740853188418,4.536342261978636,0.9567625298356223,0.9067574899968021,0.8840841504643736,-51.60317269653707
stellar_R42k,10,19,58,784,3.358015165633306,8.423314844809969,70.778720472991,46.3786002561287,389.7061957122152,0.9725166200684768,0.4815341798718591,0.22116479940724135,-0.3749727829726829
stellar_R42k,10,20,58,824,3.3681877868850245,4.356602841338665,44.45063556810038,23.98736665739802,244.74429558026247,0.9919238797523857,0.40201173345187974,0.21605973990329724,121.57280961902364
stellar_R42k,10,21,58,864,3.3776927984975518,0.4345926128081121,0.495229998168765,2.3928580891301903,2.726726299927432,0.9638313362778498,0.8116583331495818,0.804076416618993,-94.5978832717218
stellar_R42k,10,22,58,904,3.387480955000194,8.439007211420423,66.65819930091968,46.46500210759781,367.01868992532667,0.9923760198800421,0.5216591137772835,0.1933036545380609,20.20630256367485
stellar_R42k,10,23,58,944,3.396468427318996,0.3146878763266293,0.2790306447007159,1.7326650482019428,1.536337055922588,nan,0.9721263451164658,0.9709350647944919,-48.73801902267101
stellar_R42k,10,24,58,984,3.4070496595706046,0.6239790761205953,3.1698139914706522,3.435616105150877,17.45293138214849,0.982238505452163,0.8577321463659813,0.7786800164517452,16.426255485866808
stellar_R42k,10,25,58,1024,3.4166121096624646,0.7893566383686716,7.4174154250404865,4.346181600107109,40.840138504802205,1.0082262764430647,0.7577133275736088,0.6545889052052686,138.88346144619547
stellar_R42k,10,26,58,1064,3.427775367650154,0.9113681853494316,5.131595709827576,5.017974696804565,28.25446163261957,0.8568741870527445,0.858043603873616,0.7368887571614374,-74.29466706119382
stellar_R42k,10,27,58,1104,3.4368633335223655,0.4147248586480159,0.5250377937565232,2.283466638714932,2.890847416322936,0.9747995302256837,0.943298848753453,0.9213168019541148,148.14908657689722
stellar_R42k,10,28,58,1144,3.4491555912910368,3.8892875117536634,28.542479932294988,21.414337955076874,157.15431412540875,0.9890714798758122,0.7061024304939283,0.36325143421374134,45.62341243877102
stellar_R42k,10,29,58,1184,3.4593278280997732,0.8487636370797194,4.9838500258322105,4.673275327030265,27.440976900796755,0.9939167427524651,0.8384690352697336,0.7437503098386135,-13.693108145461002
stellar_R42k,10,30,58,1224,3.470474070597173,1.1135989337133427,14.76996668491338,6.131453085143162,81.32313623513735,1.0047893195847417,0.7349770724653066,0.5504391035004714,62.572024541695775
stellar_R42k,10,31,58,1264,3.480654505433339,3.5886705469325264,20.05861650791816,19.75914705950674,110.44233462137767,0.9969514245430338,0.73861402036148,0.423989679693452,52.75804624916911
stellar_R42k,10,32,58,1304,3.492165673019823,0.4847670863995006,0.668181123168653,2.669117720478351,3.6789916773945746,nan,0.9564668778096346,0.9262280981369023,39.173537844563334
stellar_R42k,10,33,58,1344,3.5035282211006087,3.1889786726282083,30.286406457301972,17.55845172690802,166.7563381111551,1.0123141236259814,0.7104342269294547,0.49318571593401295,-15.4110747307029
stellar_R42k,10,34,58,1384,3.5166769541173046,8.554498987954982,89.46247083360838,47.100897480791275,492.57854528303585,0.9837269137245783,0.31127953313258644,0.17956605680256907,90.38451342764765
stellar_R42k,10,35,58,1424,3.5279605485331103,2.7738081317008416,20.57083802321039,15.272531170625472,113.26261586908197,0.9775041422612968,0.6852449596851459,0.5011418961717234,-78.0971583475692
stellar_R42k,10,36,58,1464,3.5397752785234173,2.469310560708455,15.61909526703042,13.59597373638455,85.99842094212234,0.860572577468877,0.7853074374466357,0.5951015747609142,230.23556011320588
stellar_R42k,10,37,58,1504,3.5518508256220866,2.95784379753814,31.386662415396604,16.285827804550724,172.81432504385725,1.0629526180347675,0.709347053764501,0.36644942335248154,-380.02434728739667
stellar_R42k,10,38,58,1544,3.5634547816597437,10.28296848199012,145.3515884306983,56.617815368309365,800.3028903252138,1.0042540694829147,0.5355231145784639,0.2341610525586705,-64.6406027150309
stellar_R42k,10,39,58,1584,3.576666572165794,2.0434127060397733,37.4367097595351,11.250988808771151,206.12576269922872,0.9747720705138656,0.6647636154153997,0.4340737577555336,44.762766293136295
stellar_R42k,10,40,58,1624,3.5894863382416813,0.5012545948763885,0.45292540916438134,2.759897606895664,2.4937980930893566,0.9736776309527426,0.944312581555046,0.9348738412069242,39.336439979034864
stellar_R42k,10,41,58,1664,3.6022096144530855,4.2724347345272395,46.13871798209127,23.523938772765707,254.03884302628643,0.9897258240169651,0.6774971785625167,0.3424824113419474,-29.878437877959374
stellar_R42k,10,42,58,1704,3.6162681126284157,1.7096207397274417,18.426100334953603,9.41313702956984,101.45373376856266,0.9865337654275618,0.7689585015918555,0.5378129100053506,30.025537118198525
stellar_R42k,10,43,58,1744,3.628464921344076,3.0410731503468194,33.29151649498726,16.744086928732507,183.30241287284593,0.98609874704768,0.6888492849364165,0.4205929300494382,-29.198028227476584
stellar_R42k,10,44,58,1784,3.6415750902523265,0.2819417684155416,0.3423042104038668,1.5523656439017284,1.8847200220816231,0.9732609831874133,0.9395783661979942,0.935573795684568,7.237181544172964
stellar_R42k,10,45,58,1824,3.6560720318378417,3.4155797423599124,28.24572772681379,18.806112609152407,155.52040251617845,0.9836245518797245,0.7149056022017419,0.441202667499065,-0.48979919955350787
stellar_R42k,10,46,58,1864,3.669733590740398,0.2404820437586365,0.311647126201059,1.3240892429814273,1.7159227398410615,0.9749344650828776,0.9549763621769962,0.9496522750665101,73.2934667599208
stellar_R42k,10,47,58,1904,3.6825407391540015,0.8710696006341433,3.0108426168545384,4.796091508792226,16.57763822603064,0.9715695802147776,0.8772642448804512,0.8366405705286676,54.86928918362878
stellar_R42k,10,48,58,1944,3.6980613697475992,0.8123990127752148,5.249035574844539,4.473052445046686,28.901083141384785,0.9771217888437389,0.834261408203745,0.7439541178190652,-58.094086217513
stellar_R42k,10,49,58,1984,3.7114522166188815,1.7640556819428759,21.182697271852145,9.712854714529774,116.63150045057851,0.9859501334163957,0.7247911609289731,0.5498367944391546,45.187399754496205
stellar_R42k,10,250,63,24,3.1902660477166154,3.416543914463406,52.98485020323062,18.811421321148803,291.733507826862,1.0044536393548695,0.6585819015661003,0.3337151955408163,20.87914269564066
stellar_R42k,10,251,63,64,3.1990661765944313,3.192160026732457,36.88864980009449,17.57596819791647,203.10815570678113,0.9940170020982756,0.729712407152901,0.5253884719138056,-24.149565595071984
stellar_R42k,10,252,63,104,3.207286205666011,0.293231794494996,1.6872621165838215,1.6145282979242015,9.290030905180544,0.9778006962642732,0.922920730539913,0.8775404236415015,30.962114169680245
stellar_R42k,10,253,63,144,3.215817126609654,4.858069339458684,36.70880342054798,26.748430999244277,202.11792519798817,0.9789068654678208,0.6363555998943964,0.3843518633242348,-178.61086863320017
stellar_R42k,10,254,63,184,3.2240799301191547,8.067285181881422,151.69214031974502,44.41830817153907,835.2138400977404,0.9857740329775406,0.4763126773824117,0.20276572702258946,-12.542359041324554
stellar_R42k,10,255,63,224,3.2325043949548067,1.2097812914177786,2.2818867666220664,6.6610311908950255,12.564022137213891,0.9763872196604367,0.8445925160927815,0.7962811139350284,86.92061106654275
stellar_R42k,10,256,63,264,3.24057444885744,1.0289003291895764,7.487437974487534,5.665104290893822,41.22568123822153,0.9606177296985977,0.8766383675194145,0.785900348950086,-138.54692966536547
stellar_R42k,10,257,63,304,3.248923995828015,0.5942468660746792,0.5430601678175563,3.271911161211802,2.9900782414366485,nan,0.9708899221650815,0.9640682398401887,49.836916902662125
stellar_R42k,10,258,63,344,3.25769723008456,0.5423502065849339,0.8923252761231935,2.986169209326157,4.91312482582276,0.9823979291192141,0.9219073833524093,0.9071196457376314,-104.72161073712886
stellar_R42k,10,259,63,384,3.2654946669691816,5.0834305999769605,95.19906110145402,27.989265517169773,524.1640946501643,0.9904365156292114,0.5577618020071213,0.2764395126313497,-136.83074844312966
stellar_R42k,10,260,63,424,3.2742970002595975,1.971575836169664,32.77637394864715,10.855456463994775,180.4660484875881,1.002651859399904,0.7221306711418061,0.4744154691594148,-43.19808852764834
stellar_R42k,10,261,63,464,3.2829665724739936,4.901888933218418,104.17098369057366,26.989700791459256,573.563317991091,0.982372681613057,0.6837750636577036,0.4425283573542601,8.322039152484429
stellar_R42k,10,262,63,504,3.2916455878660345,5.321210759429428,87.15586101059456,29.298478240101453,479.8783985000468,0.9903824283864672,0.6304667848626847,0.2948601997384053,-35.97545236324195
stellar_R42k,10,263,63,544,3.3002505663855017,1.3988334271737268,8.375758523613689,7.701948406187635,46.11675611863058,0.9737617198619637,0.829184099951432,0.7238125699219053,139.9810134359733
stellar_R42k,10,264,63,584,3.3089778778143435,5.984909635383818,93.07110645868357,32.95279075547616,512.447619656827,0.9947468440860964,0.6682689824410856,0.3793053491710941,66.178739737994
stellar_R42k,10,265,63,624,3.3184727556811664,3.7467462917927348,11.43899510305584,20.629508896400278,62.98287443729158,0.952140719636546,0.7539390758583723,0.7238566051812987,-68.0956000009647
stellar_R42k,10,266,63,664,3.327235435480667,1.3495700044675734,32.46827631027483,7.430705002488301,178.76966915555693,0.9879977001912156,0.7412523938692117,0.5137168066383371,150.13062157752185
stellar_R42k,10,267,63,704,3.3366617118673507,1.3008266849211867,17.11928770330069,7.162325276210883,94.25844999136491,0.9479703928267281,0.871776395904784,0.7850359897002237,-134.73746572481494
stellar_R42k,10,268,63,744,3.345984692221953,0.7849029747916194,3.7982503341488454,4.321659819012503,20.913089106331594,0.9541810919039688,0.9078966460642998,0.8529619848678655,-39.78430011489716
stellar_R42k,10,269,63,784,3.3554655539009786,3.355640893603398,78.89742557663021,18.476090526693536,434.4076209273818,0.9936212609411594,0.7374607180006166,0.455064320991797,-62.61369808504805
stellar_R42k,10,270,63,824,3.364856654322103,3.0325985758218463,30.071951064696314,16.697426093719713,165.57555108019693,0.9853190235153485,0.8078735193221036,0.6366723951249598,9.760756731805566
stellar_R42k,10,271,63,864,3.3751215092341313,1.5110840995201005,24.974597578448158,8.31999832562545,137.50962643432544,0.9857679439261223,0.7979196575006496,0.5922105357577819,75.89231031362986
stellar_R42k,10,272,63,904,3.3851310743142067,5.131778846065396,123.56745202886,28.25546997702112,680.359878254574,1.0056794007753986,0.6558080079985753,0.3434980349768566,122.64962955287216
stellar_R42k,10,273,63,944,3.3950079355644958,4.597124371246986,168.7394812290976,25.3116733103167,929.0761525045907,0.9738392256347866,0.5671949045786221,0.2488635693144044,-6.346826498128235
stellar_R42k,10,274,63,984,3.4048361314015563,8.0197911830799,273.10687324702724,44.15680717987922,1503.7208907523436,0.9512609479964147,0.5435676607605474,0.2066869367736352,103.3269189393407
stellar_R42k,10,275,63,1024,3.4157231289668326,16.553801485002616,291.3535419778124,91.14489437199308,1604.186677756911,1.0113478285661082,0.3788246516293876,0.14361581918954341,53.68015226779256
stellar_R42k,10,276,63,1064,3.426282150283735,2.527655619125035,22.31960665619921,13.917220441639826,122.89130040291704,1.0000905463509717,0.8244969778362995,0.6697244186385591,-91.77331255907504
stellar_R42k,10,277,63,1104,3.435493627684003,15.159053848507392,141.11174521571235,83.46544224620096,776.9583997963275,0.9973374334814267,0.6511419510303074,0.32963662464557725,139.98164754603877
stellar_R42k,10,278,63,1144,3.4469372824837197,1.4169787316363918,49.290180154836015,7.80185608359307,271.3907296676953,0.993244739570832,0.7328151535297058,0.5020376599881863,217.89620060447922
stellar_R42k,10,279,63,1184,3.4588008717284793,1.3327079520358283,47.82880960105143,7.337862884671508,263.3444531140161,0.9983653797499532,0.7477163669699937,0.5174967423786874,-3.1344136407400387
stellar_R42k,10,280,63,1224,3.4692381840706563,3.926058039572003,77.2857312094211,21.616795733554,425.5336645136664,1.0015309773648629,0.7681862936256318,0.5432171716354416,-62.68034413499541
stellar_R42k,10,281,63,1264,3.480568370573182,2.8009048399279033,60.17182919978693,15.42172509514014,331.30486804211677,0.9945500159376082,0.7314807259224474,0.44566037917749995,-153.22831011092407
stellar_R42k,10,282,63,1304,3.491230312379939,1.1895927892833926,19.975930229587576,6.549873708655405,109.98706565422941,1.0103923894378304,0.856942430814858,0.7648391854449215,88.05337589863387
stellar_R42k,10,283,63,1344,3.504240556666112,1.108015890722142,5.507723988178104,6.100712963959015,30.325416285038074,0.9605171977028653,0.8910796874141841,0.8338181759851961,22.085062077294396
stellar_R42k,10,284,63,1384,3.514721226442631,0.4071238467499258,0.39446145908206304,2.241615621762763,2.171896772740067,0.9683281218819302,0.9719997780093651,0.9629684531121384,40.45293516596835
stellar_R42k,10,285,63,1424,3.525963545720851,1.50533714759308,33.80271920471545,8.288355725173597,186.11708459783097,0.9909104969236174,0.7318599524004517,0.5564002301057245,-1.3206212655375558
stellar_R42k,10,286,63,1464,3.5381288924505374,0.6387532436554917,1.8028811260258002,3.516962371180601,9.926626820175109,0.9589282838204929,0.9312782392266594,0.9291947732436228,-54.2088330654722
stellar_R42k,10,287,63,1504,3.5494170276452874,0.7176670681599162,1.750822848462154,3.9514602842709627,9.639995002460902,0.985911286452434,0.9217431058447761,0.8891998472344549,65.50011391036143
stellar_R42k,10,288,63,1544,3.5621733274492136,5.176070904790339,185.5790862831819,28.499341151727453,1021.7946755164276,0.9801286240790428,0.5850050140866067,0.2551139805523802,35.96280916504314
stellar_R42k,10,289,63,1584,3.57359018238174,0.5884997360518922,1.5803366871193474,3.240267580168281,8.701301664767163,0.9912399173197233,0.9281723684891034,0.8962033651266877,-73.18737146707467
stellar_R42k,10,290,63,1624,3.5843216273989844,8.520271353481714,316.6444753268555,46.91244082136501,1743.4380425117715,0.9888731005651357,0.44685583491794584,0.23683003337017386,13.76030423595174
stellar_R42k,10,291,63,1664,3.598120110578342,4.740530013123295,221.92247221416272,26.101261858482257,1221.9006194472456,0.9778710992356199,0.5865389736235097,0.3435227968942408,-18.75927987001083
stellar_R42k,10,292,63,1704,3.6104766020444337,0.36141343752929844,3.2689337844171185,1.989935038067881,17.99868294661326,0.9172844602459148,0.8410981705379202,0.818465812719591,671.8960074168436
stellar_R42k,10,293,63,1744,3.6237336284560664,5.730066211956739,242.08166933139438,31.54962804806409,1332.8967488583007,0.9736093322479579,0.5360532771811963,0.2252402992727428,-3.681478852371014
stellar_R42k,10,294,63,1784,3.6368303165789855,7.328259086612142,273.86096157755975,40.34924551831767,1507.8728857666492,0.9901727771916013,0.3775599295240664,0.16119787126785123,-4.867277982575202
stellar_R42k,10,295,63,1824,3.64856153073727,1.8601826345198063,47.11739479375676,10.2421277607762,259.4274176509359,0.9860541301730038,0.7384688527095946,0.5401013559764006,-34.400097278350366
stellar_R42k,10,296,63,1864,3.6608638992410323,3.6319864292639883,96.37003868501577,19.997643426840106,530.6114734146373,0.9804085940031225,0.6864307009755984,0.3720551661690169,-54.539263777612625
stellar_R42k,10,297,63,1904,3.674455185859879,0.5201412268871751,16.808591849038855,2.8638870187069285,92.5477649354781,0.8566438862107055,0.8311600311497174,0.9227227193108117,1374.6422249748884
stellar_R42k,10,298,63,1944,3.688230525919203,4.809465880527421,233.8201632352926,26.480821342669813,1287.4090642823458,1.038514448440579,0.6396727664474644,0.34810395537604016,-138.25481472091369
stellar_R42k,10,299,63,1984,3.7012831739968273,0.7450995800463824,30.39343816391995,4.1025031369060905,167.3456525114146,0.9158260542487575,0.8183996314865505,0.7374271923926005,-656.4292674487152
stellar_R42k,10,550,69,24,3.1855573483422144,5.22235490609775,138.56102568474117,28.754179921788765,762.9141899250436,0.9912356030919734,0.5829067781808444,0.2489565248194957,-77.76772365165988
stellar_R42k,10,551,69,64,3.195062557738496,13.880012772897578,165.96690655046012,76.42306809187066,913.8104127014511,0.9905795236608915,0.4629021072539806,0.13922215123166842,43.58383630610523
stellar_R42k,10,552,69,104,3.203543339921159,6.717860338006554,145.72741663940468,36.98840242032251,802.3721928002732,0.9915198439520716,0.32757595299654974,0.14200704397102715,46.695880026698866
stellar_R42k,10,553,69,144,3.2123918911237466,0.5940404832407745,1.6297784501775667,3.270774821524904,8.973527006818605,0.916795050619426,0.8662480708597604,0.8631239173862271,-100.86806057465911
stellar_R42k,10,554,69,184,3.2210568421213135,2.6173145998422136,13.277097619144314,14.410880966345973,73.10342951496123,1.0134075214833254,0.832607726923595,0.6600067930658241,14.200384004054811
stellar_R42k,10,555,69,224,3.2295832657181864,14.135047375280987,420.8047674650479,77.82728342672885,2316.942493032853,0.9930720845799523,0.39952930771573847,0.10997238460149766,-4.986565090630478
stellar_R42k,10,556,69,264,3.2376860158684067,10.198729095739726,387.0741733920305,56.15399502053548,2131.2225279435615,0.9945368101310418,0.25032775723517714,0.09195498399899835,15.29986160409725
stellar_R42k,10,557,69,304,3.2468686394115904,1.3228146716089213,8.30716301060679,7.283390683810583,45.7390706188334,0.9817561581964765,0.8600069416776743,0.7113340842488883,68.12581774928523
stellar_R42k,10,558,69,344,3.2551675163606366,23.158158317229788,618.3362322992671,127.5083487974707,3404.546721812036,0.9550350300065908,0.3383614580698329,0.1091282464526483,-30.831000758878986
stellar_R42k,10,559,69,384,3.263421252979997,9.487093496445464,166.59674851262548,52.235743881195134,917.2783097379487,0.8376870480106681,0.3652249410772017,0.07705458960501703,-104.70217262431791
stellar_R42k,10,560,69,424,3.27276335293128,9.616372209149208,159.2489484809862,52.94754984459304,876.8214721736565,0.9942140439844582,0.5856489026693341,0.2215518764181717,8.660711165055309
stellar_R42k,10,561,69,464,3.2818576561759794,9.187078556101195,283.20500024489706,50.583867720153094,1559.320972667647,0.9683688897720023,0.4342175137605423,0.1273167172474163,55.05623121232629
stellar_R42k,10,562,69,504,3.2903879759008112,16.301449203729995,531.7082705281739,89.75544784262866,2927.574925790399,1.0141283197036368,0.4045604266841904,0.12278220749239864,-26.685854990784883
stellar_R42k,10,563,69,544,3.299553963873538,1.3473977758915257,12.929170234668533,7.4187447561186035,71.18774841078108,0.9811259057384931,0.8201136840217186,0.7137568883878966,-145.09836009478977
stellar_R42k,10,564,69,584,3.308157256603046,13.178107395718945,334.2427147845177,72.55839135764495,1840.3335911236622,0.908597617813196,0.3194307488247177,0.093328713944852,197.3428602660758
stellar_R42k,10,565,69,624,3.3174681317557195,19.173089020036254,430.42148727750936,105.56663827938544,2369.891956774215,0.9452142568941811,0.3556169075566235,0.0830459591858972,-29.891505750894154
stellar_R42k,10,566,69,664,3.3265321339388176,6.778661053372763,201.28823988637564,37.32316992280919,1108.288955826222,0.9886610766747105,0.48356206756610187,0.18113430379646558,-20.40212763767019
stellar_R42k,10,567,69,704,3.3357300292660867,10.908412243932315,306.20954391128913,60.0614960038111,1685.9835223212003,0.9888043083289006,0.4811001928514332,0.17596205464241763,29.771647011589767
stellar_R42k,10,568,69,744,3.345486049956994,1.140847710279321,11.045517935124082,6.281484294839752,60.816397151610545,0.9982938561663407,0.787979574035562,0.7246085272970747,63.6676510082179
stellar_R42k,10,569,69,784,3.3551598993631226,7.984342007806572,224.62547924908841,43.961624741646595,1236.7833212186943,0.9758989465292494,0.523606434187551,0.1650806404622501,-17.44135754812219
stellar_R42k,10,570,69,824,3.3651355076578424,1.1787732863352027,3.197415835593321,6.490301745426073,17.60490657463295,0.9919292650588593,0.9038227400521284,0.8543617008385572,0.34963619797036094
stellar_R42k,10,571,69,864,3.3745377711142313,1.8159948689039702,10.060107550362792,9.998830821807916,55.390747610415836,0.935384477141255,0.8296158278463308,0.8452367528413338,174.61980987650844
stellar_R42k,10,572,69,904,3.3850092334878163,8.580503581396993,250.23919687978423,47.24407824350648,1377.8119296648501,0.9991926535513745,0.314405043397103,0.1392694025574246,-118.60223238214812
stellar_R42k,10,573,69,944,3.395259763491747,2.4122436545966446,65.63823209452732,13.281764511729433,361.40277122690856,0.9619193724040397,0.688291871583565,0.4129671781613619,38.33683058773514
stellar_R42k,10,574,69,984,3.405406329035758,13.877132203224786,602.027802933164,76.40720773382567,3314.752841337316,0.9822829909270696,0.3433983925837138,0.10308956709269831,-7.562272940442301
stellar_R42k,10,575,69,1024,3.4154516261272887,6.644443276314827,254.18905823927085,36.58416957150787,1399.559785993838,0.9932422811000776,0.14977795160702712,0.08037867003792308,7.056281912679663
stellar_R42k,10,576,69,1064,3.4261760398243437,12.03960867793737,499.4503989765258,66.28984056773346,2749.9637409574775,0.9909837250838053,0.2503491226505808,0.14608966653053018,-31.839251861931896
stellar_R42k,10,577,69,1104,3.4365769354209634,1.5076393095314446,40.16234108043045,8.301031381994152,221.13303332918477,0.9782110835062096,0.7314599061942926,0.49304744998772243,527.560508135048
stellar_R42k,10,578,69,1144,3.4471023528525904,5.268874764882074,320.6504310995073,29.010317318322045,1765.4947535390247,0.9570021592532528,0.24769800150339008,0.11233668810923746,-74.23496741298145
stellar_R42k,10,579,69,1184,3.4589021025091213,2.8598275808462916,154.85242208664914,15.746152508503794,852.6142872452535,0.9811901658528138,0.12227576375877232,0.0685701124508695,119.76886952007153
stellar_R42k,10,580,69,1224,3.469203786939702,6.5849487555510375,250.44255649315375,36.256593949941994,1378.9316235609551,1.0149549883064926,0.43201492788926005,0.16014115504448737,-231.96664394728919
stellar_R42k,10,581,69,1264,3.48078122436878,0.9260461041414025,17.547770953091167,5.09879101921286,96.61767005194758,0.7905466042848498,0.8606451567448037,0.9021580867104738,907.0977760720012
stellar_R42k,10,582,69,1304,3.4909201136281935,5.647781443265066,189.1701785543892,31.096569784823398,1041.567156540548,1.0418499077562078,0.6041221022296528,0.25331864136693777,-286.898337278493
stellar_R42k,10,583,69,1344,3.5028074672172314,1.9705476843703615,31.44685710640785,10.849795481094219,173.14575578856838,0.9931532655298687,0.789259330979425,0.6081413715070926,70.33690946264119
stellar_R42k,10,584,69,1384,3.5134319110707626,2.77090830046114,97.67666030564732,15.256564758784744,537.8057054890354,0.9899186537011849,0.628254324084422,0.36579571271264333,-97.15192178883578
stellar_R42k,10,585,69,1424,3.5248698052212664,0.875696251542051,15.360513612819105,4.8215657546130055,84.57467561202532,0.9810070661083141,0.7662161432788371,0.6591055706540921,61.099642002111594
stellar_R42k,10,586,69,1464,3.53634185406296,0.6298541576369471,8.58971920189344,3.467964184516204,47.294819262569796,0.9705023270757679,0.2575220689602611,0.29388912498484965,170.74296247578914
stellar_R42k,10,587,69,1504,3.5493221279578187,5.359446297600461,247.90862879694836,29.509002335791042,1364.9798691904473,0.9834969042532152,0.10364648636512319,0.05866119118573402,-81.48649128182392
stellar_R42k,10,588,69,1544,3.5592074414125574,6.289025817095526,244.94768365562703,34.62724826809282,1348.6769654500888,0.9730317745708463,0.533506830060666,0.18075965556935833,-27.81587141967984
stellar_R42k,10,589,69,1584,3.572843794787797,2.2177557798062586,16.239280974500666,12.21091822784334,89.41315083661861,nan,0.865463093449637,0.7095496079619223,-13.906639408013826
stellar_R42k,10,590,69,1624,3.583517744825005,14.2931538637583,772.7088414352213,78.69781453735304,4254.519168707264,0.9986719347985457,0.36709715678327476,0.09874280413170422,34.999564661427776
stellar_R42k,10,591,69,1664,3.595295503920379,0.7443265907368352,0.9341134931277437,4.098247073485662,5.143209898929643,0.9529482810537588,0.946469152398444,0.9389784166947249,11.372885730903832
stellar_R42k,10,592,69,1704,3.606780173731446,8.535967544942535,386.2150617031495,46.99886373238247,2126.49227645373,0.9899107495078243,0.24817967505856778,0.08388605612628365,25.97335189739282
stellar_R42k,10,593,69,1744,3.6199216252488577,20.341597075494327,867.8226670903405,112.00041987233489,4778.213958723083,0.9913601331274103,0.231064926790448,0.07711116084935185,14.613971237621863
stellar_R42k,10,594,69,1784,3.6324028366798875,0.876086198371468,11.692909012650796,4.823712793926609,64.38091926044468,0.9824236781424028,0.8492255475190308,0.7639137902829367,53.82345863145422
stellar_R42k,10,595,69,1824,3.644722493718534,16.349970619078626,1062.5802136823495,90.02260576890542,5850.545050065416,0.9947861981218274,0.2727194720999956,0.052538382316351294,17.969499795318228
stellar_R42k,10,596,69,1864,3.6589253157512016,10.622806592877106,410.91261490579365,58.48895709659663,2262.4765021882895,1.0108556232370831,0.48648920675166607,0.15063349436711454,71.7327985821508
stellar_R42k,10,597,69,1904,3.671642747996656,7.060868693966919,463.8675181577406,38.87699945352014,2554.045122710324,0.967392361064519,0.4478745868104496,0.13711406408139348,-22.796638140223155
stellar_R42k,10,598,69,1944,3.6833793712558895,9.825031306293987,541.7878128745084,54.09642259060527,2983.072680992249,0.9935587290518344,0.36860531520123346,0.07080939129432837,-35.94030423651403
stellar_R42k,10,599,69,1984,3.696369942528976,2.806694246904498,145.6386864463034,15.453601452231666,801.8836461612942,0.9839035948477943,0.6525832363754264,0.35988609900901447,-1.7201957882407857
arc_skew,10,0,58,24,2.869762253604807,7.499050477785855,4.138285716590313,41.28961944525385,22.785317007786517,0.9971489092792913,0.37990882686730504,0.2200168669387521,74.43136068932728
arc_skew,10,1,58,64,2.869762253604807,0.2203558454795377,0.177653432059162,1.2132748045021347,0.978156184518955,0.9777494455517314,0.8983676791704104,0.880469250192966,-14.958731670014709
arc_skew,10,2,58,104,2.869762253604807,0.3414121455529221,0.31855876074879147,1.8798083311515377,1.7539780591199368,0.9797737948475842,0.9043065308582112,0.888422839930611,45.31945208800971
arc_skew,10,3,58,144,2.869762253604807,1.914868595490208,1.1534607238325632,10.543227549896777,6.350931290991317,0.9828392721353907,0.6672842857165681,0.4756642682005438,131.11771028434987
arc_skew,10,4,58,184,2.869762253604807,0.38487271913713195,0.3095963529882666,2.119101365580385,1.7046312242317787,0.9484749773540487,0.8752458027770853,0.9166048039965164,38.523836554337606
arc_skew,10,5,58,224,2.869762253604807,0.7430841264643908,0.48938307852576146,4.091406090465808,2.694533279264118,0.9886010880342461,0.7355629699013554,0.6189176979545848,52.60733607062455
arc_skew,10,6,58,264,2.869762253604807,0.5378045549186804,0.465056782495137,2.9611409436828904,2.5605931879695683,0.9791237223002496,0.9007580967907851,0.8837780212136289,-42.91400627437142
arc_skew,10,7,58,304,2.869762253604807,0.9321343539064596,0.6985904146241395,5.132312798621002,3.8464246178069947,0.9860624752726922,0.740920168420192,0.6402699131547978,100.10423377092246
arc_skew,10,8,58,344,2.869762253604807,0.5524689257317202,0.47610000733446717,3.0418826711946747,2.6213969593823654,0.9638823880556161,0.9392107599066619,0.9296566172551,-25.681702847293675
arc_skew,10,9,58,384,2.869762253604807,0.4866723085041252,0.363515205451565,2.6796078346456933,2.001507329510604,0.9779580512593675,0.8677061571097572,0.8158982790014884,75.77472006585046
arc_skew,10,10,58,424,2.869762253604807,0.5560465590971655,0.41911386764275693,3.0615810477573424,2.307632432994018,0.9727030165401744,0.9238289273767071,0.9186156563699669,-71.87299114320942
arc_skew,10,11,58,464,2.869762253604807,4.892054220184582,2.7284450721480438,26.935551061473674,15.022763087138664,0.9885771962763568,0.3674952494358156,0.22449656354206818,73.93912365769094
arc_skew,10,12,58,504,2.869762253604807,0.9749676015972764,0.8043479347704136,5.36815178943685,4.428723373262594,0.9822136994304611,0.7693261603283637,0.6929070816107089,72.57975801807812
arc_skew,10,13,58,544,2.869762253604807,0.3573247671986814,0.2927657886033951,1.9674229023663858,1.6119624789607947,0.9828972067199587,0.8690628645666912,0.8287354876791205,98.01268980521353
arc_skew,10,14,58,584,2.869762253604807,1.53332793840899,1.090499403836376,8.442472450242219,6.004267543345631,0.9863925368707139,0.6821569051724368,0.5193031384739817,95.74307967027637
arc_skew,10,15,58,624,2.869762253604807,0.5654883605772698,0.34879935999821604,3.1135674147175294,1.9204821836759611,0.9837814661911402,0.8482178706926815,0.784892385712305,90.9142383593763
arc_skew,10,16,58,664,2.869762253604807,0.6937218848284383,0.5220448318560234,3.8196185917483816,2.8743682289575685,0.9841140574920036,0.8368738612470221,0.7884133098695816,54.389543639242376
arc_skew,10,17,58,704,2.869762253604807,0.17302483041049793,0.14966350446241058,0.9526711979592377,0.8240442123174689,0.980873274111944,0.9300780595679105,0.9260378907571873,-37.48408703431305
arc_skew,10,18,58,744,2.869762253604807,0.5128689132256582,0.44793531721886587,2.8238458075615926,2.466322748305707,0.9589371665447157,0.9067574899968021,0.8898412994479179,-1.1697104550387794
arc_skew,10,19,58,784,2.869762253604807,4.775612663548624,2.8458344676202163,26.294426218354705,15.669106711616507,0.9756189734201327,0.4815341798718591,0.3028706602038244,93.32324949461463
arc_skew,10,20,58,824,2.869762253604807,2.7600779952702656,1.9446515215996087,15.196933318626844,10.70721173545014,0.9896158593726649,0.40201173345187974,0.27664284090353247,118.51908315272873
arc_skew,10,21,58,864,2.869762253604807,0.3520295398947203,0.3142248231246493,1.9382674885037463,1.7301154866875488,0.9662272090130198,0.8116583331495818,0.8101826184178851,-41.20339251858334
arc_skew,10,22,58,904,2.869762253604807,4.672336254327349,2.635642965956196,25.72578840920133,14.511796577481194,0.9938853005180228,0.5216591137772835,0.2926387142497413,106.66502053780212
arc_skew,10,23,58,944,2.869762253604807,0.24547210619918758,0.21484582419734463,1.3515644253113432,1.182936739362963,nan,0.9721263451164658,0.9699738151863334,-105.20129616499128
arc_skew,10,24,58,984,2.869762253604807,0.57917172140058,0.4978523704181326,3.188907721173686,2.7411650282092226,0.9859551755502565,0.8577321463659813,0.8136120220131169,62.228355576522546
arc_skew,10,25,58,1024,2.869762253604807,0.7826832923600545,0.6808586626424866,4.3094382926792525,3.74879395195285,0.9813412519963333,0.7577133275736088,0.6951013432806198,76.79938858221286
arc_skew,10,26,58,1064,2.869762253604807,0.6028281113759062,0.4775164492939649,3.31915932334961,2.6291958600094776,0.8839433370973042,0.858043603873616,0.78222507091468,36.64798830586046
arc_skew,10,27,58,1104,2.869762253604807,0.25581263414616917,0.21022015021510748,1.4084991619234835,1.1574678724750613,0.9774360103736339,0.943298848753453,0.9269184153784099,20.7535061482276
arc_skew,10,28,58,1144,2.869762253604807,1.8454935140118198,1.6555625265575635,10.161249761947298,9.115493607074344,0.983238804440707,0.7061024304939283,0.5115571641199713,148.39732184222623
arc_skew,10,29,58,1184,2.869762253604807,0.7170166541801752,0.6457294938863953,3.9478791181240047,3.5553734630971237,0.9944541255149004,0.8384690352697336,0.7980795903868114,51.10306498503625
arc_skew,10,30,58,1224,2.869762253604807,0.7226486069447581,0.5379805365880627,3.9788885355258636,2.962109895176104,1.0023921886959835,0.7349770724653066,0.6331601245768852,85.7994279929086
arc_skew,10,31,58,1264,2.869762253604807,1.3798740061332997,0.8808127009998479,7.597558219459261,4.849736821289927,0.995405854799805,0.73861402036148,0.555705635948072,127.751664872789
arc_skew,10,32,58,1304,2.869762253604807,0.31786454313813584,0.28202939070878574,1.750155711071864,1.552848090466622,nan,0.9564668778096346,0.9374897034823307,50.209907318620836
arc_skew,10,33,58,1344,2.869762253604807,1.683390289479221,0.9255948616172411,9.268712703872213,5.096306487050377,0.9989973177571072,0.7104342269294547,0.5812545810266899,82.33779039026447
arc_skew,10,34,58,1384,2.869762253604807,5.923550135509923,3.839424292545812,32.614946596852455,21.139792084035435,0.9846299652687914,0.31127953313258644,0.21815550187755553,27.440632523285366
arc_skew,10,35,58,1424,2.869762253604807,1.1262334990841274,0.7618801504329664,6.201018745163884,4.194896616239079,0.978605231024658,0.6852449596851459,0.5705031928595788,86.12520372563156
arc_skew,10,36,58,1464,2.869762253604807,0.9995385068289909,0.6947488670751122,5.503438694018727,3.825273135115946,0.9028073719962533,0.7853074374466357,0.6641515923175437,119.5426517112475
arc_skew,10,37,58,1504,2.869762253604807,1.3983623472010076,0.9315558120619716,7.699354649436767,5.129127358989301,0.9793248324435991,0.709347053764501,0.5186766217964941,45.52315096820253
arc_skew,10,38,58,1544,2.869762253604807,4.71931457909654,2.6518325270968504,25.98445011012485,14.600935971923654,0.9954143370180499,0.5355231145784639,0.34759750966762293,85.90768426803898
arc_skew,10,39,58,1584,2.869762253604807,1.17389750088214,0.8503738647050112,6.463455769865564,4.682141207592809,0.9757370053471957,0.6647636154153997,0.530391044050134,72.3608907352428
arc_skew,10,40,58,1624,2.869762253604807,0.33074809440485387,0.2737163771600492,1.821092282372724,1.507076806903811,0.9733507017384369,0.944312581555046,0.9354773224535743,-60.99577119119459
arc_skew,10,41,58,1664,2.869762253604807,1.6923695317713352,1.070644894364237,9.31815222934899,5.894949017912948,0.9899022888707464,0.6774971785625167,0.4726112680067768,97.46265002822778
arc_skew,10,42,58,1704,2.869762253604807,0.6285232269909474,0.39308900147836334,3.460636107442428,2.164340049081602,0.9882617436116027,0.7689585015918555,0.6441946962872608,96.56896107278291
arc_skew,10,43,58,1744,2.869762253604807,1.1561363747776048,0.7555922524628764,6.3656633706881225,4.160275577873666,0.9876971543311629,0.6888492849364165,0.5363425638022655,96.22513271693657
arc_skew,10,44,58,1784,2.869762253604807,0.2081815481645893,0.18641609561700728,1.1462433710377724,1.026403231888751,0.9758997791165456,0.9395783661979942,0.9361500028122579,-30.44579162019978
arc_skew,10,45,58,1824,2.869762253604807,1.1303811848960517,0.6959465568915363,6.223855818905438,3.8318675908913935,0.9854261342013648,0.7149056022017419,0.5607826872442209,93.68121459075165
arc_skew,10,46,58,1864,2.869762253604807,0.18228182817578922,0.16896390784299284,1.0036400394234566,0.9303118408772149,0.9756444650478084,0.9549763621769962,0.9519121893881981,-51.50488769473413
arc_skew,10,47,58,1904,2.869762253604807,0.5063188195575092,0.3976452052566158,2.787781125014144,2.1894264144389686,0.9780895390180717,0.8772642448804512,0.8688092345333623,13.66788649255693
arc_skew,10,48,58,1944,2.869762253604807,0.39683350540933643,0.28084262200000437,2.1849572115849254,1.546313766087786,0.9790809890767063,0.834261408203745,0.7785302262846319,36.26602034797928
arc_skew,10,49,58,1984,2.869762253604807,1.1417331032477054,0.9517684703646248,6.286359250520126,5.240417844600209,0.9829102820735215,0.7247911609289731,0.6389352072511459,71.91784095080992
arc_skew,10,250,63,24,2.4073577694495136,1.8596899115731567,0.604189761357848,10.239414838250957,3.3266565404624373,1.0009685769233407,0.6585819015661003,0.536431164775059,82.78847086616592
arc_skew,10,251,63,64,2.4073577694495136,1.95990171707625,0.9864116943363598,10.791179001647576,5.431162731354455,0.9961828701902711,0.729712407152901,0.6723105845194255,65.38494022151866
arc_skew,10,252,63,104,2.4073577694495136,0.17700541245788387,0.12239753194590117,0.9745882017711259,0.6739183220669176,0.9806522516745106,0.922920730539913,0.9046286587652548,48.251901206680024
arc_skew,10,253,63,144,2.4073577694495136,1.8148645027384993,0.5619517598097041,9.99260704868566,3.0940949628044314,0.9789745520395257,0.6363555998943964,0.49926394236282684,56.0019051766866
arc_skew,10,254,63,184,2.4073577694495136,4.452244262786181,0.8149508262782648,24.51396637911866,4.487102678305991,0.9870270410684361,0.4763126773824117,0.3441161182791423,62.55257302150582
arc_skew,10,255,63,224,2.4073577694495136,0.6780721235390468,0.5195286981631517,3.733451324310701,2.8605144480075935,0.9649784167798833,0.8445925160927815,0.8216828861739391,11.641295423822354
arc_skew,10,256,63,264,2.4073577694495136,0.4659805493891458,0.20954020904603085,2.5656794297041365,1.153724130224026,0.9684105482360453,0.8766383675194145,0.8377241886690432,27.779774897534075
arc_skew,10,257,63,304,2.4073577694495136,0.3921305884314034,0.3445639326947693,2.1590630463333786,1.8971620070662167,nan,0.9708899221650815,0.9675281334016023,2.1238120301448475
arc_skew,10,258,63,344,2.4073577694495136,0.25992797469833856,0.1882555434741135,1.4311581433225344,1.0365311943867082,0.9821436047345083,0.9219073833524093,0.9175881653418454,-32.90602281010143
arc_skew,10,259,63,384,2.4073577694495136,2.657426325096007,0.7067830699023535,14.631735309962915,3.8915332111796697,0.9893389872785215,0.5577618020071213,0.42848851717842856,62.794886671520345
arc_skew,10,260,63,424,2.4073577694495136,0.9201520356023893,0.1418076856025973,5.066338397686841,0.7807902334152881,0.9890318374985901,0.7221306711418061,0.6195355252682915,66.56343308915064
arc_skew,10,261,63,464,2.4073577694495136,2.4448607307767234,0.5279660286875923,13.46135346994244,2.906970218310774,0.9841094122932315,0.6837750636577036,0.5706257613808732,71.58027863556521
arc_skew,10,262,63,504,2.4073577694495136,2.336170785311933,0.5102475082169681,12.862908840310924,2.809412404887304,0.98672280728631,0.6304667848626847,0.46664856486861794,77.7542565781818
arc_skew,10,263,63,544,2.4073577694495136,0.6475786498972154,0.390367980086771,3.5655548784920237,2.1493581606286503,0.9708177698728252,0.829184099951432,0.7903336061827057,41.66774408611267
arc_skew,10,264,63,584,2.4073577694495136,2.3907055808365594,0.5699895112379048,13.163176315560857,3.138350658728742,0.9886905254930342,0.6682689824410856,0.5347439473701101,83.49721278349216
arc_skew,10,265,63,624,2.4073577694495136,1.1029712783988668,0.5155871505559728,6.0729374310840365,2.8388123670297603,0.9563694180214166,0.7539390758583723,0.7227568273570458,31.31946251345427
arc_skew,10,266,63,664,2.4073577694495136,0.6605397926967745,0.15432904902562508,3.636918667194964,0.849732605813505,0.9679921531147047,0.7412523938692117,0.6600695002949236,105.32456338201898
arc_skew,10,267,63,704,2.4073577694495136,0.6008489426319035,0.2690774677421121,3.30826206048948,1.4815350659760742,0.9542176051542322,0.871776395904784,0.8470831817262894,39.56301081048614
arc_skew,10,268,63,744,2.4073577694495136,0.2871275928412659,0.1753766564314775,1.5809186877413903,0.9656203042088017,0.9625408410906329,0.9078966460642998,0.884933393441101,30.654256494151507
arc_skew,10,269,63,784,2.4073577694495136,1.8355204779595744,0.5637634349817728,10.106338428235007,3.104070009463301,0.9902042896842215,0.7374607180006166,0.638409707245618,42.08310166285784
arc_skew,10,270,63,824,2.4073577694495136,0.9490697956386833,0.3446429840814635,5.225558996433935,1.8975972623939268,0.9847331412671492,0.8078735193221036,0.7421037993045755,67.6068232251249
arc_skew,10,271,63,864,2.4073577694495136,0.7466485277730949,0.35837348722220197,4.111031611593119,1.973197133491253,0.98511588912878,0.7979196575006496,0.7276364333307742,67.13991588566107
arc_skew,10,272,63,904,2.4073577694495136,2.252891339990026,0.4512899399208813,12.404373907769887,2.484793232690221,0.9948626746647455,0.6558080079985753,0.543377800527893,76.21110471874717
arc_skew,10,273,63,944,2.4073577694495136,2.766747955365644,0.48685997123957414,15.233657983285259,2.6806411018511476,0.9790612900773682,0.5671949045786221,0.44557765719753334,51.12287097081088
arc_skew,10,274,63,984,2.4073577694495136,4.038570784417004,0.9210428420893827,22.236288618840288,5.071243160090598,0.966040949362601,0.5435676607605474,0.43064254722006357,64.63186092081845
arc_skew,10,275,63,1024,2.4073577694495136,5.88061181682595,1.0805242015203653,32.378529087284804,5.949344282229098,0.9928965631788309,0.3788246516293876,0.27264653542955314,51.797523186214164
arc_skew,10,276,63,1064,2.4073577694495136,0.8854902960325288,0.496088888749188,4.875491564425811,2.7314553339985896,1.001234615866525,0.8244969778362995,0.7706120621764334,63.54957192990877
arc_skew,10,277,63,1104,2.4073577694495136,6.748936234909886,3.944487669500986,37.159505676776035,21.71826890119552,0.9983336804328444,0.6511419510303074,0.553936050921121,50.357837866977185
arc_skew,10,278,63,1144,2.4073577694495136,0.8637732373834315,0.2843803689940579,4.755917881097806,1.5657925291006187,0.9930031236658082,0.7328151535297058,0.6670336396230735,47.383729199978156
arc_skew,10,279,63,1184,2.4073577694495136,0.8746308458145597,0.33783515380359763,4.815699652341362,1.8601134873141847,0.9975003615299777,0.7477163669699937,0.6846663527286889,29.076364359083133
arc_skew,10,280,63,1224,2.4073577694495136,1.3675520413839084,0.3561087404695657,7.52971373210352,1.9607274839225206,0.9995233844536736,0.7681862936256318,0.688968386901925,55.9295194583485
arc_skew,10,281,63,1264,2.4073577694495136,1.1396324035174648,0.449421145084805,6.274792840520976,2.474503686322795,0.9937659001173929,0.7314807259224474,0.6608303355502672,50.76974885702889
arc_skew,10,282,63,1304,2.4073577694495136,0.5200921442933463,0.3002786316633217,2.8636167709433504,1.6533280400828576,1.001974818621389,0.856942430814858,0.8242606647342977,53.364906984243405
arc_skew,10,283,63,1344,2.4073577694495136,0.6205328820691609,0.4638088573743452,3.416641430778471,2.553722137629755,0.9757246537805225,0.8910796874141841,0.8632664655990713,22.645260990927053
arc_skew,10,284,63,1384,2.4073577694495136,0.2125688608465343,0.18224739174042331,1.1703998254530963,1.0034504331105614,0.9749621582691735,0.9719997780093651,0.9674714131127837,-10.526243228209776
arc_skew,10,285,63,1424,2.4073577694495136,0.7058082477953814,0.3215375031770052,3.8861658604806806,1.7703789543600352,0.9862257308214087,0.7318599524004517,0.6744208351477055,46.424672546077325
arc_skew,10,286,63,1464,2.4073577694495136,0.16513809597578502,0.11642882370728094,0.9092469985302958,0.6410547358725831,0.959106544887096,0.9312782392266594,0.9299508963715191,32.708045301360556
arc_skew,10,287,63,1504,2.4073577694495136,0.2486102412112851,0.18895205152024783,1.3688429328772225,1.0403661535259532,0.9822654327424365,0.9217431058447761,0.9024488988488031,37.56461606350735
arc_skew,10,288,63,1544,2.4073577694495136,2.4198766368305704,0.7657845982353584,13.32379155670063,4.216394426446142,0.9862665940033487,0.5850050140866067,0.4769629070600878,56.49802792051886
arc_skew,10,289,63,1584,2.4073577694495136,0.23990958035955218,0.18416073591428767,1.3209372711465202,1.0139852672259837,0.9828989126355744,0.9281723684891034,0.9114854425469678,8.949263937695969
arc_skew,10,290,63,1624,2.4073577694495136,3.560597008921499,0.8393794969939637,19.604574730064382,4.621606442534877,0.9886212918045572,0.44685583491794584,0.3625014216239424,43.066964562636144
arc_skew,10,291,63,1664,2.4073577694495136,2.302598596066602,0.3658956008642993,12.678061048981876,2.0146137382502403,0.9789466554744799,0.5865389736235097,0.5074527085633354,46.50266067179512
arc_skew,10,292,63,1704,2.4073577694495136,0.13912904829361597,0.10783892293128092,0.766041710859356,0.5937589168666746,0.9368582434719479,0.8410981705379202,0.8430281856868682,64.81584976212184
arc_skew,10,293,63,1744,2.4073577694495136,2.4920298892088883,0.543507205289899,13.72106589713389,2.9925396206693233,0.9728874541603014,0.5360532771811963,0.4301041874486037,41.76158871904444
arc_skew,10,294,63,1784,2.4073577694495136,3.1562817410649693,0.6304543552956133,17.37842308657911,3.471268860620422,0.9899567318870571,0.3775599295240664,0.2906004890676456,33.38038895863279
arc_skew,10,295,63,1824,2.4073577694495136,0.6496584104208629,0.21333608010328234,3.577005997645448,1.1746241190801407,0.9868499744270398,0.7384688527095946,0.6741434721412545,40.51643937683823
arc_skew,10,296,63,1864,2.4073577694495136,1.1262105957868414,0.3555635138071821,6.200892640074742,1.9577254770060568,0.9841580726362761,0.6864307009755984,0.600111028888322,61.49730597096967
arc_skew,10,297,63,1904,2.4073577694495136,0.25953364258031264,0.14783165596247322,1.4289869586990196,0.8139580917255583,0.9168691826936558,0.8311600311497174,0.8507343010582722,72.99217541946751
arc_skew,10,298,63,1944,2.4073577694495136,2.1922674772049646,0.5283868109795908,12.070580151998886,2.9092870370543453,0.9767343706775851,0.6396727664474644,0.5574045827902693,57.25285456993542
arc_skew,10,299,63,1984,2.4073577694495136,0.3439955005798421,0.1579967924343259,1.8940322313999065,0.8699271264420431,0.946699458408014,0.8183996314865505,0.8032487700525853,-66.6419893468332
arc_skew,10,550,69,24,2.403027834155704,3.693618618290622,0.6349968923754448,20.336989006393935,3.4962799774141806,0.9845318443025912,0.5829067781808444,0.4375402059811079,77.39413323709692
arc_skew,10,551,69,64,2.403027834155704,5.842035812452633,1.9711230432388078,32.16613039160847,10.852963395324558,0.9914057574540147,0.4629021072539806,0.34344005370603403,88.63662443978018
arc_skew,10,552,69,104,2.403027834155704,4.4823320465444905,0.5513851316372692,24.67962910468795,3.0359153229484592,0.9874426554373523,0.32757595299654974,0.2269470410031058,47.14583340090489
arc_skew,10,553,69,144,2.403027834155704,0.2927352776544724,0.19261158817708562,1.6117944862964348,1.0605154879456093,0.9274497019751826,0.8662480708597604,0.877350305171977,2.4513625553368876
arc_skew,10,554,69,184,2.403027834155704,0.7961239633464687,0.287345903697082,4.383442353828307,1.5821207028743887,0.9972832957389964,0.832607726923595,0.7536336287752078,80.0869129781854
arc_skew,10,555,69,224,2.403027834155704,10.431772008025572,1.282829624417923,57.43712455689477,7.063233827031524,0.9932211281811432,0.39952930771573847,0.27726301676519227,51.263032423963885
arc_skew,10,556,69,264,2.403027834155704,8.621358202024854,0.9723964991822154,47.469022953947025,5.353995351820233,0.9945285280023799,0.25032775723517714,0.17418008848626912,46.8095886705993
arc_skew,10,557,69,304,2.403027834155704,0.41171329303431053,0.1643853348885526,2.2668850196829418,0.9051023112906121,0.9821504020497221,0.8600069416776743,0.7973952823988736,77.5712977158385
arc_skew,10,558,69,344,2.403027834155704,13.595984465261376,1.6554921410642325,74.85921400544758,9.11510606597928,0.9626676449945252,0.3383614580698329,0.25781989434861574,66.58628145669014
arc_skew,10,559,69,384,2.403027834155704,4.030718868327111,0.7397617312470826,22.193056128509927,4.073113049956779,0.8619303750542104,0.3652249410772017,0.2482161273404868,43.473091881397316
arc_skew,10,560,69,424,2.403027834155704,3.8081534890469433,0.6020824479493465,20.967615675830107,3.315053715685267,0.9918480742123802,0.5856489026693341,0.42861190108692226,81.6966592476824
arc_skew,10,561,69,464,2.403027834155704,5.815006075915356,0.7246778291280341,32.017305211855955,3.990061391604847,0.9794935040049794,0.4342175137605423,0.30041510281562817,60.90536353674699
arc_skew,10,562,69,504,2.403027834155704,9.719651399232585,1.4939980768113015,53.51620296511661,8.225923032017402,0.994649218740573,0.4045604266841904,0.29553974679496803,70.98282017140991
arc_skew,10,563,69,544,2.403027834155704,0.5609099664534891,0.24606640397303567,3.0883588697689017,1.3548366167697203,0.983046517122122,0.8201136840217186,0.7705469419527348,31.676288345309462
arc_skew,10,564,69,584,2.403027834155704,7.468142141059731,0.8765682670063162,41.119438771728866,4.826367054027717,0.9388534673452387,0.3194307488247177,0.20476890474428516,55.31501646529668
arc_skew,10,565,69,624,2.403027834155704,9.684479483359604,1.045964700690843,53.322547111504505,5.759060373393452,0.9389421312353474,0.3556169075566235,0.22983302249290735,69.60161999768489
arc_skew,10,566,69,664,2.403027834155704,3.7910465870597934,0.49400349916990355,20.873425421340016,2.7199732213792895,0.9811448744923804,0.48356206756610187,0.3606893564275661,54.33647682508207
arc_skew,10,567,69,704,2.403027834155704,5.864684663182509,0.8186912003614205,32.29083450318621,4.507697101951208,0.9903592671425507,0.4811001928514332,0.35062122132662527,64.39412157006316
arc_skew,10,568,69,744,2.403027834155704,0.417951372838467,0.12395502535372756,2.3012317602397268,0.6824938491003921,0.987734510675345,0.787979574035562,0.7581939717009146,43.98632417058118
arc_skew,10,569,69,784,2.403027834155704,4.010465854163172,0.6772457001818392,22.081543444347375,3.7289010541103798,0.9857149943641406,0.523606434187551,0.381309639082741,61.50336930241125
arc_skew,10,570,69,824,2.403027834155704,0.29612882307472843,0.15546482559653935,1.6304792783761286,0.855986168518117,0.9905913591548294,0.9038227400521284,0.8754141213691896,54.22028092813616
arc_skew,10,571,69,864,2.403027834155704,0.6689458215763623,0.2889972314191246,3.683202091278071,1.5912128797339138,0.9390064990760302,0.8296158278463308,0.8497222505979026,67.60102368007188
arc_skew,10,572,69,904,2.403027834155704,5.184703227825574,0.8564737591916055,28.5468705468301,4.715727102600952,0.9844304353842906,0.314405043397103,0.2293280032671329,19.624001388409116
arc_skew,10,573,69,944,2.403027834155704,1.117705502648666,0.291407568452711,6.154063770198221,1.60448414642913,0.9691842820587314,0.688291871583565,0.5950548257898318,62.23640275083716
arc_skew,10,574,69,984,2.403027834155704,9.06105867388758,0.8715069841869086,49.890004811168886,4.79849973374001,0.9827678624726859,0.3433983925837138,0.24258095800749838,41.3416194421305
arc_skew,10,575,69,1024,2.403027834155704,3.591896553439379,0.45321873173391136,19.776909385735966,2.495413121192778,0.9926477113000587,0.14977795160702712,0.12290591400055853,21.960141408375
arc_skew,10,576,69,1064,2.403027834155704,6.985753821825395,0.9591576199839913,38.463418494892146,5.281102352153726,0.9898458762521477,0.2503491226505808,0.2126971422704001,36.94877294567701
arc_skew,10,577,69,1104,2.403027834155704,0.7273538093983551,0.18469369576879555,4.004795284559943,1.0169197333477167,0.9301817098327355,0.7314599061942926,0.6560399924699724,101.4782080242278
arc_skew,10,578,69,1144,2.403027834155704,4.826231632757252,0.38801582183166194,26.573133233533028,2.1364072251047252,0.9666495067275231,0.24769800150339008,0.1944586480914121,12.61609790968646
arc_skew,10,579,69,1184,2.403027834155704,2.4529126686859564,0.26335790526917113,13.505687276342847,1.4500432713014482,0.9830314705636732,0.12227576375877232,0.09714671060733113,2.645549290327935
arc_skew,10,580,69,1224,2.403027834155704,3.4026723137211263,0.4954188278412692,18.735044569526465,2.7277659922645845,0.981970483390675,0.43201492788926005,0.3340230417480819,33.478774285215074
arc_skew,10,581,69,1264,2.403027834155704,0.44235972527160616,0.1851692995376228,2.4356236524179904,1.0195383980279686,0.8713738140750669,0.8606451567448037,0.897871457894897,99.15367930734972
arc_skew,10,582,69,1304,2.403027834155704,3.1743304709839535,0.8465211030724035,17.477799026510784,4.660927980385593,0.9905456086796381,0.6041221022296528,0.4885148374907915,23.730242797415787
arc_skew,10,583,69,1344,2.403027834155704,0.6399028356120156,0.24053660914331026,3.5232920011174578,1.3243896788799105,0.9928383891243041,0.789259330979425,0.7323222117937599,50.314195583826596
arc_skew,10,584,69,1384,2.403027834155704,1.2991728295501428,0.25846326968217553,7.153219182167354,1.4230935072868025,0.9892845144226987,0.628254324084422,0.5362952388718495,45.55820467784309
arc_skew,10,585,69,1424,2.403027834155704,0.48772509266781716,0.31289696404121614,2.685404442843704,1.722804321574807,0.9801015369018694,0.7662161432788371,0.7315603862385773,27.813478221694687
arc_skew,10,586,69,1464,2.403027834155704,0.21842101481604925,0.05673362806049378,1.2026216662117475,0.31237420248143266,0.9724686442711251,0.2575220689602611,0.2735944245365466,29.303869568010136
arc_skew,10,587,69,1504,2.403027834155704,3.0529847658242915,0.303990260669882,16.809672041341088,1.6737641939208419,0.9807601296430127,0.10364648636512319,0.08292388275845926,34.27119969658129
arc_skew,10,588,69,1544,2.403027834155704,2.7191384378949386,0.5221446534488461,14.971520948181848,2.874917844617882,0.9788333820441372,0.533506830060666,0.41110520620038066,50.035358860650376
arc_skew,10,589,69,1584,2.403027834155704,0.8663576498824149,0.6414100159895183,4.770147603765855,3.5315905056290338,nan,0.865463093449637,0.8218476228592644,49.91096502893757
arc_skew,10,590,69,1624,2.403027834155704,6.720981622546979,1.279821942486564,37.005588149534,7.046673591475562,0.9989234563754263,0.36709715678327476,0.2860765827774759,42.31793043877148
arc_skew,10,591,69,1664,2.403027834155704,0.23236176838120892,0.1730505750294204,1.279379171870712,0.9528129473075346,0.9559432760213641,0.946469152398444,0.937707969807739,-11.862663234970746
arc_skew,10,592,69,1704,2.403027834155704,4.507707906565793,0.487441113079991,24.819348073973377,2.6838408570075645,0.9908338323318482,0.24817967505856778,0.1789886038664581,22.51222717789433
arc_skew,10,593,69,1744,2.403027834155704,8.769051634931671,0.8817204099216681,48.28221999233876,4.854734648156147,0.9935988016421653,0.231064926790448,0.17457496220636137,37.83215309400764
arc_skew,10,594,69,1784,2.403027834155704,0.27713786667690116,0.13555311985030852,1.5259154586111472,0.7463527215633114,0.9826707648235365,0.8492255475190308,0.8171976039709833,35.05518400153869
arc_skew,10,595,69,1824,2.403027834155704,9.801702373480072,0.7744345957142352,53.96797396090158,4.264021136676086,0.994942980215277,0.2727194720999956,0.19654391239828006,28.632380776156282
arc_skew,10,596,69,1864,2.403027834155704,3.5846088300550236,0.49017706597328237,19.736783328970024,2.6989049580052544,0.9925996172152023,0.48648920675166607,0.3843836584932047,52.85090262089891
arc_skew,10,597,69,1904,2.403027834155704,3.7355579367591583,0.46616981868492474,20.56790604108903,2.5667215425981,0.9760746745527012,0.4478745868104496,0.3498850901684175,34.96399186525901
arc_skew,10,598,69,1944,2.403027834155704,4.468454704018885,0.5136801606978407,24.603220738923376,2.828312519647551,0.9911000007807552,0.36860531520123346,0.26624485303361256,31.61985769798861
arc_skew,10,599,69,1984,2.403027834155704,1.1644508853893207,0.19128769842635157,6.411442897049257,1.0532261778979963,0.9873193084749295,0.6525832363754264,0.5595018026724845,49.569613309028924
arc,1,0,58,24,2.5871765816507275,0.6838122159659171,0.6838122159659171,3.7650561564942064,3.7650561564942064,1.0006942670344385,0.37990882686730504,0.23115610966355293,-0.0
arc,1,1,58,64,2.5871765816507275,0.13084389063852803,0.13084389063852803,0.7204238012805533,0.7204238012805533,0.9997737955657863,0.8983676791704104,0.8808722511491838,-0.0
arc,1,2,58,104,2.5871765816507275,0.24491285184881403,0.24491285184881403,1.3484851822300452,1.3484851822300452,1.0003234154977247,0.9043065308582112,0.8883391879440096,-0.0
arc,1,3,58,144,2.5871765816507275,0.4150380863054168,0.4150380863054168,2.2851912638274205,2.2851912638274205,1.00098857898991,0.6672842857165681,0.5034123578491072,-0.0
arc,1,4,58,184,2.5871765816507275,0.20989650865416926,0.20989650865416926,1.155685908621452,1.155685908621452,0.9758438888781701,0.8752458027770853,0.9116353664015137,-0.0
arc,1,5,58,224,2.5871765816507275,0.19044200217635354,0.19044200217635354,1.0485697915418657,1.0485697915418657,1.0155511361545444,0.7355629699013554,0.6509910616653467,-0.0
arc,1,6,58,264,2.5871765816507275,0.35754364327966204,0.35754364327966204,1.9686280296176466,1.9686280296176466,0.9989362390698808,0.9007580967907851,0.886256154828143,-0.0
arc,1,7,58,304,2.5871765816507275,0.37164951321117345,0.37164951321117345,2.046294662632273,2.046294662632273,1.0049441657049736,0.740920168420192,0.6643816535739387,-0.0
arc,1,8,58,344,2.5871765816507275,0.44560592861249937,0.44560592861249937,2.453497182004761,2.453497182004761,0.9981007450351164,0.9392107599066619,0.9286329159565784,-0.0
arc,1,9,58,384,2.5871765816507275,0.271348800032949,0.271348800032949,1.494040975384229,1.494040975384229,0.9986858387568539,0.8677061571097572,0.835344665111289,-0.0
arc,1,10,58,424,2.5871765816507275,0.29065129092982134,0.29065129092982134,1.6003200977662209,1.6003200977662209,0.9984531639470229,0.9238289273767071,0.9154236625244161,-0.0
arc,1,11,58,464,2.5871765816507275,0.40244073615150755,0.40244073615150755,2.215830510034082,2.215830510034082,1.0006797607853906,0.3674952494358156,0.2291889124333927,-0.0
arc,1,12,58,504,2.5871765816507275,0.5482923654267908,0.5482923654267908,3.0188866150817675,3.0188866150817675,0.9982954833448513,0.7693261603283637,0.6973585157640493,-0.0
arc,1,13,58,544,2.5871765816507275,0.209814749384172,0.209814749384172,1.1552357437433372,1.1552357437433372,0.9998630514824745,0.8690628645666912,0.8305066515937573,-0.0
arc,1,14,58,584,2.5871765816507275,0.4294561878196209,0.4294561878196209,2.364577037587447,2.364577037587447,1.0002264052762317,0.6821569051724368,0.5669280225472219,-0.0
arc,1,15,58,624,2.5871765816507275,0.2011977165280622,0.2011977165280622,1.1077905360560472,1.1077905360560472,0.9999653502992242,0.8482178706926815,0.7865234199540369,-0.0
arc,1,16,58,664,2.5871765816507275,0.35056290828778736,0.35056290828778736,1.9301922446984103,1.9301922446984103,0.9993750974435637,0.8368738612470221,0.7900341433032152,-0.0
arc,1,17,58,704,2.5871765816507275,0.12556560964388397,0.12556560964388397,0.6913616934524277,0.6913616934524277,1.0040739065657815,0.9300780595679105,0.9226697749599857,-0.0
arc,1,18,58,744,2.5871765816507275,0.3780798714027929,0.3780798714027929,2.0817000840806474,2.0817000840806474,0.9965641928901332,0.9067574899968021,0.8951358548963427,-0.0
arc,1,19,58,784,2.5871765816507275,0.3389679201993795,0.3389679201993795,1.8663504760557266,1.8663504760557266,0.9974849441320016,0.4815341798718591,0.3333760212444383,-0.0
arc,1,20,58,824,2.5871765816507275,0.25755450816627345,0.25755450816627345,1.4180898848589711,1.4180898848589711,1.0012903965867688,0.40201173345187974,0.28869856710478453,-0.0
arc,1,21,58,864,2.5871765816507275,0.2721995375495532,0.2721995375495532,1.4987251188517845,1.4987251188517845,0.9975153815081821,0.8116583331495818,0.8089125240209031,-0.0
arc,1,22,58,904,2.5871765816507275,0.49196810567821886,0.49196810567821886,2.708766386201695,2.708766386201695,1.0011645517819827,0.5216591137772835,0.3269013482893593,-0.0
arc,1,23,58,944,2.5871765816507275,0.18413238962188178,0.18413238962188178,1.0138291931163894,1.0138291931163894,nan,0.9721263451164658,0.9709371461409151,-0.0
arc,1,24,58,984,2.5871765816507275,0.4266775732965165,0.4266775732965165,2.349278042523487,2.349278042523487,0.9981025673425324,0.8577321463659813,0.8211181504043096,-0.0
arc,1,25,58,1024,2.5871765816507275,0.39605719755875385,0.39605719755875385,2.1806828763450348,2.1806828763450348,1.0448766271119954,0.7577133275736088,0.7078711065253286,-0.0
arc,1,26,58,1064,2.5871765816507275,0.26540582981812205,0.26540582981812205,1.4613191022255445,1.4613191022255445,0.9382288688630681,0.858043603873616,0.805247113719724,-0.0
arc,1,27,58,1104,2.5871765816507275,0.18265354071029752,0.18265354071029752,1.0056866810800695,1.0056866810800695,0.9974230091241069,0.943298848753453,0.9304748676009048,-0.0
arc,1,28,58,1144,2.5871765816507275,0.5738050640471499,0.5738050640471499,3.1593590149111264,3.1593590149111264,1.0006561308971458,0.7061024304939283,0.5566736341770147,-0.0
arc,1,29,58,1184,2.5871765816507275,0.45667840492758016,0.45667840492758016,2.5144620114482423,2.5144620114482423,1.0010336107514293,0.8384690352697336,0.8079683273906672,-0.0
arc,1,30,58,1224,2.5871765816507275,0.20409374192742885,0.20409374192742885,1.1237359930172788,1.1237359930172788,1.0037200954141376,0.7349770724653066,0.6652154292707887,-0.0
arc,1,31,58,1264,2.5871765816507275,0.324191404978599,0.324191404978599,1.7849912837152624,1.7849912837152624,0.9969019226284842,0.73861402036148,0.5799495224576269,-0.0
arc,1,32,58,1304,2.5871765816507275,0.2496821189278838,0.2496821189278838,1.3747446697892902,1.3747446697892902,nan,0.9564668778096346,0.9404292382609655,-0.0
arc,1,33,58,1344,2.5871765816507275,0.30248361454569206,0.30248361454569206,1.6654686309971427,1.6654686309971427,1.0097557421318732,0.7104342269294547,0.5837576469307871,-0.0
arc,1,34,58,1384,2.5871765816507275,1.8628086347280242,1.8628086347280242,10.256586464525649,10.256586464525649,0.9981927091463801,0.31127953313258644,0.22650673417528616,-0.0
arc,1,35,58,1424,2.5871765816507275,0.264806965411348,0.264806965411348,1.4580217669791349,1.4580217669791349,0.9987203536682231,0.6852449596851459,0.5831344703880794,-0.0
arc,1,36,58,1464,2.5871765816507275,0.27707674679922983,0.27707674679922983,1.5255789338074985,1.5255789338074985,0.9495626751260772,0.7853074374466357,0.6963438266233406,-0.0
arc,1,37,58,1504,2.5871765816507275,0.34271889484526397,0.34271889484526397,1.8870032661837766,1.8870032661837766,1.1144668274872764,0.709347053764501,0.5765233678563859,-0.0
arc,1,38,58,1544,2.5871765816507275,0.336026956156444,0.336026956156444,1.8501575878367857,1.8501575878367857,1.0051576793973958,0.5355231145784639,0.4032310421328857,-0.0
arc,1,39,58,1584,2.5871765816507275,0.23171516798724676,0.23171516798724676,1.2758190032495065,1.2758190032495065,0.9935804945231166,0.6647636154153997,0.5797508437218423,-0.0
arc,1,40,58,1624,2.5871765816507275,0.19191993497095572,0.19191993497095572,1.0567072594567106,1.0567072594567106,0.9960574714339951,0.944312581555046,0.9359442660778275,-0.0
arc,1,41,58,1664,2.5871765816507275,0.2983741380816027,0.2983741380816027,1.6428419371478198,1.6428419371478198,1.0018587076586862,0.6774971785625167,0.5571046182224064,-0.0
arc,1,42,58,1704,2.5871765816507275,0.09392849618631735,0.09392849618631735,0.5171683900630453,0.5171683900630453,0.9993473516635923,0.7689585015918555,0.6784460941429771,-0.0
arc,1,43,58,1744,2.5871765816507275,0.2358137838563191,0.2358137838563191,1.2983858988835044,1.2983858988835044,1.000793069520451,0.6888492849364165,0.5499040498314436,-0.0
arc,1,44,58,1784,2.5871765816507275,0.15995025562433177,0.15995025562433177,0.8806828550445618,0.8806828550445618,0.9998859030291991,0.9395783661979942,0.9347250088551547,-0.0
arc,1,45,58,1824,2.5871765816507275,0.24078554253217188,0.24078554253217188,1.3257603010571795,1.3257603010571795,0.9988113801605741,0.7149056022017419,0.5713025547266873,-0.0
arc,1,46,58,1864,2.5871765816507275,0.14518240211221928,0.14518240211221928,0.799371353895897,0.799371353895897,1.0000805901843943,0.9549763621769962,0.9520109351422545,-0.0
arc,1,47,58,1904,2.5871765816507275,0.2773048293076544,0.2773048293076544,1.526834751461062,1.526834751461062,0.9998825911536033,0.8772642448804512,0.8656208783128572,-0.0
arc,1,48,58,1944,2.5871765816507275,0.20373964856142573,0.20373964856142573,1.121786362144188,1.121786362144188,0.9999193778844356,0.834261408203745,0.792721191092685,-0.0
arc,1,49,58,1984,2.5871765816507275,0.6483260800495446,0.6483260800495446,3.5696702137125293,3.5696702137125293,1.0012760566776302,0.7247911609289731,0.6456221283240472,-0.0
arc,1,250,63,24,2.1702848165143735,0.31962053929321077,0.31962053929321077,1.7598241901953409,1.7598241901953409,1.001602072173624,0.6585819015661003,0.5487016281518075,-0.0
arc,1,251,63,64,2.1702848165143735,0.9350387945492449,0.9350387945492449,5.1483045897413815,5.1483045897413815,1.0000792718156954,0.729712407152901,0.6797587327088093,-0.0
arc,1,252,63,104,2.1702848165143735,0.10087076278577627,0.10087076278577627,0.5553923687958552,0.5553923687958552,0.996856525011745,0.922920730539913,0.9055540940769428,-0.0
arc,1,253,63,144,2.1702848165143735,0.2648188516796225,0.2648188516796225,1.458087212530559,1.458087212530559,0.9994137445097822,0.6363555998943964,0.5041534750705744,-0.0
arc,1,254,63,184,2.1702848165143735,0.24406402256042298,0.24406402256042298,1.3438115454282298,1.3438115454282298,1.0009523047223368,0.4763126773824117,0.3590572545081046,-0.0
arc,1,255,63,224,2.1702848165143735,0.4919949384841707,0.4919949384841707,2.7089141270856483,2.7089141270856483,1.011267123870683,0.8445925160927815,0.8216650340819869,-0.0
arc,1,256,63,264,2.1702848165143735,0.13369953681383165,0.13369953681383165,0.7361469310551636,0.7361469310551636,0.9933895303917243,0.8766383675194145,0.8490678916645363,-0.0
arc,1,257,63,304,2.1702848165143735,0.2821946968975446,0.2821946968975446,1.553758262980598,1.553758262980598,nan,0.9708899221650815,0.9672995691732764,-0.0
arc,1,258,63,344,2.1702848165143735,0.12522969970849904,0.12522969970849904,0.6895121801785793,0.6895121801785793,0.9997811572200189,0.9219073833524093,0.9194095634670186,-0.0
arc,1,259,63,384,2.1702848165143735,0.41795384316380313,0.41795384316380313,2.301245361800796,2.301245361800796,1.0010484869415137,0.5577618020071213,0.4410879623377451,-0.0
arc,1,260,63,424,2.1702848165143735,0.04815907328763836,0.04815907328763836,0.26516287825679324,0.26516287825679324,1.0042366643289296,0.7221306711418061,0.627980689784957,-0.0
arc,1,261,63,464,2.1702848165143735,0.16223534648913304,0.16223534648913304,0.8932645188811984,0.8932645188811984,0.9977740896546772,0.6837750636577036,0.6142482007666064,-0.0
arc,1,262,63,504,2.1702848165143735,0.1857223542967999,0.1857223542967999,1.0225835062862014,1.0225835062862014,0.9978080148121782,0.6304667848626847,0.5352259885373359,-0.0
arc,1,263,63,544,2.1702848165143735,0.17925230569437603,0.17925230569437603,0.9869595502430019,0.9869595502430019,0.9929288782954042,0.829184099951432,0.7857672065795769,-0.0
arc,1,264,63,584,2.1702848165143735,0.1821143393649008,0.1821143393649008,1.0027178494364166,1.0027178494364166,1.0048975317101276,0.6682689824410856,0.5851908006060481,-0.0
arc,1,265,63,624,2.1702848165143735,0.30901439954576543,0.30901439954576543,1.7014270004107885,1.7014270004107885,0.998323854887655,0.7539390758583723,0.7163682507673255,-0.0
arc,1,266,63,664,2.1702848165143735,0.04246920006742759,0.04246920006742759,0.23383455200399955,0.23383455200399955,1.0091504090541403,0.7412523938692117,0.6785244901535193,-0.0
arc,1,267,63,704,2.1702848165143735,0.14537740307038088,0.14537740307038088,0.800445025206392,0.800445025206392,0.9901773175784987,0.871776395904784,0.8504991972685113,-0.0
arc,1,268,63,744,2.1702848165143735,0.11955560020709417,0.11955560020709417,0.6582707037007887,0.6582707037007887,0.9872573589666668,0.9078966460642998,0.8899815613778826,-0.0
arc,1,269,63,784,2.1702848165143735,0.25780086504467914,0.25780086504467914,1.4194463208220605,1.4194463208220605,1.0018089566064101,0.7374607180006166,0.6696986477244758,-0.0
arc,1,270,63,824,2.1702848165143735,0.21385341935219948,0.21385341935219948,1.17747257846512,1.17747257846512,1.0007845542959186,0.8078735193221036,0.74897018198636,-0.0
arc,1,271,63,864,2.1702848165143735,0.24714700795738825,0.24714700795738825,1.3607864003346013,1.3607864003346013,0.9975306890233542,0.7979196575006496,0.743116946972746,-0.0
arc,1,272,63,904,2.1702848165143735,0.1328076266547864,0.1328076266547864,0.7312360918555311,0.7312360918555311,1.0043000213854651,0.6558080079985753,0.5820892373058144,-0.0
arc,1,273,63,944,2.1702848165143735,0.12865075200816944,0.12865075200816944,0.7083484245770045,0.7083484245770045,0.992363054736467,0.5671949045786221,0.4805398462804249,-0.0
arc,1,274,63,984,2.1702848165143735,0.33458791763136825,0.33458791763136825,1.8422342709790784,1.8422342709790784,0.9886961515360437,0.5435676607605474,0.45241704923540954,-0.0
arc,1,275,63,1024,2.1702848165143735,0.21883445776243454,0.21883445776243454,1.2048980746676101,1.2048980746676101,1.0058530149300933,0.3788246516293876,0.2789848219394125,-0.0
arc,1,276,63,1064,2.1702848165143735,0.3681845682326466,0.3681845682326466,2.0272167460365766,2.0272167460365766,1.0009797879124818,0.8244969778362995,0.7771832837418345,-0.0
arc,1,277,63,1104,2.1702848165143735,2.1619435770999798,2.1619435770999798,11.903617374625982,11.903617374625982,0.9998686995681686,0.6511419510303074,0.5782663886917218,-0.0
arc,1,278,63,1144,2.1702848165143735,0.12969236627641223,0.12969236627641223,0.7140835315578005,0.7140835315578005,1.0015359343718757,0.7328151535297058,0.6650508010418236,-0.0
arc,1,279,63,1184,2.1702848165143735,0.20256925963124015,0.20256925963124015,1.1153422244932345,1.1153422244932345,1.0031319027524983,0.7477163669699937,0.7037589237129863,-0.0
arc,1,280,63,1224,2.1702848165143735,0.14195268888599605,0.14195268888599605,0.7815886185451898,0.7815886185451898,1.000125421928597,0.7681862936256318,0.7030128656748731,-0.0
arc,1,281,63,1264,2.1702848165143735,0.2710878702448059,0.2710878702448059,1.4926043012764507,1.4926043012764507,0.9984257243945612,0.7314807259224474,0.664736800767321,-0.0
arc,1,282,63,1304,2.1702848165143735,0.16764448629660794,0.16764448629660794,0.923047132671892,0.923047132671892,1.00630558885753,0.856942430814858,0.8246891923474192,-0.0
arc,1,283,63,1344,2.1702848165143735,0.3538492574271778,0.3538492574271778,1.9482868162353835,1.9482868162353835,0.9837821159920274,0.8910796874141841,0.8726654227146474,-0.0
arc,1,284,63,1384,2.1702848165143735,0.14368445903642688,0.14368445903642688,0.7911237097797071,0.7911237097797071,0.9985349492275684,0.9719997780093651,0.9686262437641775,-0.0
arc,1,285,63,1424,2.1702848165143735,0.20471627890592453,0.20471627890592453,1.1271636689622304,1.1271636689622304,1.0033184317037704,0.7318599524004517,0.6782010653874215,-0.0
arc,1,286,63,1464,2.1702848165143735,0.0896282232709496,0.0896282232709496,0.4934911748326323,0.4934911748326323,0.995012023635968,0.9312782392266594,0.9307805669058856,-0.0
arc,1,287,63,1504,2.1702848165143735,0.14423177387361702,0.14423177387361702,0.7941372141441949,0.7941372141441949,1.0024849756429781,0.9217431058447761,0.9072959120073589,-0.0
arc,1,288,63,1544,2.1702848165143735,0.48247131124496007,0.48247131124496007,2.6564772291596643,2.6564772291596643,0.9982566811245336,0.5850050140866067,0.4893734537060407,-0.0
arc,1,289,63,1584,2.1702848165143735,0.16084244597122394,0.16084244597122394,0.8855952369527822,0.8855952369527822,1.0015903435797897,0.9281723684891034,0.9180588272442266,-0.0
arc,1,290,63,1624,2.1702848165143735,0.23452002819081685,0.23452002819081685,1.2912625064964323,1.2912625064964323,1.0011914786626792,0.44685583491794584,0.36295817601184527,-0.0
arc,1,291,63,1664,2.1702848165143735,0.07279007743720096,0.07279007743720096,0.40078068625829183,0.40078068625829183,1.0002545123931328,0.5865389736235097,0.5064496646726324,-0.0
arc,1,292,63,1704,2.1702848165143735,0.07192425759030179,0.07192425759030179,0.396013499786816,0.396013499786816,0.9883629955664411,0.8410981705379202,0.8398005499065571,-0.0
arc,1,293,63,1744,2.1702848165143735,0.2018222967237086,0.2018222967237086,1.111229461913084,1.111229461913084,1.0020321607668987,0.5360532771811963,0.46182461729792507,-0.0
arc,1,294,63,1784,2.1702848165143735,0.251805193901374,0.251805193901374,1.3864342774227938,1.3864342774227938,1.0011490957747504,0.3775599295240664,0.2862089433903164,-0.0
arc,1,295,63,1824,2.1702848165143735,0.11201076464910187,0.11201076464910187,0.6167289925349104,0.6167289925349104,1.0018021926003726,0.7384688527095946,0.6820752889622075,-0.0
arc,1,296,63,1864,2.1702848165143735,0.16110204827018543,0.16110204827018543,0.88702460193212,0.88702460193212,0.9976171100698437,0.6864307009755984,0.6017655915267303,-0.0
arc,1,297,63,1904,2.1702848165143735,0.09093433855858749,0.09093433855858749,0.500682619047863,0.500682619047863,0.9695270960701545,0.8311600311497174,0.8477739125142487,-0.0
arc,1,298,63,1944,2.1702848165143735,0.20772863728586013,0.20772863728586013,1.143749652948964,1.143749652948964,1.0202749207119963,0.6396727664474644,0.5571442328034603,-0.0
arc,1,299,63,1984,2.1702848165143735,0.11403621611852817,0.11403621611852817,0.6278810871401109,0.6278810871401109,0.9838973769657584,0.8183996314865505,0.8059046378722678,-0.0
arc,1,550,69,24,2.1663810600047575,0.1084483323502586,0.1084483323502586,0.5971143127358555,0.5971143127358555,0.9973127154254426,0.5829067781808444,0.47192682926738383,-0.0
arc,1,551,69,64,2.1663810600047575,0.588318007852535,0.588318007852535,3.2392669883978753,3.2392669883978753,0.9970250904481144,0.4629021072539806,0.35528558700220453,-0.0
arc,1,552,69,104,2.1663810600047575,0.13327061938569795,0.13327061938569795,0.7337853204174518,0.7337853204174518,1.0098385454156498,0.32757595299654974,0.24721851350567223,-0.0
arc,1,553,69,144,2.1663810600047575,0.17190653753161636,0.17190653753161636,0.9465139001074448,0.9465139001074448,0.9709838672905267,0.8662480708597604,0.8806356276952579,-0.0
arc,1,554,69,184,2.1663810600047575,0.16525305600526885,0.16525305600526885,0.9098799661150404,0.9098799661150404,1.0049747194948337,0.832607726923595,0.7832923728305813,-0.0
arc,1,555,69,224,2.1663810600047575,0.4852395035015453,0.4852395035015453,2.6717188394360964,2.6717188394360964,0.9996935863952711,0.39952930771573847,0.29588905543087934,-0.0
arc,1,556,69,264,2.1663810600047575,0.08698448624562558,0.08698448624562558,0.4789348125288561,0.4789348125288561,0.9996635398055252,0.25032775723517714,0.17978647946568224,-0.0
arc,1,557,69,304,2.1663810600047575,0.09378847315270383,0.09378847315270383,0.5163974260871927,0.5163974260871927,1.0030102920656532,0.8600069416776743,0.8154769344453444,-0.0
arc,1,558,69,344,2.1663810600047575,0.08385117127159399,0.08385117127159399,0.46168284399455733,0.46168284399455733,1.0000471678486065,0.3383614580698329,0.25646496545338515,-0.0
arc,1,559,69,384,2.1663810600047575,0.16135230422130795,0.16135230422130795,0.8884025061103046,0.8884025061103046,1.0024911396350638,0.3652249410772017,0.2526715961294757,-0.0
arc,1,560,69,424,2.1663810600047575,0.05030514858677267,0.05030514858677267,0.2769791252156053,0.2769791252156053,0.9987416801640562,0.5856489026693341,0.4498776668812267,-0.0
arc,1,561,69,464,2.1663810600047575,0.09329235312256315,0.09329235312256315,0.5136657992893258,0.5136657992893258,0.9883777680452562,0.4342175137605423,0.315441473185627,-0.0
arc,1,562,69,504,2.1663810600047575,0.13795181168317505,0.13795181168317505,0.7595598700201571,0.7595598700201571,1.010449880936879,0.4045604266841904,0.2927218092107577,-0.0
arc,1,563,69,544,2.1663810600047575,0.16678936618916795,0.16678936618916795,0.9183388587483103,0.9183388587483103,0.9965976064522923,0.8201136840217186,0.7734687176947949,-0.0
arc,1,564,69,584,2.1663810600047575,0.13344571431906244,0.13344571431906244,0.7347493895601822,0.7347493895601822,0.9848532732672735,0.3194307488247177,0.2251330680346003,-0.0
arc,1,565,69,624,2.1663810600047575,0.12517438496850603,0.12517438496850603,0.6892076183449458,0.6892076183449458,1.011547705822728,0.3556169075566235,0.25220837456041983,-0.0
arc,1,566,69,664,2.1663810600047575,0.05374668497933355,0.05374668497933355,0.29592815461296257,0.29592815461296257,1.0035914038328195,0.48356206756610187,0.3697545937686059,-0.0
arc,1,567,69,704,2.1663810600047575,0.07320069531777382,0.07320069531777382,0.4030415399592361,0.4030415399592361,0.9983877539355777,0.4811001928514332,0.3644608128715428,-0.0
arc,1,568,69,744,2.1663810600047575,0.054610031857826646,0.054610031857826646,0.30068172497067974,0.30068172497067974,1.010427628392825,0.787979574035562,0.760634731196121,-0.0
arc,1,569,69,784,2.1663810600047575,0.27434376247875536,0.27434376247875536,1.5105311777113755,1.5105311777113755,0.9970782227838443,0.523606434187551,0.408118787086046,-0.0
arc,1,570,69,824,2.1663810600047575,0.28542692159172744,0.28542692159172744,1.5715548264228227,1.5715548264228227,0.9993415219155782,0.9038227400521284,0.8895277889958335,-0.0
arc,1,571,69,864,2.1663810600047575,0.15299234396211359,0.15299234396211359,0.8423727349143255,0.8423727349143255,0.9746331622991601,0.8296158278463308,0.8594453474167235,-0.0
arc,1,572,69,904,2.1663810600047575,0.30969639095123724,0.30969639095123724,1.7051820312217265,1.7051820312217265,1.0108540431894057,0.314405043397103,0.23188228949235223,-0.0
arc,1,573,69,944,2.1663810600047575,0.11249914235486616,0.11249914235486616,0.619417990252193,0.619417990252193,0.9989261983079349,0.688291871583565,0.6308469522740529,-0.0
arc,1,574,69,984,2.1663810600047575,0.05656441856156651,0.05656441856156651,0.31144253842103925,0.31144253842103925,0.9990617674550705,0.3433983925837138,0.26018601387064666,-0.0
arc,1,575,69,1024,2.1663810600047575,0.07084143486799654,0.07084143486799654,0.39005149989588345,0.39005149989588345,1.000595911853193,0.14977795160702712,0.12689436298603748,-0.0
arc,1,576,69,1064,2.1663810600047575,0.05049698695148823,0.05049698695148823,0.2780353833508944,0.2780353833508944,1.0006931483020818,0.2503491226505808,0.21713755963190254,-0.0
arc,1,577,69,1104,2.1663810600047575,0.10680651698417794,0.10680651698417794,0.5880745107148326,0.5880745107148326,1.0201073593088608,0.7314599061942926,0.6659481293062757,-0.0
arc,1,578,69,1144,2.1663810600047575,0.0418958155081947,0.0418958155081947,0.23067750828004518,0.23067750828004518,0.9945795062833671,0.24769800150339008,0.19921257819372273,-0.0
arc,1,579,69,1184,2.1663810600047575,0.08041929773237193,0.08041929773237193,0.44278701807119947,0.44278701807119947,0.99783725844052,0.12227576375877232,0.10328092087617176,-0.0
arc,1,580,69,1224,2.1663810600047575,0.08060325724647581,0.08060325724647581,0.443799895415229,0.443799895415229,1.0117221502354372,0.43201492788926005,0.3366735139437692,-0.0
arc,1,581,69,1264,2.1663810600047575,0.16483215897554765,0.16483215897554765,0.9075625156279012,0.9075625156279012,0.9327045435994822,0.8606451567448037,0.8987646602190191,-0.0
arc,1,582,69,1304,2.1663810600047575,0.23484216647684764,0.23484216647684764,1.293036193348969,1.293036193348969,1.0230856947547293,0.6041221022296528,0.5153478367352999,-0.0
arc,1,583,69,1344,2.1663810600047575,0.1936676661412164,0.1936676661412164,1.0663302317418601,1.0663302317418601,0.999650995080553,0.789259330979425,0.7381269239081968,-0.0
arc,1,584,69,1384,2.1663810600047575,0.10551447076982438,0.10551447076982438,0.5809605305310254,0.5809605305310254,0.9999997015598288,0.628254324084422,0.5419509275205203,-0.0
arc,1,585,69,1424,2.1663810600047575,0.21357995101028465,0.21357995101028465,1.1759668673352328,1.1759668673352328,0.9998143084910448,0.7662161432788371,0.7380228738815582,-0.0
arc,1,586,69,1464,2.1663810600047575,0.02471364703713703,0.02471364703713703,0.13607283806002574,0.13607283806002574,0.9983381090317286,0.2575220689602611,0.27202259824153163,-0.0
arc,1,587,69,1504,2.1663810600047575,0.02285453828916296,0.02285453828916296,0.125836623096734,0.125836623096734,1.0016744687220918,0.10364648636512319,0.086325824312357,-0.0
arc,1,588,69,1544,2.1663810600047575,0.17921483431902066,0.17921483431902066,0.9867532336122368,0.9867532336122368,0.9974097290797482,0.533506830060666,0.44072445730993687,-0.0
arc,1,589,69,1584,2.1663810600047575,0.5570403733531215,0.5570403733531215,3.067052968842451,3.067052968842451,nan,0.865463093449637,0.8240920943808498,-0.0
arc,1,590,69,1624,2.1663810600047575,0.3365550140010036,0.3365550140010036,1.8530650635914208,1.8530650635914208,1.0010249687664006,0.36709715678327476,0.2958338659480827,-0.0
arc,1,591,69,1664,2.1663810600047575,0.12034992580239154,0.12034992580239154,0.6626442442767065,0.6626442442767065,0.9926220628203011,0.946469152398444,0.9380444844171939,-0.0
arc,1,592,69,1704,2.1663810600047575,0.13603605307895314,0.13603605307895314,0.749011742100281,0.749011742100281,1.000933203166502,0.24817967505856778,0.1817588986918648,-0.0
arc,1,593,69,1744,2.1663810600047575,0.0854368441028053,0.0854368441028053,0.47041352636018996,0.47041352636018996,0.9996790136577745,0.231064926790448,0.17551241327448183,-0.0
arc,1,594,69,1784,2.1663810600047575,0.07630814629560037,0.07630814629560037,0.4201511018563475,0.4201511018563475,0.9989308897381417,0.8492255475190308,0.8186953909762802,-0.0
arc,1,595,69,1824,2.1663810600047575,0.05613516158153564,0.05613516158153564,0.30907905821748605,0.30907905821748605,0.9998615488574613,0.2727194720999956,0.20034857776866727,-0.0
arc,1,596,69,1864,2.1663810600047575,0.06506246942397824,0.06506246942397824,0.35823263367040364,0.35823263367040364,1.006505332757007,0.48648920675166607,0.3830754428739886,-0.0
arc,1,597,69,1904,2.1663810600047575,0.0802150542875271,0.0802150542875271,0.441662457816963,0.441662457816963,0.9900716151365003,0.4478745868104496,0.3533134012421934,-0.0
arc,1,598,69,1944,2.1663810600047575,0.10121991658557941,0.10121991658557941,0.5573148025178899,0.5573148025178899,1.0031701284032,0.36860531520123346,0.27891663249714677,-0.0
arc,1,599,69,1984,2.1663810600047575,0.06277953945013114,0.06277953945013114,0.34566286765542126,0.34566286765542126,1.0002685487341634,0.6525832363754264,0.5724319727820203,-0.0
arc_x0.8,1,0,58,24,2.0697262646293124,0.15354399718445746,36.80457850942717,0.8454101263392532,202.64526088986958,1.0002665550674112,0.37990882686730504,0.2742729937168324,2.966087551309109
arc_x0.8,1,1,58,64,2.0697262646293124,0.05044039109225148,0.20704319204917448,0.27772376770075513,1.1399756054135928,1.0000333874730944,0.8983676791704104,0.8885598684008126,22.050676583615925
arc_x0.8,1,2,58,104,2.0697262646293124,0.08510521754999564,0.3090236042735751,0.4685875973037029,1.70147768145494,0.999257547892143,0.9043065308582112,0.8996858921519829,-49.70364909007298
arc_x0.8,1,3,58,144,2.0697262646293124,0.1641491526258147,6.5034842305561495,0.9038018965544993,35.808051931817,1.0018722875756862,0.6672842857165681,0.5819266449832047,-11.111271520578262
arc_x0.8,1,4,58,184,2.0697262646293124,0.1019988222166435,0.5828012083014362,0.5616034410842884,3.208891602247938,0.9866501537977392,0.8752458027770853,0.8899044332545136,-462.50704179552804
arc_x0.8,1,5,58,224,2.0697262646293124,0.052610850408557994,2.8026945371681307,0.28967427256229356,15.431579131753189,1.0081238151820335,0.7355629699013554,0.6902357547554326,55.511562760226255
arc_x0.8,1,6,58,264,2.0697262646293124,0.14146875308021994,0.4561053495073481,0.7789240778389207,2.511306779956934,0.9984137911719703,0.9007580967907851,0.887413942022384,21.230588327139298
arc_x0.8,1,7,58,304,2.0697262646293124,0.15837989744442996,2.672429385190772,0.8720364948376318,14.71434185377298,1.0049939288699599,0.740920168420192,0.7026887207837642,-3.9146760852966813
arc_x0.8,1,8,58,344,2.0697262646293124,0.2141917223275384,0.5134800461458912,1.179335267768295,2.8272106929936394,0.9981440003396301,0.9392107599066619,0.9241977291211757,18.912514353283903
arc_x0.8,1,9,58,384,2.0697262646293124,0.09120486376997979,0.7872069179756908,0.5021721253609387,4.334345283335698,1.0000046114116545,0.8677061571097572,0.8433116317275122,-7.230013767444312
arc_x0.8,1,10,58,424,2.0697262646293124,0.06545907149423875,0.3674972763906813,0.3604163166047652,2.0234325311300845,0.9984416389457856,0.9238289273767071,0.9197256921889306,30.329705135418884
arc_x0.8,1,11,58,464,2.0697262646293124,0.09025843296947758,23.898941806571305,0.4969610966180649,131.58708762671904,1.0006896275570776,0.3674952494358156,0.27606269073147305,2.618544766258193
arc_x0.8,1,12,58,504,2.0697262646293124,0.2019060974318471,1.8945170076252549,1.1116908669080936,10.431172120940834,0.9989734337699907,0.7693261603283637,0.737710859606926,-11.888733989171016
arc_x0.8,1,13,58,544,2.0697262646293124,0.10634617901579362,0.6343490632668479,0.585539899221405,3.492713043515181,0.9995366834002688,0.8690628645666912,0.8418580186538666,-29.447880532370736
arc_x0.8,1,14,58,584,2.0697262646293124,0.14408480216881933,5.827785072288056,0.7933279909260965,32.087666106036366,1.0000526586322203,0.6821569051724368,0.603340262821625,13.747234868332255
arc_x0.8,1,15,58,624,2.0697262646293124,0.08856035860218078,1.387027186547253,0.4876115336803147,7.636943485365962,0.9999758907685515,0.8482178706926815,0.8142633965157773,-13.375846840514715
arc_x0.8,1,16,58,664,2.0697262646293124,0.1589216049287643,1.1521196972521615,0.8750191252313154,6.343547625908014,1.0000147133659991,0.8368738612470221,0.8076112844286196,-15.540509796707804
arc_x0.8,1,17,58,704,2.0697262646293124,0.0651661755675685,0.15082885712507835,0.35880363758825445,0.8304606203818766,1.0031943753917085,0.9300780595679105,0.9269806265267758,-121.11669941571927
arc_x0.8,1,18,58,744,2.0697262646293124,0.19095776353797228,0.5307818973287146,1.0514095631114646,2.9224743337910173,0.9989174008250314,0.9067574899968021,0.8977696518194632,35.42150805259405
arc_x0.8,1,19,58,784,2.0697262646293124,0.16237872235336764,23.699862296286433,0.8940539434742742,130.49095989116648,0.9975730395291981,0.4815341798718591,0.3996204670303965,3.49432094129377
arc_x0.8,1,20,58,824,2.0697262646293124,0.07879661914958046,13.178209796525639,0.4338525827898403,72.5589551744044,1.0011907617898215,0.40201173345187974,0.32500301555470695,-11.439353439445034
arc_x0.8,1,21,58,864,2.0697262646293124,0.15071410212325578,0.2668448552208389,0.8298287816752659,1.46924234683181,0.9973587701377822,0.8116583331495818,0.8106667161690325,13.128813332551792
arc_x0.8,1,22,58,904,2.0697262646293124,0.1593826562852148,20.74567470537172,0.8775576646249293,114.22526308593916,1.0011691678243757,0.5216591137772835,0.40267299415128616,-5.954208650170237
arc_x0.8,1,23,58,944,2.0697262646293124,0.09750932070133858,0.18011340459007624,0.5368843370303893,0.9917007432531718,nan,0.9721263451164658,0.9704231528463644,2.9415299560747923
arc_x0.8,1,24,58,984,2.0697262646293124,0.14651945480600886,0.9499313026011311,0.8067331388403188,5.2303024362513195,0.9989189622986063,0.8577321463659813,0.8425347323754908,-9.088858316177198
arc_x0.8,1,25,58,1024,2.0697262646293124,0.07420479274302377,1.6831366848257285,0.40857007996537975,9.267316361806872,1.0339217003857981,0.7577133275736088,0.7298797924927755,3.0922118009855817
arc_x0.8,1,26,58,1064,2.0697262646293124,0.0872301410875834,1.5306308091600878,0.4802873830935388,8.427622111441096,0.9603837447947638,0.858043603873616,0.8289726705079649,69.75837320625726
arc_x0.8,1,27,58,1104,2.0697262646293124,0.11240198563571335,0.2490511487061539,0.6188830473321191,1.3712705605785722,0.9980482789105009,0.943298848753453,0.9361391186184168,-34.18525035248726
arc_x0.8,1,28,58,1144,2.0697262646293124,0.31114932598176237,7.213478654009428,1.7131818619558667,39.7172667903485,1.0001895404943022,0.7061024304939283,0.6237060159430425,-34.93198135206084
arc_x0.8,1,29,58,1184,2.0697262646293124,0.2276415600007633,1.2501993416561195,1.2533898005085335,6.883572153648084,1.0017075450247623,0.8384690352697336,0.8175042308400101,9.999081224278145
arc_x0.8,1,30,58,1224,2.0697262646293124,0.10123958787290777,3.0655335126288557,0.5574231122259246,16.87876518608123,1.0015444956946007,0.7349770724653066,0.7005945223508546,-3.564509367738004
arc_x0.8,1,31,58,1264,2.0697262646293124,0.18598590653444896,5.35479016042627,1.024034619547635,29.48336573918768,0.999010794626201,0.73861402036148,0.6584461233003895,-12.56273291621451
arc_x0.8,1,32,58,1304,2.0697262646293124,0.14808322956407136,0.3339775392510412,0.8153432508604687,1.8388735400284106,nan,0.9564668778096346,0.9501617569401696,-20.659449379846293
arc_x0.8,1,33,58,1344,2.0697262646293124,0.1226377299984682,6.144817254957725,0.6752408476601727,33.83323885729404,1.0066136777451682,0.7104342269294547,0.6420898719086724,18.35376135660273
arc_x0.8,1,34,58,1384,2.0697262646293124,0.3833809038527266,18.131866710744404,2.11088746095897,99.83368941660322,0.9988629149341987,0.31127953313258644,0.2378459091340459,-17.64336043073106
arc_x0.8,1,35,58,1424,2.0697262646293124,0.06026278890167593,3.7735528234919093,0.3318056903111462,20.777105114852837,0.999171189604342,0.6852449596851459,0.6303650740551779,14.579726247665052
arc_x0.8,1,36,58,1464,2.0697262646293124,0.12268914540032567,3.1088401416245626,0.675523939817321,17.117210604736087,0.9733617670494934,0.7853074374466357,0.7321195387320059,-133.15622238161853
arc_x0.8,1,37,58,1504,2.0697262646293124,0.3390390599196974,5.798745169821461,1.8667421699092444,31.927772993551677,1.064323187353358,0.709347053764501,0.6408973730681774,80.46282668952024
arc_x0.8,1,38,58,1544,2.0697262646293124,0.1206178190035901,23.12924733286291,0.6641192587951747,127.34916550542164,1.0040407338164894,0.5355231145784639,0.46450251281232147,11.412746099273402
arc_x0.8,1,39,58,1584,2.0697262646293124,0.07274976368943058,5.015299972350076,0.4005587195828064,27.614139666821988,0.9948523041148586,0.6647636154153997,0.6111261041166535,8.34364908593728
arc_x0.8,1,40,58,1624,2.0697262646293124,0.07593787191673136,0.22531867762913188,0.41811237865544126,1.2406000574037415,0.9969130976320628,0.944312581555046,0.9390838637920613,-12.47507456137325
arc_x0.8,1,41,58,1664,2.0697262646293124,0.14480479902262863,7.03309824507525,0.7972922789627792,38.72409592660596,1.0021345865366729,0.6774971785625167,0.6128039158802676,-0.464740599639537
arc_x0.8,1,42,58,1704,2.0697262646293124,0.04140683108202457,2.6889662826954903,0.22798516997254503,14.805393675173255,0.9995674709180955,0.7689585015918555,0.7234776981379254,3.106960923109422
arc_x0.8,1,43,58,1744,2.0697262646293124,0.18418481181968765,4.772200695523443,1.0141178286715573,26.275639991786903,1.0005685187346112,0.6888492849364165,0.6211876362478417,3.2821181963323625
arc_x0.8,1,44,58,1784,2.0697262646293124,0.11235823790985619,0.19243857522342928,0.6186421732431143,1.059562882140817,1.0002815375715652,0.9395783661979942,0.9360170301402319,2.0195636776832786
arc_x0.8,1,45,58,1824,2.0697262646293124,0.08713284763719781,4.000387482167531,0.4797516873340774,22.026052133072643,0.9984382209670863,0.7149056022017419,0.6367554335909118,8.077289103309427
arc_x0.8,1,46,58,1864,2.0697262646293124,0.07313217877528679,0.14629983045131503,0.4026642892695155,0.8055238916092088,1.0003862325070825,0.9549763621769962,0.9528706901516227,67.67432321829536
arc_x0.8,1,47,58,1904,2.0697262646293124,0.06802269652605548,0.5596889597057121,0.37453158390128466,3.081636031443551,1.0014004694501875,0.8772642448804512,0.8667002553680816,-32.645560455225755
arc_x0.8,1,48,58,1944,2.0697262646293124,0.09548199019317295,0.7622460487928098,0.5257218964760983,4.196911245168212,0.9992166195180265,0.834261408203745,0.8090903317305548,6.389695908177772
arc_x0.8,1,49,58,1984,2.0697262646293124,0.2733814588916167,2.5391417028356997,1.505232753728038,13.980462584993113,1.0009081282467267,0.7247911609289731,0.6635270490597504,-7.534029513004629
arc_x0.8,1,250,63,24,1.7354160930470774,0.17149103286577982,4.846605812826355,0.9442261398662065,26.685313054705635,1.001499169424207,0.6585819015661003,0.5992453465584868,-1.1193979012128452
arc_x0.8,1,251,63,64,1.7354160930470774,0.5481157097891688,4.176541307143056,3.0179139527331302,22.995951511482055,1.0018369245092056,0.729712407152901,0.702152029491856,1.0317165700471855
arc_x0.8,1,252,63,104,1.7354160930470774,0.02073297331957258,0.22579643835326352,0.11415532951399864,1.24323059823604,0.9997976580395549,0.922920730539913,0.914797023100343,-10.59620644560471
arc_x0.8,1,253,63,144,1.7354160930470774,0.04105615265301283,4.036328608427317,0.22605434167308952,22.223943243433396,0.9994043475789371,0.6363555998943964,0.5676376094431886,12.555757414019574
arc_x0.8,1,254,63,184,1.7354160930470774,0.04770549419946994,12.771684672607282,0.26266548102039955,70.32063610837785,1.0003197262210421,0.4763126773824117,0.41225407318258284,0.7291578651785716
arc_x0.8,1,255,63,224,1.7354160930470774,0.07782038865164477,0.5657290090819274,0.4284774775188438,3.1148924204908353,1.006994223816323,0.8445925160927815,0.8221873973019789,-65.56549999992276
arc_x0.8,1,256,63,264,1.7354160930470774,0.03268128828368848,0.8293973363893172,0.1799425087497943,4.566644869222605,0.9974745948786332,0.8766383675194145,0.8616464372797588,24.14284861429113
arc_x0.8,1,257,63,304,1.7354160930470774,0.10024750993449327,0.27785884354127965,0.5519607512698932,1.5298851425660964,nan,0.9708899221650815,0.969038186967583,-39.06488417938623
arc_x0.8,1,258,63,344,1.7354160930470774,0.026954904363122423,0.19992261039675369,0.14841315532325175,1.1007698276250266,1.0002398716615108,0.9219073833524093,0.9163779021383787,34.746368528229645
arc_x0.8,1,259,63,384,1.7354160930470774,0.08948719194454531,7.051264646646834,0.4927146592171764,38.82411976426412,1.000183820510871,0.5577618020071213,0.502686802372308,1.0732378867042294
arc_x0.8,1,260,63,424,1.7354160930470774,0.006796636837753866,2.487844148494714,0.037422144226092566,13.698019293874355,1.0029233785102585,0.7221306711418061,0.6735253802375634,15.292700117895578
arc_x0.8,1,261,63,464,1.7354160930470774,0.03408388772751954,7.196349509503975,0.18766519276711918,39.62295406900491,0.9992566636962694,0.6837750636577036,0.644678659951051,2.4780785308739564
arc_x0.8,1,262,63,504,1.7354160930470774,0.023011802153565204,6.316243978929055,0.1267025147363347,34.77711091369506,0.9981567205846475,0.6304667848626847,0.5779657383135913,-0.4488148215629308
arc_x0.8,1,263,63,544,1.7354160930470774,0.01609749072874648,0.7910698798830934,0.08863245662665405,4.355614673048522,0.9949211818708822,0.829184099951432,0.8015203373177102,-21.864116975362393
arc_x0.8,1,264,63,584,1.7354160930470774,0.0167117449661525,6.32584532615401,0.09201452796758701,34.8299757362822,1.0024530913646956,0.6682689824410856,0.6259895603908986,-3.5779813918184713
arc_x0.8,1,265,63,624,1.7354160930470774,0.04410123781771234,1.584852944045212,0.24282051867126775,8.72616808356756,0.9991208360735174,0.7539390758583723,0.7327553645669148,16.612473885626848
arc_x0.8,1,266,63,664,1.7354160930470774,0.004308184064218146,1.8451254644916724,0.023720773855118196,10.159223288773273,1.0066032515363312,0.7412523938692117,0.7081360503538333,-28.93358901137813
arc_x0.8,1,267,63,704,1.7354160930470774,0.017100216960718832,1.0628353302253888,0.09415344687049304,5.851949716563859,0.9929157811026184,0.871776395904784,0.8576498957683028,-17.177777466991927
arc_x0.8,1,268,63,744,1.7354160930470774,0.02605251862819714,0.37587728262210546,0.14344463781583372,2.0695726750415466,0.9931409092729964,0.9078966460642998,0.9014458407808096,17.1133163036586
arc_x0.8,1,269,63,784,1.7354160930470774,0.03659749301842167,4.570813047334543,0.20150505238726257,25.166803695868342,1.0007179147283234,0.7374607180006166,0.7041734242755732,1.1048670180698579
arc_x0.8,1,270,63,824,1.7354160930470774,0.0746677886840197,2.227672897273352,0.41111932620195973,12.26552167496283,1.001286402701539,0.8078735193221036,0.7796826199849147,3.7128462991645326
arc_x0.8,1,271,63,864,1.7354160930470774,0.07414385604400713,1.5709833913442464,0.4082345637396788,8.649802608419051,0.9972387233217134,0.7979196575006496,0.7710342422086995,-0.7219807339033303
arc_x0.8,1,272,63,904,1.7354160930470774,0.018197057398485962,6.459503277576975,0.10019262801772304,35.56589369902085,1.0027839149374245,0.6558080079985753,0.6139499591352099,4.289283044191329
arc_x0.8,1,273,63,944,1.7354160930470774,0.044043907705722855,8.37042527066331,0.24250486024040221,46.087391336331976,0.9954371362940446,0.5671949045786221,0.5176484682197945,-0.32145153823325356
arc_x0.8,1,274,63,984,1.7354160930470774,0.13237381450707023,12.013635364423209,0.7288475309913272,66.14683203166496,0.993612634945566,0.5435676607605474,0.4863422563769334,0.6805213148753421
arc_x0.8,1,275,63,1024,1.7354160930470774,0.06007182182692321,15.825022321370843,0.3307542294806756,87.13225111600704,1.0035533233174236,0.3788246516293876,0.32128755892830735,-9.882806180429029
arc_x0.8,1,276,63,1064,1.7354160930470774,0.14706470569096797,1.6178646310538531,0.8097352791257909,8.907929760978627,1.0006276198539494,0.8244969778362995,0.8012612181255101,-2.6439282994952125
arc_x0.8,1,277,63,1104,1.7354160930470774,0.1114507516428822,9.570283280402164,0.6136455723099502,52.69378514008251,0.9996987315467618,0.6511419510303074,0.6139343090146492,-1.826786513734631
arc_x0.8,1,278,63,1144,1.7354160930470774,0.09071934192688767,2.1477984252616706,0.499498851965458,11.825734456231284,1.0010212013709079,0.7328151535297058,0.6976688319852039,-3.0830550075945595
arc_x0.8,1,279,63,1184,1.7354160930470774,0.08389006134544093,1.9472696606627857,0.4618969719503692,10.721627155894842,1.003150224848483,0.7477163669699937,0.7222118257349321,1.2661472589457101
arc_x0.8,1,280,63,1224,1.7354160930470774,0.14706077733269363,3.820517708600014,0.8097136496650115,21.0356928172757,1.0017067143274108,0.7681862936256318,0.7358235863394746,-0.34941752476439936
arc_x0.8,1,281,63,1264,1.7354160930470774,0.07302217869126507,2.5743252696960433,0.4020586310436298,14.174182588704722,1.0002234051007568,0.7314807259224474,0.6877300015686764,-0.9271508289363851
arc_x0.8,1,282,63,1304,1.7354160930470774,0.027574564010659865,0.8667441488416578,0.1518249887424549,4.7722756591763895,1.004161544762116,0.856942430814858,0.8424414907910991,1.1253260140531
arc_x0.8,1,283,63,1344,1.7354160930470774,0.08612563526705097,0.591346287377982,0.4742059965046707,3.2559406338880548,0.9873537567387564,0.8910796874141841,0.8776929788576179,-1.9003814815718845
arc_x0.8,1,284,63,1384,1.7354160930470774,0.0416541294287388,0.15041030635359923,0.22934678964099747,0.8281560883449096,1.0002770211927532,0.9719997780093651,0.96846794048759,16.79171771828622
arc_x0.8,1,285,63,1424,1.7354160930470774,0.03036868867688845,1.4123609019537053,0.1672093823390744,7.776430407258989,1.0023295040067572,0.7318599524004517,0.7011945949699036,0.7633564820970816
arc_x0.8,1,286,63,1464,1.7354160930470774,0.030003540329663854,0.17158128618983332,0.16519888296416974,0.944723072833237,0.996867498762482,0.9312782392266594,0.9328956485085754,24.02664579701592
arc_x0.8,1,287,63,1504,1.7354160930470774,0.039021307329147034,0.23781587439997148,0.21485052469635943,1.3094093687064141,1.0014757488863208,0.9217431058447761,0.9147887448056157,19.30394862226843
arc_x0.8,1,288,63,1544,1.7354160930470774,0.07551425218487073,6.187849714045465,0.4157799370256858,34.0701747020106,0.9983929315876496,0.5850050140866067,0.5336575454683281,-2.4217803776596023
arc_x0.8,1,289,63,1584,1.7354160930470774,0.020205150965849326,0.2035803809497172,0.11124915036712002,1.120909437912663,0.9991320338851645,0.9281723684891034,0.9224981955433054,-7.945932038000982
arc_x0.8,1,290,63,1624,1.7354160930470774,0.013752185046783563,9.921061225332863,0.07571925123113149,54.62516137216425,1.0009911130036122,0.44685583491794584,0.4031012466836136,-0.0334768134799893
arc_x0.8,1,291,63,1664,1.7354160930470774,0.010773304684896701,6.834185409901254,0.05931759653103348,37.628885900824706,0.99995107360009,0.5865389736235097,0.5412189126900366,-0.9618783488517235
arc_x0.8,1,292,63,1704,1.7354160930470774,0.010749794195404814,0.13899308354923295,0.05918814825395263,0.7652930917414855,0.9932334842280295,0.8410981705379202,0.8397181255027188,-29.989322627592543
arc_x0.8,1,293,63,1744,1.7354160930470774,0.026503521407010726,6.92122678480131,0.14592784994530628,38.10813394112809,1.0011535140259298,0.5360532771811963,0.4941789707210186,1.8553497523819469
arc_x0.8,1,294,63,1784,1.7354160930470774,0.015776321204263075,8.482006640605476,0.08686410375549851,46.701756090341796,1.0009341986775122,0.3775599295240664,0.3204509854481702,0.9583603342707178
arc_x0.8,1,295,63,1824,1.7354160930470774,0.016656055092951254,1.4659308475909392,0.09170790065813693,8.071385438648162,1.0003783387902867,0.7384688527095946,0.7123066575288308,0.2838868596111266
arc_x0.8,1,296,63,1864,1.7354160930470774,0.030113678828454376,2.7992836599309348,0.1658053032989579,15.412798911041849,0.9992369880635866,0.6864307009755984,0.6405890820159563,-1.4581896343974812
arc_x0.8,1,297,63,1904,1.7354160930470774,0.017131020841851245,0.382726679186999,0.09432305241364304,2.1072853132524556,0.9808982274109982,0.8311600311497174,0.8392996412333881,-186.6718989372444
arc_x0.8,1,298,63,1944,1.7354160930470774,0.01803191253767812,5.828559979698432,0.099283343772165,32.091932730480956,1.011712472281914,0.6396727664474644,0.5910622830100984,-7.152292522918522
arc_x0.8,1,299,63,1984,1.7354160930470774,0.008270577939764316,0.6663704905272724,0.04553763396269432,3.669022370888475,0.9908916579895867,0.8183996314865505,0.8154952142893722,143.10767915589906
arc_x0.8,1,550,69,24,1.7322657772011836,0.01984073933326974,10.965319662423408,0.10924270732807047,60.374827092869566,0.9981331038342269,0.5829067781808444,0.5222060447309922,-14.304518508987798
arc_x0.8,1,551,69,64,1.7322657772011836,0.017091794262802964,15.29634144142085,0.09410707166703512,84.22134494118126,0.9986532840874115,0.4629021072539806,0.38943507340660166,-4.323234764206011
arc_x0.8,1,552,69,104,1.7322657772011836,0.04407372482421374,13.49810589674659,0.24266903268851275,74.32029659746463,1.0058719830606524,0.32757595299654974,0.2839231864928882,-7.864316619391155
arc_x0.8,1,553,69,144,1.7322657772011836,0.10732766227907162,0.4309836924249401,0.5909439261115667,2.3729874468841086,0.9810313489219167,0.8662480708597604,0.8747294555205065,79.33017558032621
arc_x0.8,1,554,69,184,1.7322657772011836,0.03663583340066663,1.6782263505478816,0.20171615375229132,9.240280161119616,1.0024274004375426,0.832607726923595,0.8042598385116125,-0.29599079781110416
arc_x0.8,1,555,69,224,1.7322657772011836,0.024066632824603952,32.27444545128948,0.1325103909621834,177.70244038733364,0.9997007271070917,0.39952930771573847,0.33812495561867617,-1.1130374365265612
arc_x0.8,1,556,69,264,1.7322657772011836,0.0026104731854909935,25.83656831453306,0.01437321227804124,142.25561977992555,0.9998973110868782,0.25032775723517714,0.20538460190712485,0.3062655899866837
arc_x0.8,1,557,69,304,1.7322657772011836,0.027843781501427488,0.9309892993993765,0.1533072947723622,5.126008151788501,1.002133702723312,0.8600069416776743,0.837382532589358,-4.438238985409989
arc_x0.8,1,558,69,344,1.7322657772011836,0.013658394352351477,42.0740655890242,0.07520284157472519,231.6589496005614,1.0000153016928004,0.3383614580698329,0.29505409426652196,15.34346844621159
arc_x0.8,1,559,69,384,1.7322657772011836,0.045360452216395654,12.102666681632012,0.24975372754559574,66.63703665385688,1.0005831340076536,0.3652249410772017,0.29793175770453745,-55.23218271381069
arc_x0.8,1,560,69,424,1.7322657772011836,0.008337629931907922,11.57713101987478,0.0459068208680041,63.74344798644567,0.9998385616857522,0.5856489026693341,0.5184862346121313,-0.2488438989350505
arc_x0.8,1,561,69,464,1.7322657772011836,0.007720507415063455,17.36215959869231,0.042508956838806546,95.59569770884238,0.9923823418535669,0.4342175137605423,0.36745189659153243,-5.747235034613963
arc_x0.8,1,562,69,504,1.7322657772011836,0.007509536388319256,29.078930248980658,0.04134735465543061,160.10799866091773,1.006811226186802,0.4045604266841904,0.3360529806658642,10.373903595819137
arc_x0.8,1,563,69,544,1.7322657772011836,0.02913638238097278,1.084557156866479,0.16042432893143665,5.971549652358823,0.9981621702804451,0.8201136840217186,0.7973657963399422,13.898932203702168
arc_x0.8,1,564,69,584,1.7322657772011836,0.0168276615298067,22.613030036825126,0.09265276221002361,124.50688357018238,0.9909429908118577,0.3194307488247177,0.2734044245971612,-25.131825286113
arc_x0.8,1,565,69,624,1.7322657772011836,0.035169287912511435,29.557422283674704,0.19364138411519444,162.74256607430252,1.0072986848339327,0.3556169075566235,0.2918955455814125,-6.84902461196857
arc_x0.8,1,566,69,664,1.7322657772011836,0.006205628350871231,11.571819887113737,0.03416806351486307,63.71420499745976,1.001317594305897,0.48356206756610187,0.4204135865584035,0.172904748831215
arc_x0.8,1,567,69,704,1.7322657772011836,0.009383201890861805,17.623120784847213,0.051663718813379854,97.03254469343548,0.9993807371542438,0.4811001928514332,0.41658635070792016,-0.33066641287938575
arc_x0.8,1,568,69,744,1.7322657772011836,0.005710787405886873,0.8934677897172394,0.031443479333857986,4.919415482439745,1.0068159344441916,0.787979574035562,0.7716655501160272,-9.996203585312568
arc_x0.8,1,569,69,784,1.7322657772011836,0.022968245445956086,12.114097374469832,0.1264626923899195,66.6999738161906,0.9967451317421235,0.523606434187551,0.4647615053988431,0.8471346013144923
arc_x0.8,1,570,69,824,1.7322657772011836,0.01701798359211046,0.41250267977536303,0.09370067161506583,2.271231367027814,0.9972199769803025,0.9038227400521284,0.8940391657856204,-5.048234808564614
arc_x0.8,1,571,69,864,1.7322657772011836,0.041941292712162515,1.0694599474628854,0.2309279048403601,5.888424724368776,0.9827791807015737,0.8296158278463308,0.8517325811411299,-57.09455681361608
arc_x0.8,1,572,69,904,1.7322657772011836,0.02644146237205825,15.028490168159502,0.14558615416076426,82.74656127708288,1.0069896995680239,0.314405043397103,0.26642443410567973,12.654502952755069
arc_x0.8,1,573,69,944,1.7322657772011836,0.02497688227745985,2.979455014947034,0.13752220594062683,16.40481872816234,0.9995689609191434,0.688291871583565,0.6566657431008743,1.7835878412461932
arc_x0.8,1,574,69,984,1.7322657772011836,0.005156626448625769,28.532218823087156,0.028392280371468234,157.09781666675946,0.9995202481324678,0.3433983925837138,0.298218584321369,0.02139124117845046
arc_x0.8,1,575,69,1024,1.7322657772011836,0.000741971457036783,10.93242968157598,0.004085279755222382,60.19373552710737,1.0003816446976181,0.14977795160702712,0.1366164390721183,0.8216255320004542
arc_x0.8,1,576,69,1064,1.7322657772011836,0.000886454138182866,21.3291444859178,0.004880798459706835,117.4378358333714,1.000571522699432,0.2503491226505808,0.2311028804486812,0.00671089862877104
arc_x0.8,1,577,69,1104,1.7322657772011836,0.02547779923242517,1.89346631784132,0.1402802445090377,10.42538704435518,1.0111864399556467,0.7314599061942926,0.699317699982202,-59.63083431787554
arc_x0.8,1,578,69,1144,1.7322657772011836,0.0047498821339069745,15.656564961883314,0.026152754445351492,86.20472832007488,0.9966172516189814,0.24769800150339008,0.21715262400081758,11.192751688701781
arc_x0.8,1,579,69,1184,1.7322657772011836,0.0015616209434511346,7.467135212274961,0.008598253160695273,41.113894642314776,0.9986239314874151,0.12227576375877232,0.10972979369650317,-11.706548408240945
arc_x0.8,1,580,69,1224,1.7322657772011836,0.010320753903334211,10.316605767092614,0.056825861129902476,56.8030215761043,1.0074190282910644,0.43201492788926005,0.37590996706668073,-0.44053751285644716
arc_x0.8,1,581,69,1264,1.7322657772011836,0.02734881592308478,0.7235211154551067,0.15058202436262036,3.9836925496422846,0.9566964575397248,0.8606451567448037,0.8838977291847578,-229.91779976819052
arc_x0.8,1,582,69,1304,1.7322657772011836,0.020184264041309956,6.846473018609659,0.11113414738532026,37.696541224517375,1.0142249340354283,0.6041221022296528,0.5562957714038357,28.956937914664348
arc_x0.8,1,583,69,1344,1.7322657772011836,0.04194121009122814,1.523543750298268,0.23092744993117545,8.38860090945593,0.9978424469730921,0.789259330979425,0.7611800400044951,0.932183016778484
arc_x0.8,1,584,69,1384,1.7322657772011836,0.01773444411065251,3.6351896823966285,0.09764548866167476,20.015280473453583,1.000708587708177,0.628254324084422,0.5814912213378637,1.2909870700957689
arc_x0.8,1,585,69,1424,1.7322657772011836,0.016601359223503427,0.7001670532563165,0.09140674631314112,3.855105558056445,0.999665540915031,0.7662161432788371,0.7514264548484074,2.8616834836431075
arc_x0.8,1,586,69,1464,1.7322657772011836,1.6558347336611048e-05,0.43844462018307445,9.116992373851392e-05,2.4140671634101474,0.9990095182517745,0.2575220689602611,0.2653918418263378,-70.03078444887447
arc_x0.8,1,587,69,1504,1.7322657772011836,0.00011188603009067955,9.736307771447779,0.0006160422065925853,53.60791261184337,1.0010589199377842,0.10364648636512319,0.09287261136838695,11.864999408687874
arc_x0.8,1,588,69,1544,1.7322657772011836,0.0555921015805817,8.017810989104106,0.306088980894797,44.145904272113704,0.9980123639804458,0.533506830060666,0.48249572519028083,-0.019429187112365496
arc_x0.8,1,589,69,1584,1.7322657772011836,0.3259964996404888,1.1706844168759254,1.794930098218895,6.445764594662087,nan,0.865463093449637,0.8445993767838083,0.5236606017508315
arc_x0.8,1,590,69,1624,1.7322657772011836,0.0206129730603413,19.477928370858855,0.11349461052675237,107.24507754642178,1.000505198986693,0.36709715678327476,0.3203876223583443,-0.9865052611219983
arc_x0.8,1,591,69,1664,1.7322657772011836,0.027152512514236997,0.18307688679158743,0.14950118178513122,1.008017615995347,0.9952260930354492,0.946469152398444,0.9416136871328817,17.59724556645011
arc_x0.8,1,592,69,1704,1.7322657772011836,0.021117611967757254,13.794648387419878,0.11627314208967438,75.95305352122693,1.0004035106904645,0.24817967505856778,0.20649479656288086,-0.8184415084884529
arc_x0.8,1,593,69,1744,1.7322657772011836,0.004248051947551734,27.46483618371615,0.023389687643477326,151.22082955850468,1.0000645173055565,0.231064926790448,0.19676877818829702,-0.041917970703620015
arc_x0.8,1,594,69,1784,1.7322657772011836,0.007967490405319858,0.4743296658772517,0.04386884016101466,2.6116494953169997,0.9987018765452572,0.8492255475190308,0.8288900679697218,1.078531342896638
arc_x0.8,1,595,69,1824,1.7322657772011836,0.0031027844362254663,31.067003179703125,0.01708386801394517,171.05428779206886,0.9997710649468137,0.2727194720999956,0.22509500237424068,-0.21336043412809863
arc_x0.8,1,596,69,1864,1.7322657772011836,0.00805929523577193,10.99742970348332,0.044374315690727494,60.55162432602096,1.0042603791879923,0.48648920675166607,0.4276516634324126,-3.9597588052012584
arc_x0.8,1,597,69,1904,1.7322657772011836,0.005629658269962641,11.34924438627026,0.030996783961136233,62.48870881565818,0.9932768099004861,0.4478745868104496,0.39397875979317565,4.483917508223248
arc_x0.8,1,598,69,1944,1.7322657772011836,0.012333411764730167,13.937556297090794,0.06790751438943272,76.73990156599046,1.0026840602097777,0.36860531520123346,0.31449047402689195,-3.870444696845237
arc_x0.8,1,599,69,1984,1.7322657772011836,0.0032641212636329666,3.454382446224456,0.017972185305033354,19.019759507617735,1.0005220720680907,0.6525832363754264,0.6135851196111554,0.6595056881109201
arc_x1.2,1,0,58,24,3.1045923156370057,1.499785078339078,72.49235216303373,8.257786144756649,399.14141695266255,1.0014025063694445,0.37990882686730504,0.1625229332867327,-29.40142223852582
arc_x1.2,1,1,58,64,3.1045923156370057,0.22919260411829043,0.2928626598534171,1.26192981788076,1.612495850093639,1.0003858217818018,0.8983676791704104,0.8752792813475714,26.853583401343236
arc_x1.2,1,2,58,104,3.1045923156370057,0.31526022387441816,0.4925546169093996,1.7358163821619728,2.711995705114477,1.00389609130024,0.9043065308582112,0.880861575023344,115.95316078918908
arc_x1.2,1,3,58,144,3.1045923156370057,1.2320605158945752,12.633411732399283,6.783700147839282,69.55930811122983,1.0003264560171998,0.6672842857165681,0.4055835246720337,47.354357948301775
arc_x1.2,1,4,58,184,3.1045923156370057,0.38667045038367104,1.1194757794971846,2.128999637268824,6.163810878529415,0.9651192984922984,0.8752458027770853,0.9224739344091228,489.18406936314045
arc_x1.2,1,5,58,224,3.1045923156370057,0.3361938637720721,5.787624576153126,1.8510765777745402,31.866543230939595,1.026066132980407,0.7355629699013554,0.5910841239418865,-48.303658443875705
arc_x1.2,1,6,58,264,3.1045923156370057,0.5449539036683632,0.7160922990780252,3.0005051125240314,3.9427896377273712,1.0023960009752408,0.9007580967907851,0.8809802410103376,12.169588597697583
arc_x1.2,1,7,58,304,3.1045923156370057,0.63698897278278,5.606446584545455,3.5072483316300738,30.868980893214818,1.0040496220980122,0.740920168420192,0.6048400683442139,13.08539105136726
arc_x1.2,1,8,58,344,3.1045923156370057,0.5753088775884703,0.6124897627966183,3.167638981691143,3.3723561796123622,1.0017084531203644,0.9392107599066619,0.9283268481488604,21.27824468080769
arc_x1.2,1,9,58,384,3.1045923156370057,0.4609421642432504,1.3527268167739848,2.537938183541187,7.448086346856889,0.9975738827774913,0.8677061571097572,0.8172399321824578,-23.83543748161929
arc_x1.2,1,10,58,424,3.1045923156370057,0.6306664785409934,0.4924734529286633,3.472436806896178,2.7115488178869285,0.9999055709263963,0.9238289273767071,0.9162632380624597,42.4668643094382
arc_x1.2,1,11,58,464,3.1045923156370057,1.0553531536598917,47.61826694595926,5.810753004536553,262.18520953624574,1.000960535924014,0.3674952494358156,0.16739892738716503,-3.7095381263897673
arc_x1.2,1,12,58,504,3.1045923156370057,0.8253168747863284,3.5502202221379853,4.544177930608515,19.547440353035583,0.9999693379131069,0.7693261603283637,0.661012331771435,27.02098532111611
arc_x1.2,1,13,58,544,3.1045923156370057,0.3092736345411284,1.1145675712528489,1.7028543430239815,6.136786383739441,1.001444910363666,0.8690628645666912,0.8114305553325962,29.560152134686806
arc_x1.2,1,14,58,584,3.1045923156370057,0.6703916682298248,12.484895602324444,3.691162893552239,68.74158131895966,1.0034181952871508,0.6821569051724368,0.49942842937240883,-25.60463623082154
arc_x1.2,1,15,58,624,3.1045923156370057,0.47760514704135665,2.3888158590070896,2.6296842280030397,13.152771545593335,0.998536792592069,0.8482178706926815,0.7590099445604441,31.054708452191676
arc_x1.2,1,16,58,664,3.1045923156370057,0.6528202321516159,2.0051399905551874,3.5944149238025993,11.040260015549105,1.0012623072838178,0.8368738612470221,0.7718039296495254,69.07632863185684
arc_x1.2,1,17,58,704,3.1045923156370057,0.18176988580693437,0.1996282161467942,1.0008212951503603,1.0991488988709524,1.0052318668671483,0.9300780595679105,0.926641056687082,-41.02703789359224
arc_x1.2,1,18,58,744,3.1045923156370057,0.5185397900145755,0.7301735244604428,2.8550695398499575,4.020320578355809,0.9988665488351545,0.9067574899968021,0.8820758994285067,-118.94357648604336
arc_x1.2,1,19,58,784,3.1045923156370057,1.449666409532575,48.827016683810896,7.981833773419335,268.84056101418116,0.9977975780308863,0.4815341798718591,0.24160012455608232,-17.265136929631367
arc_x1.2,1,20,58,824,3.1045923156370057,0.6397378953894943,28.792579363764332,3.5223838436061445,158.5313565095657,1.0008474054518148,0.40201173345187974,0.22045242336736096,93.52591204123848
arc_x1.2,1,21,58,864,3.1045923156370057,0.3830248280709415,0.34043139602465894,2.1089269149448944,1.8744083441914479,0.995819257512222,0.8116583331495818,0.8120408790239302,65.44430436241221
arc_x1.2,1,22,58,904,3.1045923156370057,1.617865821029192,41.42115377573922,8.907936312958647,228.06403043290072,1.0007778452590115,0.5216591137772835,0.22794677271779776,37.08233161521138
arc_x1.2,1,23,58,944,3.1045923156370057,0.26335367154617184,0.22703058718013303,1.4500199605087025,1.2500257965816437,nan,0.9721263451164658,0.9700532995613679,-60.83283507376037
arc_x1.2,1,24,58,984,3.1045923156370057,0.4470344524611086,1.812893292355445,2.4613626052676487,9.981753604399087,0.994952093510161,0.8577321463659813,0.793827185375102,4.95725036478232
arc_x1.2,1,25,58,1024,3.1045923156370057,0.5539038016100909,3.823916422094657,3.049783068604267,21.05440606466788,1.0646220096249113,0.7577133275736088,0.6784235726115435,79.24926552986307
arc_x1.2,1,26,58,1064,3.1045923156370057,0.4347732390747967,2.849859297768433,2.3938526136817075,15.691267344571829,0.9123279901355633,0.858043603873616,0.7753244527312086,-60.36392928471642
arc_x1.2,1,27,58,1104,3.1045923156370057,0.2855262021098405,0.30893550683332993,1.5721014629367864,1.7009926187403204,0.9991380858905587,0.943298848753453,0.9267554744985198,52.801908941126335
arc_x1.2,1,28,58,1144,3.1045923156370057,0.9084387938425493,15.524311609678353,5.001845526733818,85.47654405206949,1.0020405513969846,0.7061024304939283,0.4770002414256497,67.95558748664851
arc_x1.2,1,29,58,1184,3.1045923156370057,0.6110570632694157,2.4759337253885434,3.364467765148048,13.632440746437915,0.9996790032527547,0.8384690352697336,0.7669779372872002,-0.5104384213100803
arc_x1.2,1,30,58,1224,3.1045923156370057,0.2857968718403553,6.451631770137655,1.573591764969212,35.522553339118915,1.0051153827822505,0.7349770724653066,0.6147401620686814,17.235551279187963
arc_x1.2,1,31,58,1264,3.1045923156370057,0.7296071015176986,10.235355673630428,4.0172018651506844,56.35566021363812,0.9951457718779926,0.73861402036148,0.4613138712163373,36.69709846518433
arc_x1.2,1,32,58,1304,3.1045923156370057,0.3145005829916448,0.4323848719914666,1.7316338149079344,2.380702313085866,nan,0.9564668778096346,0.9297834794547275,25.44685677475366
arc_x1.2,1,33,58,1344,3.1045923156370057,0.7585236951320187,12.107440639189562,4.176416041602108,66.66332196709526,1.016451646906716,0.7104342269294547,0.5193243816108436,-20.18351590991688
arc_x1.2,1,34,58,1384,3.1045923156370057,3.940507412110006,32.8189571939594,21.6963536849352,180.70051097039112,0.9963250916841948,0.31127953313258644,0.19590943895455928,39.193147933696956
arc_x1.2,1,35,58,1424,3.1045923156370057,0.6591765714528917,8.250058773552215,3.6294127987458387,45.42465585076651,0.9980757165188309,0.6852449596851459,0.517188422158525,-39.31387079135285
arc_x1.2,1,36,58,1464,3.1045923156370057,0.7421744190342192,6.1099409775607665,4.086397259853244,33.64121078311942,0.9127299357988623,0.7853074374466357,0.64990487049983,217.95434129410344
arc_x1.2,1,37,58,1504,3.1045923156370057,0.5527358891394605,11.806001514907104,3.043352566289268,65.00360427824886,1.1915765652099235,0.709347053764501,0.48236629050063357,-181.28115653796405
arc_x1.2,1,38,58,1544,3.1045923156370057,1.053638642138171,49.182346635446095,5.801312938960778,270.7970005026175,1.0069535881028457,0.5355231145784639,0.3104407980666369,-45.7812461227137
arc_x1.2,1,39,58,1584,3.1045923156370057,0.5178786446965524,10.525914420736612,2.8514292871726283,57.95547076699317,0.9922370335277998,0.6647636154153997,0.5307079844939492,2.754936384835172
arc_x1.2,1,40,58,1624,3.1045923156370057,0.34143727481662034,0.30557447489310147,1.8799466923664825,1.6824868452205306,0.998620353928376,0.944312581555046,0.9322191454689567,51.39671942549121
arc_x1.2,1,41,58,1664,3.1045923156370057,0.762622817775649,14.632879420730353,4.198985727526518,80.56833654607334,1.0018458950025162,0.6774971785625167,0.4854515810521331,-14.459913804815761
arc_x1.2,1,42,58,1704,3.1045923156370057,0.2688952583539298,5.58323148132026,1.4805318247897818,30.741159006912007,0.9992012891202893,0.7689585015918555,0.620719535785857,5.342300213244631
arc_x1.2,1,43,58,1744,3.1045923156370057,0.5211164466128129,9.931389545661386,2.8692565586862053,54.68202889387738,1.0014409676198353,0.6888492849364165,0.4593255399429235,-3.510460899547467
arc_x1.2,1,44,58,1784,3.1045923156370057,0.22148075670949902,0.22442545621074297,1.219468542860395,1.235681998436826,1.0024271035378154,0.9395783661979942,0.9351183131987256,32.94515836902236
arc_x1.2,1,45,58,1824,3.1045923156370057,0.6152339768334846,8.222343436995024,3.387465766298594,45.27205577124532,1.0001270454617945,0.7149056022017419,0.482521860036731,-3.0278261310575147
arc_x1.2,1,46,58,1864,3.1045923156370057,0.18635401602816906,0.1937161457029305,1.026061422934932,1.0665971592228762,1.0009360849058166,0.9549763621769962,0.9502076197916001,-23.629833809477493
arc_x1.2,1,47,58,1904,3.1045923156370057,0.5162649777381192,0.9131975216354317,2.8425444697117435,5.02804698519762,0.9987154776571937,0.8772642448804512,0.8612155703704469,20.56267305618491
arc_x1.2,1,48,58,1944,3.1045923156370057,0.3441670801569955,1.252291189929147,1.89497694506282,6.895089827703802,1.0011110442144833,0.834261408203745,0.7675943494079098,-56.98246449455197
arc_x1.2,1,49,58,1984,3.1045923156370057,0.8720602270281809,4.90497175555189,4.8015458775744335,27.006674748541354,1.0041487349806986,0.7247911609289731,0.602719834595432,32.48414747083945
arc_x1.2,1,250,63,24,2.604346267380981,0.4552188675782566,10.73218722713916,2.5064258284810492,59.091204644701435,1.002837519852582,0.6585819015661003,0.44102543333334415,7.374960062838737
arc_x1.2,1,251,63,64,2.604346267380981,1.0449037462332518,7.900184486945625,5.753218779723366,43.498255143042364,0.9998116046836966,0.729712407152901,0.606974090917391,-3.4869202560315378
arc_x1.2,1,252,63,104,2.604346267380981,0.13505782266148744,0.4216216312336547,0.7436256253130187,2.321440128332722,0.9942013299823637,0.922920730539913,0.8924072995567233,13.421743941236427
arc_x1.2,1,253,63,144,2.604346267380981,0.7066234869480666,8.423261296404315,3.8906545506783203,46.37830541969601,0.9997225987646912,0.6363555998943964,0.42457138789425514,-61.65566171237392
arc_x1.2,1,254,63,184,2.604346267380981,0.5287503535665408,27.434431702882797,2.911288695145829,151.0534231052799,1.0024050568617937,0.4763126773824117,0.2924583358901562,-12.118691252192466
arc_x1.2,1,255,63,224,2.604346267380981,0.6577961283027076,0.8311821736894209,3.621812106830809,4.576472147104155,1.015744913629273,0.8445925160927815,0.8107006636721257,64.54661105044478
arc_x1.2,1,256,63,264,2.604346267380981,0.2791398761471223,1.5810014325334147,1.536938482045393,8.704961739500108,0.9875670047148226,0.8766383675194145,0.8204729217899146,-60.090838896791226
arc_x1.2,1,257,63,304,2.604346267380981,0.400387597605647,0.36152039363274246,2.204525970949023,1.9905239361986022,nan,0.9708899221650815,0.9646714859977111,50.03650071778425
arc_x1.2,1,258,63,344,2.604346267380981,0.3161573628816179,0.3135543281244038,1.7407560112932208,1.7264237548500196,0.9995982652549475,0.9219073833524093,0.9181860993469889,-29.782800273788215
arc_x1.2,1,259,63,384,2.604346267380981,0.6268750418366207,14.935233777243416,3.4515612334968453,82.23309348497115,1.0017010671973,0.5577618020071213,0.35276524996661895,-15.895513796418404
arc_x1.2,1,260,63,424,2.604346267380981,0.12702089966963692,5.094392861214433,0.699374490742406,28.049623504637054,1.0058784225202944,0.7221306711418061,0.5684365163332055,-33.984408909439686
arc_x1.2,1,261,63,464,2.604346267380981,0.29024747615014157,15.607436906288253,1.59809670180046,85.93423024493667,0.9953264791049681,0.6837750636577036,0.566573763188357,-8.16477669542928
arc_x1.2,1,262,63,504,2.604346267380981,0.41842404380353776,13.402548057619565,2.303834276962131,73.79415707830105,0.9987738962793381,0.6304667848626847,0.4766463900495214,-3.394866398520735
arc_x1.2,1,263,63,544,2.604346267380981,0.5283233768705117,1.5265453138015483,2.9089377701396226,8.4051274570713,0.9916537120470138,0.829184099951432,0.7800374563983205,51.70942680002011
arc_x1.2,1,264,63,584,2.604346267380981,0.49427682691202846,13.26659064944737,2.7214781583695924,73.04557835345823,1.0073435093810759,0.6682689824410856,0.5265154836838649,19.152922300578958
arc_x1.2,1,265,63,624,2.604346267380981,0.8713263620191878,2.557857999062184,4.797505231757304,14.08351413143961,0.9962080773337715,0.7539390758583723,0.7147839594564656,-54.73322111541459
arc_x1.2,1,266,63,664,2.604346267380981,0.1269302922083634,3.9954262188997753,0.698875607903043,21.99873551840254,1.0128189662880624,0.7412523938692117,0.6378395530922879,38.67016550955697
arc_x1.2,1,267,63,704,2.604346267380981,0.336738200868908,2.131028999202665,1.8540736867611867,11.733402337339335,0.9850747796000432,0.871776395904784,0.8329318652802457,-13.68739265296418
arc_x1.2,1,268,63,744,2.604346267380981,0.223572612246601,0.6382205257823734,1.23098625691196,3.5140292374034785,0.982043719331958,0.9078966460642998,0.8707848484164067,-35.60493950975838
arc_x1.2,1,269,63,784,2.604346267380981,0.5665709575228718,9.500617693472615,3.119528171486525,52.31020783502607,1.0022525768585748,0.7374607180006166,0.6276100225966943,-9.337200335299682
arc_x1.2,1,270,63,824,2.604346267380981,0.3170346347617864,4.601410142222813,1.7455862524270123,25.335270678162882,1.0001097104166845,0.8078735193221036,0.7006374786344559,-5.567378348533399
arc_x1.2,1,271,63,864,2.604346267380981,0.32845753714901915,3.26153689996116,1.8084805206982106,17.957955851206748,0.9991186965564478,0.7979196575006496,0.6962044342798898,13.913819910890547
arc_x1.2,1,272,63,904,2.604346267380981,0.29144914677289535,14.01353149763579,1.6047130758146129,77.1582194753141,1.0047940527057468,0.6558080079985753,0.5218119339834044,1.4342178222948598
arc_x1.2,1,273,63,944,2.604346267380981,0.2123890719212739,17.640623621639374,1.1694099112864342,97.12891495691105,0.9900130930832122,0.5671949045786221,0.42665713590356685,5.507356575004847
arc_x1.2,1,274,63,984,2.604346267380981,0.48641351948177364,27.268891476027694,2.6781829475508325,150.141961982305,0.978007074547528,0.5435676607605474,0.3890926684199259,22.79929481909793
arc_x1.2,1,275,63,1024,2.604346267380981,0.7441277182447331,33.64707452198333,4.097152085588014,185.26010813958155,1.0111511672935376,0.3788246516293876,0.24191030620720544,-14.1815197580821
arc_x1.2,1,276,63,1064,2.604346267380981,0.5050032896366122,3.1129412185261467,2.7805378440196256,17.13979105076505,1.0012609892905828,0.8244969778362995,0.7383468381043977,5.375090704831748
arc_x1.2,1,277,63,1104,2.604346267380981,4.901236132182383,16.474804080195295,26.986106482228884,90.7099362674545,1.0004470473415108,0.6511419510303074,0.4947743002428989,53.518573170238646
arc_x1.2,1,278,63,1144,2.604346267380981,0.3026689476032278,4.300060680835133,1.6664890710433784,23.676046671391926,1.0012513621773056,0.7328151535297058,0.6318891060465581,29.718560139525778
arc_x1.2,1,279,63,1184,2.604346267380981,0.3641669124497724,3.94023596545613,2.005095614990946,21.694859105178548,1.0033098688248925,0.7477163669699937,0.6581564788887838,-11.076808339618347
arc_x1.2,1,280,63,1224,2.604346267380981,0.26431672067759127,7.7297210860737975,1.4553224894436898,42.55968712403902,1.0004351518088717,0.7681862936256318,0.6598636834322532,-12.969803661844056
arc_x1.2,1,281,63,1264,2.604346267380981,0.4340090612503656,5.49094516367571,2.3896450661191553,30.233032418507936,0.9968788504863598,0.7314807259224474,0.608414493652861,-5.539459040621153
arc_x1.2,1,282,63,1304,2.604346267380981,0.3817011492743182,1.8847251722618679,2.1016387664063254,10.37725847453687,1.007594928712666,0.856942430814858,0.810951781067447,-2.1007466276046647
arc_x1.2,1,283,63,1344,2.604346267380981,0.5505042083791268,0.8683025355975337,3.031064977401791,4.780856104966059,0.9796406452436253,0.8910796874141841,0.8615230210505791,23.474168729799384
arc_x1.2,1,284,63,1384,2.604346267380981,0.21097174115198655,0.20943382054190995,1.1616061168906933,1.1531383572836365,0.9981943358274357,0.9719997780093651,0.9653370635246293,47.49803775721376
arc_x1.2,1,285,63,1424,2.604346267380981,0.3360266409602951,2.8874606754427865,1.850155852373199,15.898299765461697,1.003683080084321,0.7318599524004517,0.6415984137601348,-4.3344562416683186
arc_x1.2,1,286,63,1464,2.604346267380981,0.1483057381274786,0.22336004024622153,0.8165683784861075,1.2298158398003023,0.9918329727531743,0.9312782392266594,0.927068839089446,10.184683934182909
arc_x1.2,1,287,63,1504,2.604346267380981,0.2334821287626748,0.35234496148360483,1.2855478533496936,1.9400041933583727,1.0050031632519019,0.9217431058447761,0.8984243412157575,-5.528177597154015
arc_x1.2,1,288,63,1544,2.604346267380981,0.45617280815558825,13.397548006945621,2.5116782059024425,73.76662690096119,0.996227265607985,0.5850050140866067,0.41877988795272447,3.13971620690018
arc_x1.2,1,289,63,1584,2.604346267380981,0.22175296364924568,0.366005774439038,1.2209673087355937,2.015220351712486,1.0032175787677808,0.9281723684891034,0.9106361060693905,18.97186567456652
arc_x1.2,1,290,63,1624,2.604346267380981,0.615857091468363,21.286631399663175,3.3908966228078428,117.20375964491305,1.0009764249265065,0.44685583491794584,0.32536322304814114,4.002863145103078
arc_x1.2,1,291,63,1664,2.604346267380981,0.24106287546744679,13.9271264551631,1.3272872905595248,76.68247506841662,1.0004667433802552,0.5865389736235097,0.45906291915303454,5.295452315998365
arc_x1.2,1,292,63,1704,2.604346267380981,0.12646354710129826,0.2238142828081962,0.6963057188343212,1.2323168901099824,0.9812005029343799,0.8410981705379202,0.8414551647693276,101.79130193380567
arc_x1.2,1,293,63,1744,2.604346267380981,0.40785626204319547,14.451567174662824,2.2456482854745983,79.57003500602251,1.0037158838893439,0.5360532771811963,0.41047099569637946,-4.080025729804025
arc_x1.2,1,294,63,1784,2.604346267380981,0.5552177409059713,16.534399280708957,3.057017591649788,91.03806622967595,1.0013686415604761,0.3775599295240664,0.24912336367409216,-0.8805521055400461
arc_x1.2,1,295,63,1824,2.604346267380981,0.26034301450645475,2.920321874011287,1.433443344066617,16.079232856581374,1.0035601835789396,0.7384688527095946,0.6380067155986654,-0.5319623977040704
arc_x1.2,1,296,63,1864,2.604346267380981,0.3141097599702583,6.034913106617541,1.7294819512991624,33.22810885132017,0.9952447403405811,0.6864307009755984,0.5349524673950451,9.1408273651542
arc_x1.2,1,297,63,1904,2.604346267380981,0.19562339720527136,0.8065030107695247,1.0770984472127785,4.440589177892458,0.9520065627969873,0.8311600311497174,0.8677949736125862,333.0966193872907
arc_x1.2,1,298,63,1944,2.604346267380981,0.4347085556299577,11.476419712173458,2.393496467949695,63.188933574102464,1.033456303305263,0.6396727664474644,0.5112145408600504,16.092035260719623
arc_x1.2,1,299,63,1984,2.604346267380981,0.20238513091120333,1.5607874312892736,1.1143284155047788,8.593663859680674,0.9725682654837015,0.8183996314865505,0.7875845740558943,-274.64352386817416
arc_x1.2,1,550,69,24,2.599662021544032,0.3586923656989252,23.970140697242165,1.9749528719000273,131.979107270997,0.9951609545981782,0.5829067781808444,0.39167520344847084,4.383232000946546
arc_x1.2,1,551,69,64,2.599662021544032,1.5772963636047348,38.734718587186286,8.68456170531754,213.2725729106092,0.9948224309262497,0.4629021072539806,0.2597062334199162,23.924276434951164
arc_x1.2,1,552,69,104,2.599662021544032,0.3038414521638195,25.830265678508873,1.672944857312329,142.22091759413397,1.01340213276259,0.32757595299654974,0.20124883603965224,12.294295260827628
arc_x1.2,1,553,69,144,2.599662021544032,0.21091191664381545,0.560977860487051,1.1612767243651727,3.0887326929371386,0.9658205244468558,0.8662480708597604,0.8694208714610746,-41.16344394164894
arc_x1.2,1,554,69,184,2.599662021544032,0.30204277803839236,3.332238520187964,1.6630413941519049,18.347237534531214,1.0086366772673507,0.832607726923595,0.7511510172949276,-1.6432034850438928
arc_x1.2,1,555,69,224,2.599662021544032,0.4154839345174873,67.39541406101279,2.2876460950172186,371.0777794038997,0.9983570788379276,0.39952930771573847,0.22453700665003481,2.6174511333338266
arc_x1.2,1,556,69,264,2.599662021544032,0.8013471864621963,50.69307049340892,4.412201314094663,279.11501534555373,0.9998770179090241,0.25032775723517714,0.15702502033520488,5.104214880710252
arc_x1.2,1,557,69,304,2.599662021544032,0.14626400709871182,1.874535634773744,0.8053266489582063,10.321155088320966,1.0039961638005643,0.8600069416776743,0.7816417550292087,14.633124717624494
arc_x1.2,1,558,69,344,2.599662021544032,0.35986972256236605,93.58585312671838,1.9814353748497986,515.2818043441855,0.9996369657612247,0.3383614580698329,0.1872186665012118,-19.969113868855324
arc_x1.2,1,559,69,384,2.599662021544032,0.32161968105226846,26.77096918419097,1.7708314240702325,147.4004119681868,1.0070527604537352,0.3652249410772017,0.17038993002210248,70.13476082925872
arc_x1.2,1,560,69,424,2.599662021544032,0.1882150974210371,26.345547466624897,1.0363084992408982,145.05804864177858,0.9975428685983362,0.5856489026693341,0.32887498919019664,-7.596643368955203
arc_x1.2,1,561,69,464,2.599662021544032,0.2521510022073129,37.33970453374278,1.388338290923639,205.59165389851717,0.9826715041557951,0.4342175137605423,0.24150084688135348,12.748752282496175
arc_x1.2,1,562,69,504,2.599662021544032,0.3379641146137582,65.70737845606095,1.8608235429126438,361.78348968749293,1.0156722950774353,0.4045604266841904,0.23402331026707093,-4.280418785025611
arc_x1.2,1,563,69,544,2.599662021544032,0.2966874885478603,2.1137913733403684,1.6335552791113082,11.63849231985082,0.9955379884430231,0.8201136840217186,0.747290553323603,-28.67030515169513
arc_x1.2,1,564,69,584,2.599662021544032,0.43074062721895345,43.324181706411736,2.3716491348024253,238.54206352307895,0.9743093005521162,0.3194307488247177,0.1582649053499693,51.23777454949542
arc_x1.2,1,565,69,624,2.599662021544032,0.3951988910858939,60.719824399562036,2.1759570583582426,334.32211846916294,1.018136729525856,0.3556169075566235,0.18509476955054519,4.106220859512295
arc_x1.2,1,566,69,664,2.599662021544032,0.12357971184047126,24.2142631473505,0.6804273805280151,133.32324051731598,1.006894821488868,0.48356206756610187,0.2944978385512162,1.7655433852578428
arc_x1.2,1,567,69,704,2.599662021544032,0.28610415074956147,37.3454694340914,1.5752836363951024,205.62339532261336,0.9974331307862834,0.4811001928514332,0.28230257803354314,5.158016226863607
arc_x1.2,1,568,69,744,2.599662021544032,0.18074427851890665,1.5492535770135336,0.9951743222771432,8.530158692567447,1.0151408319562292,0.787979574035562,0.7435379486784475,33.71999444612274
arc_x1.2,1,569,69,784,2.599662021544032,0.24070927400877298,26.42708770075844,1.3253403681181868,145.50700751288156,0.9920667943739788,0.523606434187551,0.3252506993032177,-3.906630292995861
arc_x1.2,1,570,69,824,2.599662021544032,0.22458891288963811,0.6690524853911538,1.2365819875871,3.683789380073415,0.9958365937601188,0.9038227400521284,0.8769650638189352,4.596987485426688
arc_x1.2,1,571,69,864,2.599662021544032,0.320093844467776,1.5195693044836855,1.7624301988623259,8.366717691617081,0.9714762417709312,0.8296158278463308,0.8517977611514712,33.56297562602048
arc_x1.2,1,572,69,904,2.599662021544032,0.6303844989978064,28.294272018827506,3.470884233265152,155.787686400908,1.01345828137934,0.314405043397103,0.19239103098798904,-2.953508713870521
arc_x1.2,1,573,69,944,2.599662021544032,0.21905374617540935,6.688313051547962,1.2061054722104463,36.82571566189501,0.9974366115774501,0.688291871583565,0.5854788812060203,-2.5105419130833626
arc_x1.2,1,574,69,984,2.599662021544032,0.12005004516486503,57.960601687604836,0.6609931075842482,319.12989432306654,0.9996454506778043,0.3433983925837138,0.2066270554309029,-0.14851141169055948
arc_x1.2,1,575,69,1024,2.599662021544032,0.13751085979344216,22.93290101091324,0.7571319978815885,126.26808664926614,1.0008087194216573,0.14977795160702712,0.1119988122310909,-1.6487193410882477
arc_x1.2,1,576,69,1064,2.599662021544032,0.39066117009008455,44.842073214453,2.150972458825179,246.89954330160032,1.0009660695361131,0.2503491226505808,0.18784938960427602,-7.996287098442827
arc_x1.2,1,577,69,1104,2.599662021544032,0.15356934759612748,3.912823695407009,0.8455497051904339,21.543927703688244,1.0350959046291746,0.7314599061942926,0.6179345200253563,120.56653133599856
arc_x1.2,1,578,69,1144,2.599662021544032,0.08692528496343171,28.188187053723283,0.47860885147289356,155.20358474017218,0.9911368782494312,0.24769800150339008,0.17420883136809978,-22.80928060939718
arc_x1.2,1,579,69,1184,2.599662021544032,0.19944321579872684,13.170549429874294,1.0981302907162842,72.51677735138773,0.9970410495762042,0.12227576375877232,0.09414843542118705,13.159421289994357
arc_x1.2,1,580,69,1224,2.599662021544032,0.15235053467426138,21.72369601961421,0.8388389460259393,119.61022855510646,1.0164572512802048,0.43201492788926005,0.2758356302989025,11.837688072925216
arc_x1.2,1,581,69,1264,2.599662021544032,0.45862373922136496,1.2790077971704332,2.525172982513461,7.042190923919749,0.9110499284520758,0.8606451567448037,0.9148859289367687,296.4593196623104
arc_x1.2,1,582,69,1304,2.599662021544032,0.4206365219348676,14.360607117835674,2.316016136564779,79.0692107827109,1.0335045945416954,0.6041221022296528,0.45266223170414643,-42.54952922562554
arc_x1.2,1,583,69,1344,2.599662021544032,0.20366944152859495,3.20475648548616,1.1213998036490092,17.645324043678396,0.998484325314494,0.789259330979425,0.6967913691300675,-1.0530003835681925
arc_x1.2,1,584,69,1384,2.599662021544032,0.2190606483780236,7.449509308513202,1.2061434755976914,41.01684677460705,0.9998949985769675,0.628254324084422,0.48045401721154535,-8.414813025137828
arc_x1.2,1,585,69,1424,2.599662021544032,0.32690560522790457,1.3792239877561674,1.7999356150974843,7.593979231492221,1.0001542274279123,0.7662161432788371,0.7188435682114109,17.14588706162443
arc_x1.2,1,586,69,1464,2.599662021544032,0.1011450933378661,0.7352874978392906,0.5569028272374338,4.048478011792386,0.9973674285395178,0.2575220689602611,0.2805662354189073,81.9646331492152
arc_x1.2,1,587,69,1504,2.599662021544032,0.10153721481330127,18.220192383590014,0.5590618401077952,100.32000877527994,1.002294853299505,0.10364648636512319,0.07940141310750139,-16.856414617839626
arc_x1.2,1,588,69,1544,2.599662021544032,0.26129284050641066,17.36710506401742,1.438673066708645,95.62292734036153,0.9962234163122283,0.533506830060666,0.37280866004845353,-2.1792588799790233
arc_x1.2,1,589,69,1584,2.599662021544032,0.6849395782406758,1.963677861634975,3.7712633902552817,10.811970376803922,nan,0.865463093449637,0.7939374666486974,-8.30433970783869
arc_x1.2,1,590,69,1624,2.599662021544032,0.4954087219066425,43.780737768854564,2.727710349194023,241.05585191929387,1.0015329033502547,0.36709715678327476,0.2454449499718346,2.131669521288679
arc_x1.2,1,591,69,1664,2.599662021544032,0.2226624460405265,0.2777164332184957,1.2259749002886022,1.5291010342246147,0.9917565449140414,0.946469152398444,0.9351140993198028,-3.7046110651941286
arc_x1.2,1,592,69,1704,2.599662021544032,0.24414281354482642,25.62873350538492,1.3442453669862218,141.11128554686175,1.001095378489452,0.24817967505856778,0.1497721240937802,3.6552237796874483
arc_x1.2,1,593,69,1744,2.599662021544032,0.15671346997044244,54.454039139906705,0.8628611790509356,299.8228322377631,0.9995740082357601,0.231064926790448,0.14693673106968178,0.722090097919322
arc_x1.2,1,594,69,1784,2.599662021544032,0.16058278594038342,0.9247890749870757,0.8841655541028924,5.091869842249524,0.9986621340653901,0.8492255475190308,0.8053762692525178,8.775919552094964
arc_x1.2,1,595,69,1824,2.599662021544032,0.16696147560118973,59.04182838935431,0.9192864896712354,325.08310655727246,0.9998053564977182,0.2727194720999956,0.16346692476196434,0.38397222009316345
arc_x1.2,1,596,69,1864,2.599662021544032,0.13222509931806886,23.25940732497377,0.7280287081846551,128.0658237753152,1.0101549781088615,0.48648920675166607,0.32027494818620966,9.675772881855584
arc_x1.2,1,597,69,1904,2.599662021544032,0.1815812830194584,22.469282055458727,0.9997828520375602,123.71541010774551,0.9857944932294307,0.4478745868104496,0.30298718504382915,-7.754459531580554
arc_x1.2,1,598,69,1944,2.599662021544032,0.1566078525442885,28.10130994350726,0.8622796516501531,154.72524113787892,1.0036952733308235,0.36860531520123346,0.22322150349827713,3.148778047194716
arc_x1.2,1,599,69,1984,2.599662021544032,0.09455071576383417,7.206048566839394,0.5205943184046613,39.67635688147344,0.9997941989156184,0.6525832363754264,0.5094559376644094,-2.3396985257642435
stellar_R42k,1,0,58,24,3.2026068752187786,1.8166959492248602,109.74798652905697,10.002690955798991,604.2701822171958,1.0013054645398727,0.37990882686730504,0.1468664383971989,-36.57828969740327
stellar_R42k,1,1,58,64,3.208694915121137,0.25170810807846483,0.3666692693829904,1.3858997248559954,2.0188735413824044,1.0008951030511208,0.8983676791704104,0.8746279494852249,24.92425595388172
stellar_R42k,1,2,58,104,3.2154167408371768,0.3234738013185843,0.5952482211787788,1.7810401725549496,3.277424602053454,1.004611067433894,0.9043065308582112,0.8795387177109572,117.65176638240847
stellar_R42k,1,3,58,144,3.2228478160260527,1.6493202908637294,19.964533266983434,9.0811239842735,109.92431420987646,0.9999615863026835,0.6672842857165681,0.38505377278557523,53.830049373310665
stellar_R42k,1,4,58,184,3.230127637166148,0.444095154329157,1.7522948525365731,2.4451788895207103,9.648099826962973,0.9623655108574963,0.8752458027770853,0.9223185916920398,594.7788072982642
stellar_R42k,1,5,58,224,3.237428324389078,0.4106825658203498,9.85410328917458,2.261209856601646,54.256492337197116,1.0287622118681639,0.7355629699013554,0.5735612919670477,-42.934693592071646
stellar_R42k,1,6,58,264,3.2453974958967677,0.5789039964771344,0.9405693517159733,3.1874336331891038,5.178755725043229,1.0028544589037462,0.9007580967907851,0.8777008645938015,31.42347297825322
stellar_R42k,1,7,58,304,3.253316956529749,0.7467241020108479,9.958876205810208,4.111447721809464,54.83336988574399,1.0028509879214058,0.740920168420192,0.5849583150521298,15.030084238944175
stellar_R42k,1,8,58,344,3.261459715616505,0.6459082073007614,0.8132264488398638,3.5563574555226705,4.477608291193587,1.0020434647294145,0.9392107599066619,0.9289420757106798,15.065445497747914
stellar_R42k,1,9,58,384,3.2699977929329145,0.5929943078526524,2.2696726749988008,3.265014601110798,12.496771597097112,0.9961437250886329,0.8677061571097572,0.8100926752449944,-18.224195296861456
stellar_R42k,1,10,58,424,3.2781176187478605,0.7495892015992011,0.6238874404856756,4.1272229018841,3.4351115612083247,1.0010155213249639,0.9238289273767071,0.914922844793849,28.1604389940854
stellar_R42k,1,11,58,464,3.2872576379240557,1.581688915724627,98.31634703265118,8.708747007971663,541.3278076005507,1.0006064073952425,0.3674952494358156,0.14463492598027503,-6.530099572708443
stellar_R42k,1,12,58,504,3.295654982757898,0.9412859747883333,6.762635284538286,5.182701437107854,37.234932365474,1.0002230082389445,0.7693261603283637,0.6485118290294268,46.3073757390501
stellar_R42k,1,13,58,544,3.3041970949586967,0.36915087875823643,2.0595194043842975,2.032537232141549,11.339671962343049,1.0022350924238292,0.8690628645666912,0.8036696063473534,35.91831213294172
stellar_R42k,1,14,58,584,3.3132268420014714,0.9919131546022311,27.00920720851596,5.461453659711838,148.71214568579637,1.0041100434459236,0.6821569051724368,0.46634793467600844,-22.489294704909494
stellar_R42k,1,15,58,624,3.322921838309373,0.7485609741745899,5.115220633144563,4.121561502592131,28.16430079337315,0.9964323826941627,0.8482178706926815,0.7492334736069424,36.12150129584023
stellar_R42k,1,16,58,664,3.3310208768550176,0.8059693625202959,4.435849798322273,4.437650921483391,24.42369879114486,1.0009529847119536,0.8368738612470221,0.7614626262344589,96.45629491670373
stellar_R42k,1,17,58,704,3.3406667114950186,0.20664482761146735,0.2742660933217591,1.137782218919906,1.510103532912276,1.0068790588142496,0.9300780595679105,0.9260476585088364,-54.04608740865906
stellar_R42k,1,18,58,744,3.3498942988122504,0.607112886791952,1.096555635215409,3.3427512096638816,6.037613030171387,0.9975416749834638,0.9067574899968021,0.8788415125413461,-158.0949216862173
stellar_R42k,1,19,58,784,3.35858536767111,3.3513902004248974,121.89749860736416,18.45268629648616,671.1651486725935,0.9956070241610204,0.4815341798718591,0.2023406303912229,-14.336300654355377
stellar_R42k,1,20,58,824,3.368788131355952,1.5099621589139454,75.74545510920919,8.313820943461462,417.05293562582096,1.0019108591434944,0.40201173345187974,0.19029092844926368,165.12998095047135
stellar_R42k,1,21,58,864,3.378322461586001,0.43565208030982194,0.46951413689792754,2.3986914956514287,2.5851352906756415,0.9957108903048473,0.8116583331495818,0.8097233080169273,-110.48730017878887
stellar_R42k,1,22,58,904,3.388142009839448,3.549989374032161,113.56675113829189,19.54616930805897,625.2962225050147,0.9999541786932481,0.5216591137772835,0.17491203021474377,73.76515381410756
stellar_R42k,1,23,58,944,3.3971594078563987,0.30280708343743407,0.27335738902651435,1.6672496441376687,1.5051002255402204,nan,0.9721263451164658,0.9698765182598759,-57.41706476772845
stellar_R42k,1,24,58,984,3.407777263026696,0.4908991217079547,4.840856974866357,2.702880582198104,26.653660069794558,0.9934433909762898,0.8577321463659813,0.7711258457001869,11.297898914308393
stellar_R42k,1,25,58,1024,3.417374139375368,0.5535034561461036,11.099756028667235,3.0475787746201637,61.11503099178362,1.08174362709948,0.7577133275736088,0.652807559945403,168.9788044210654
stellar_R42k,1,26,58,1064,3.428579230686143,0.5895940567301806,8.097719699150895,3.246292887571058,44.58588000477035,0.8913343665568829,0.858043603873616,0.751197941007799,-98.38880251961166
stellar_R42k,1,27,58,1104,3.437702596681791,0.3828351222960602,0.6154263033829916,2.1078823988058684,3.3885247123694184,0.9909356206170931,0.943298848753453,0.9232118440360161,216.1487436757359
stellar_R42k,1,28,58,1144,3.4500447120919366,2.182300220041868,44.276060196720366,12.01570063673274,243.7830871352537,1.0076069422671805,0.7061024304939283,0.4140339780258784,51.734843798607876
stellar_R42k,1,29,58,1184,3.460259974446988,0.6797383489783053,7.429436736239603,3.7426255276982876,40.90632759982362,0.9986430281993529,0.8384690352697336,0.7302741641570747,-14.717540808262209
stellar_R42k,1,30,58,1224,3.4714552540098986,0.5163933616491112,23.240026921066107,2.8432513489151114,127.9591156654801,1.0066349127296559,0.7349770724653066,0.57601583709841,51.85710121196358
stellar_R42k,1,31,58,1264,3.4816822527513547,2.2337671756706112,31.0275794332764,12.29907664789729,170.83722144588444,1.000184229233072,0.73861402036148,0.3807323649280734,65.5093511256689
stellar_R42k,1,32,58,1304,3.4932481705587453,0.4297137999404203,0.8475698487190402,2.3659954446862925,4.666702352590817,nan,0.9564668778096346,0.9227348238708578,39.042523245182586
stellar_R42k,1,33,58,1344,3.504667008382117,1.7609267632433319,47.76191129370649,9.695626951793411,262.97611239408275,1.023198400908373,0.7104342269294547,0.45872571333317036,-54.75062879342372
stellar_R42k,1,34,58,1384,3.5178837486244143,5.475681696197137,134.86079333297388,30.148992076937734,742.5407858366106,0.995263231943863,0.31127953313258644,0.1617189744804316,68.48765964824256
stellar_R42k,1,35,58,1424,3.5292282288546697,1.8361208277657883,32.454509626144116,10.10964394206053,178.6938700726645,0.9976347529218407,0.6852449596851459,0.47069259848724054,-78.0194242000887
stellar_R42k,1,36,58,1464,3.5411092829031983,1.8948729624339418,23.719582176635,10.43313200087949,130.59953715138232,0.8773154902195962,0.7853074374466357,0.6092310723564499,387.8149209526233
stellar_R42k,1,37,58,1504,3.553255412413232,1.4912761476756493,46.29512563480015,8.210936145544114,254.9000203817137,1.2698917677646404,0.709347053764501,0.4056899918250606,-366.9577745880422
stellar_R42k,1,38,58,1544,3.564929928573204,4.510751369841553,223.66421511298094,24.83610532088403,1231.4906204315985,1.010713021982846,0.5355231145784639,0.22875202337602696,-98.85231796063287
stellar_R42k,1,39,58,1584,3.5782254094906722,1.2960403996006025,55.38963533169401,7.1359720865599074,304.9742058453632,0.9852804553840048,0.6647636154153997,0.46325212534989735,29.6681653376364
stellar_R42k,1,40,58,1624,3.591129891612856,0.46634421506109547,0.46034724680484407,2.567681765499126,2.534662580222353,0.9941683467964851,0.944312581555046,0.9329785964260069,21.734026294932313
stellar_R42k,1,41,58,1664,3.6039407599533617,2.4872590778740915,69.7576228329907,13.694797906934014,384.084052869338,1.001225164134268,0.6774971785625167,0.41041221790269367,-29.595297654156827
stellar_R42k,1,42,58,1704,3.6181002284503596,1.0322067655907647,27.38350157813133,5.683309462485801,150.77300287400973,0.9976630393006666,0.7689585015918555,0.5597622395144263,18.76505190278807
stellar_R42k,1,43,58,1744,3.630388294036803,1.8800908629481252,49.2580330242197,10.35174206168929,271.21372822020055,0.9995352457153068,0.6888492849364165,0.3773852669286819,-28.41644629805769
stellar_R42k,1,44,58,1784,3.643600445434516,0.27037752171338625,0.3839519886485412,1.4886931367066567,2.114031842232307,0.9996000710082961,0.9395783661979942,0.9345494451149847,-18.848088128964466
stellar_R42k,1,45,58,1824,3.658214977497418,2.322013338579234,41.59343731539195,12.78495822647772,229.01262009902106,0.998548106260104,0.7149056022017419,0.39767057738291095,6.730114194114863
stellar_R42k,1,46,58,1864,3.671992110281566,0.2288169339738948,0.3245717963850491,1.2598613857045817,1.787085711064311,1.0004859474519905,0.9549763621769962,0.9489771690000098,9.582427477614383
stellar_R42k,1,47,58,1904,3.684911909496112,0.7867049722830596,4.043345823835795,4.331581580558617,22.262579888784657,0.9924410532885997,0.8772642448804512,0.8364548119584868,46.071714938212835
stellar_R42k,1,48,58,1944,3.7005747903650126,0.6849321931414508,7.216770276685315,3.7712227280491177,39.7353903978702,0.9962404675545652,0.834261408203745,0.7417601794706316,-34.62475831197039
stellar_R42k,1,49,58,1984,3.7140935450607393,1.3329792953138802,30.5167497448309,7.339356895242977,168.02460356849687,1.0051212383799508,0.7247911609289731,0.5335825558034346,42.166850817526836
stellar_R42k,1,250,63,24,3.1904916253211915,1.6118586226741116,80.90468395706264,8.87486080096574,445.45954475451975,1.0076626675804436,0.6585819015661003,0.26201020902093086,1.947506048484632
stellar_R42k,1,251,63,64,3.1993039285862688,1.8326326149359375,58.97831190741979,10.09043791314857,324.733386099283,0.9978140962392944,0.729712407152901,0.47899613790048023,-20.327783303685113
stellar_R42k,1,252,63,104,3.207535818239608,0.21536151308768017,2.572022188613125,1.1857761119071504,14.161501871092948,0.9937742540364827,0.922920730539913,0.8705248022076612,13.365378481173167
stellar_R42k,1,253,63,144,3.216079563832034,3.0514054921970404,59.98960081252942,16.80097659286234,330.3015222473027,1.0049957785523942,0.6363555998943964,0.3276748930662595,-181.72789745476337
stellar_R42k,1,254,63,184,3.224355305283987,2.5620044323812734,245.0798241123908,14.106344308981084,1349.4045281180906,1.001395273231374,0.4763126773824117,0.18408257804434702,-39.551690028908986
stellar_R42k,1,255,63,224,3.2327935007606254,1.0448724816569797,3.379588389567528,5.753046637602145,18.607944952524473,1.0285625025978236,0.8445925160927815,0.7879488513103353,256.9705150920637
stellar_R42k,1,256,63,264,3.240877234135951,0.6944250125585881,11.544788726690408,3.8234899987332116,63.5653719778196,0.9797100743157654,0.8766383675194145,0.7755548375235173,-154.04073723561234
stellar_R42k,1,257,63,304,3.2492414929583773,0.565542136526839,0.5929462269717988,3.113863504002379,3.264749868758493,nan,0.9708899221650815,0.9632005175021675,56.615679866732144
stellar_R42k,1,258,63,344,3.258030816230053,0.49002090025348155,1.1829876083634434,2.6980451127275,6.5135057168196875,0.9979652045057154,0.9219073833524093,0.9066494471493683,-56.853269903901555
stellar_R42k,1,259,63,384,3.265843111095017,2.5071946610544935,142.06121009991162,13.804562822555843,782.1861341423423,1.0015812186233897,0.5577618020071213,0.22429023790472682,-97.672984637221
stellar_R42k,1,260,63,424,3.2746628675140257,0.8542412187576437,50.85116440130122,4.703434780367959,279.9854771877326,1.0147022926247506,0.7221306711418061,0.44976991078049383,-83.81125132338123
stellar_R42k,1,261,63,464,3.283350293969117,2.2321158274207633,158.34662799744802,12.289984358012088,871.8533139390491,0.988295723808592,0.6837750636577036,0.4653204905876605,-13.835099872942479
stellar_R42k,1,262,63,504,3.292047893433167,2.516118014410198,136.41602002684283,13.85369462468519,751.1038323891268,1.004005486018106,0.6304667848626847,0.3540555566849827,-32.65572515323576
stellar_R42k,1,263,63,544,3.3006720197601065,1.147871790333238,12.533099349207944,6.320158736789216,69.00699016912687,0.9969489861138885,0.829184099951432,0.7131256888661655,92.21730584198724
stellar_R42k,1,264,63,584,3.309419507099771,3.497750967073421,143.18811511508588,19.258545701558123,788.3908502414439,1.0086602874488868,0.6682689824410856,0.4089711833944754,50.63147983883145
stellar_R42k,1,265,63,624,3.3189372254811746,3.1670696918945374,17.15139241735062,17.43782132448489,94.4352178941077,0.9901056144520477,0.7539390758583723,0.6995096312667897,-77.44593762795967
stellar_R42k,1,266,63,664,3.3277218316686414,0.5872433085790444,49.07627210458092,3.233349716050934,270.21295629258975,1.0288315573652376,0.7412523938692117,0.5348633233107691,9.95070644559135
stellar_R42k,1,267,63,704,3.3371726298396736,0.8881439593033955,25.621521475420412,4.8901025804357054,141.07157625652636,0.9702343826195962,0.871776395904784,0.7702061089480771,-113.29212012842765
stellar_R42k,1,268,63,744,3.3465208441568057,0.6740035693405323,5.447523083361827,3.7110499476235215,29.993951327242787,0.9732273198509664,0.9078966460642998,0.8439398436771484,-53.20934615438092
stellar_R42k,1,269,63,784,3.3560283970153506,1.7635826309061602,114.52028767434426,9.710250105140622,630.5463752833399,1.005543300822555,0.7374607180006166,0.52350583850568,-44.71861014815958
stellar_R42k,1,270,63,824,3.3654469894604655,1.9870023150797056,45.06572019346979,10.940394343191972,248.13093902043676,0.9999645779520947,0.8078735193221036,0.605719186184019,31.10953112301013
stellar_R42k,1,271,63,864,3.37574312916593,0.9165474458046006,36.3618652528371,5.046491599555821,200.20769070120085,0.9969789753335159,0.7979196575006496,0.582935839555921,91.87590747307422
stellar_R42k,1,272,63,904,3.385784479927039,2.2549832450174705,181.8443337154734,12.415891894314273,1001.2312038209551,1.0100374983812588,0.6558080079985753,0.3788822700995162,56.95985806476278
stellar_R42k,1,273,63,944,3.3956939801056016,1.4451201691712368,250.98134308293783,7.956802266432902,1381.8981715686384,0.9781221233043415,0.5671949045786221,0.2644221405885999,-20.44777367706503
stellar_R42k,1,274,63,984,3.405555947138076,2.5477727838034836,394.9047353348384,14.027985141297627,2174.3374427742838,0.9569936828616118,0.5435676607605474,0.18171725746433426,41.08727391761884
stellar_R42k,1,275,63,1024,3.4164819040376884,9.19970077989124,434.34178760947344,50.65336542768121,2391.4770506867567,1.021822422529006,0.3788246516293876,0.1186281769816268,138.04590226325115
stellar_R42k,1,276,63,1064,3.427080313202152,1.9109879161937464,32.115458016247416,10.52186060860006,176.8270588028371,1.0012445696559695,0.8244969778362995,0.6554791603469623,-90.08494542996304
stellar_R42k,1,277,63,1104,3.4363274769487555,12.368955611726912,195.4553969776984,68.10321808824943,1076.1734413758727,1.0005142657321295,0.6511419510303074,0.2780090365077079,151.6840411603288
stellar_R42k,1,278,63,1144,3.4478172348841416,0.6663649418417931,70.36710274034803,3.6689918199390528,387.4398368461039,1.0010250412989674,0.7328151535297058,0.5254089203599726,166.2690180068351
stellar_R42k,1,279,63,1184,3.459730749150329,0.6625035448036602,67.3443039013467,3.6477310463646084,370.7963679040505,1.0030237574664258,0.7477163669699937,0.4974107577132865,35.88160938611677
stellar_R42k,1,280,63,1224,3.4702138310852475,2.331550901658936,110.44176000959934,12.837471854858078,608.0900848938959,1.0023226756949635,0.7681862936256318,0.5294737165917708,-61.15731610727133
stellar_R42k,1,281,63,1264,3.4815957166816967,1.6671465430808006,84.50502841512939,9.179274966502293,465.28296813135455,0.9967830136902078,0.7314807259224474,0.4222761917320454,-163.135335493912
stellar_R42k,1,282,63,1304,3.4923082764568942,0.8227901661334286,28.706333706143436,4.530265924143655,158.0564896724213,1.0129025712309552,0.856942430814858,0.7517190151127338,3.2133732468119742
stellar_R42k,1,283,63,1344,3.505382948629655,0.9567448616716575,7.41808152352656,5.267817753946962,40.843806029522106,0.9643955717632584,0.8910796874141841,0.8356357848347917,20.50379047443247
stellar_R42k,1,284,63,1384,3.5159177072169627,0.38306066366915326,0.44101791874686463,2.1091242250199684,2.4282356929770113,0.9951847976620627,0.9719997780093651,0.9615916363142577,119.79487776374948
stellar_R42k,1,285,63,1424,3.5272202773790227,0.93012454448773,48.234472703765235,5.121246828828872,265.5780259088187,1.0032034394117633,0.7318599524004517,0.5343500710949364,-41.29585546786817
stellar_R42k,1,286,63,1464,3.539453494110959,0.6309816680771403,2.049019226790926,3.474172234073149,11.281858198024198,0.9858637996857685,0.9312782392266594,0.9293584354519002,-24.69154381627348
stellar_R42k,1,287,63,1504,3.5508071576850915,0.6489296727857117,2.3581963252677447,3.5729935830444313,12.98418101544105,1.0089100024240607,0.9217431058447761,0.8857903277512987,49.74902528904302
stellar_R42k,1,288,63,1544,3.563640548378805,2.5630643212442488,255.21099205242567,14.112180035508882,1405.1865327891014,0.9907894201681547,0.5850050140866067,0.22731334571834175,52.9216165231597
stellar_R42k,1,289,63,1584,3.5751292081711123,0.49798185812344364,2.2338688617401927,2.741877984881667,12.299636529328726,1.011538038632868,0.9281723684891034,0.8970809136794954,-40.84106782502294
stellar_R42k,1,290,63,1624,3.5859306291259085,4.521952363673896,439.5999243871603,24.89777776516429,2420.428244865928,1.0011292856083929,0.44685583491794584,0.2363237626992238,50.143159715085275
stellar_R42k,1,291,63,1664,3.5998227147187727,2.2757793273594826,300.2931037551683,12.530394700822567,1653.4077231262902,0.9970083086691326,0.5865389736235097,0.3120953534201129,-29.867030269368744
stellar_R42k,1,292,63,1704,3.612266582225241,0.4223139674202764,4.246489054363262,2.3252521172983207,23.381082385361413,0.969457424055978,0.8410981705379202,0.8206181203189233,548.4282703870554
stellar_R42k,1,293,63,1744,3.6256211921085986,2.586237504624701,337.6458209588958,14.239771111998936,1859.071024521144,1.010536617665914,0.5360532771811963,0.21654566280822585,-37.962976868277394
stellar_R42k,1,294,63,1784,3.6388182906905846,3.7082034531165213,372.7156151311177,20.417292810377806,2052.1645981254064,1.0009453963465742,0.3775599295240664,0.14101532277764964,-12.868535237537602
stellar_R42k,1,295,63,1824,3.6506429153707964,1.2660575765686983,64.71702194988688,6.970887272615938,356.33060690237375,1.0036656649550195,0.7384688527095946,0.510236445228705,-26.50312785706257
stellar_R42k,1,296,63,1864,3.6630468506868588,2.38867845577188,128.15179709631326,13.152015006174222,705.6011889780564,0.9937699049082266,0.6864307009755984,0.3208786240577913,-73.10105660515276
stellar_R42k,1,297,63,1904,3.6767547457716243,0.453145766375662,21.38969523998128,2.4950113754139323,117.77122705400794,0.8728577171356979,0.8311600311497174,0.9210731384664181,1917.1908192568994
stellar_R42k,1,298,63,1944,3.690653106955487,2.3050969380897484,319.6170615085149,12.69181686936012,1759.8050415835226,1.0822589779503244,0.6396727664474644,0.3284193973430288,-103.16532165526932
stellar_R42k,1,299,63,1984,3.7038269258011693,0.5597478752193993,39.40784841095519,3.0819604190639267,216.97881203288205,0.9315414451748472,0.8183996314865505,0.7237328777292381,-1125.8683240938649
stellar_R42k,1,550,69,24,3.185776627916575,1.4465990968658324,221.87942885096376,7.964945212246881,1221.6636235647145,0.991826462588124,0.5829067781808444,0.22718695813861745,24.87418834836994
stellar_R42k,1,551,69,64,3.1952947049459994,7.102613860575778,253.89022436581376,39.10684749202373,1397.9144127630611,0.9965508397664072,0.4629021072539806,0.10339810614034722,24.07851114437813
stellar_R42k,1,552,69,104,3.203787492434926,1.8508353811035334,224.31073562601767,10.190661973532931,1235.0503492300527,1.0147628288677584,0.32757595299654974,0.13714635487157859,28.864498854650506
stellar_R42k,1,553,69,144,3.2126491150047563,0.4361972128817113,2.4297833524783217,2.4016929845075445,13.378337731614332,0.965502264925007,0.8662480708597604,0.8581397753352641,-15.138619427027697
stellar_R42k,1,554,69,184,3.2213274237698597,1.6513325659238973,21.75107274471339,9.092203529837251,119.76096424682517,1.0214452229350202,0.832607726923595,0.6824068789923959,19.529144879435897
stellar_R42k,1,555,69,224,3.2298675477713457,2.2156704569106256,636.7168056989533,12.199436482382868,3505.74978520076,0.9958672223349767,0.39952930771573847,0.0773414077286835,-11.5534848965972
stellar_R42k,1,556,69,264,3.237983844822567,1.0489488147448494,607.676900151159,5.7754908446959385,3345.856655751047,0.9994080285472161,0.25032775723517714,0.08136565520334918,17.647229277035056
stellar_R42k,1,557,69,304,3.247182461399037,0.8394357449348222,12.772660010262282,4.6219161425535,70.3260062976738,1.0044144459659659,0.8600069416776743,0.733386624047159,46.64184807055598
stellar_R42k,1,558,69,344,3.2554963958810643,6.835303378078805,944.2018503590982,37.63504141087758,5198.7561887091715,0.9994542213203421,0.3383614580698329,0.053837229532361745,-128.2912298445248
stellar_R42k,1,559,69,384,3.2637656940616835,4.786647594849692,226.44049203294313,26.355184325714472,1246.7767447001906,1.0092539775144294,0.3652249410772017,0.03381643365466693,221.52230253383433
stellar_R42k,1,560,69,424,3.273126134044681,4.6534236292656335,233.34125395315073,25.621655880180192,1284.7721995129975,1.0007727271933102,0.5856489026693341,0.1629251531743994,54.500787130362134
stellar_R42k,1,561,69,464,3.2822390548301077,2.4039771121895646,432.72946942351837,13.23624909732764,2382.599659539711,0.9697182888931579,0.4342175137605423,0.09775738739198599,75.89548088505327
stellar_R42k,1,562,69,504,3.29078754375667,4.612855963091455,791.6513519781125,25.398291135126698,4358.816246580063,1.0297422590420744,0.4045604266841904,0.08962322611636575,4.606198899915021
stellar_R42k,1,563,69,544,3.2999738399215555,0.9330787886719862,19.58035689301077,5.137512837235888,107.80904690661217,0.9906046830432383,0.8201136840217186,0.7052789648549548,-120.27747455130918
stellar_R42k,1,564,69,584,3.3085969557555828,6.170408615500012,484.3092869786684,33.97414436806603,2666.597086176127,0.9566801906000708,0.3194307488247177,0.07478531063693539,135.2461355831638
stellar_R42k,1,565,69,624,3.3179301401710664,6.186557140966381,636.8746162318225,34.06305782092029,3506.618686785824,1.0327868942369276,0.3556169075566235,0.05885387017259593,-11.659617461432697
stellar_R42k,1,566,69,664,3.3270167397135504,2.343684485538659,297.28080908766594,12.904279120975957,1636.8220899389185,1.011800052043764,0.48356206756610187,0.14626254390007823,-67.23592037626865
stellar_R42k,1,567,69,704,3.3362384795928577,3.844821614374696,453.3838536587567,21.169509628276312,2496.322279153393,0.9964247593450298,0.4811001928514332,0.13954311637331882,-1.5445037691538586
stellar_R42k,1,568,69,744,3.3460208270857534,0.7843014699939598,16.188913210562777,4.318347945827567,89.13582695255297,1.02801018490019,0.787979574035562,0.7155080712951671,69.8493955912673
stellar_R42k,1,569,69,784,3.3557218654693126,2.525880938433223,335.9872134035014,13.907449085837005,1849.9387650472115,0.9833688994734983,0.523606434187551,0.148791380829877,-54.65242729707181
stellar_R42k,1,570,69,824,3.3657266754668176,0.9463677226413001,4.747475772502336,5.210681437454203,26.139505068388424,1.0040053806093079,0.9038227400521284,0.8629034497474254,14.155048776770272
stellar_R42k,1,571,69,864,3.375157576707838,1.351503745445094,14.502883527676612,7.441352140989907,79.85258180225146,0.9603654870045442,0.8296158278463308,0.8364005719334993,233.45656701418187
stellar_R42k,1,572,69,904,3.3856622444486097,2.847885058110007,360.1755861909273,15.680397221156657,1983.119453769236,1.0214079132002019,0.314405043397103,0.1189623938603818,-29.45447648888522
stellar_R42k,1,573,69,944,3.395946657095296,0.9895293723488571,98.94911594224547,5.448328603096507,544.8118203500757,0.9936779904893881,0.688291871583565,0.46967257241543875,46.22845769397534
stellar_R42k,1,574,69,984,3.406128144413527,2.722255303121093,858.3797036697191,14.988682344738825,4726.2211941420355,1.0024689038704295,0.3433983925837138,0.08952081995908891,-3.837526502427297
stellar_R42k,1,575,69,1024,3.416209409431779,1.71617541495852,378.18981531288534,9.449226938109618,2082.3054330140203,1.001641051605578,0.14977795160702712,0.07947514633975007,6.119140426793336
stellar_R42k,1,576,69,1064,3.4269737989210323,3.568203136836864,735.9855591813287,19.64645391570364,4052.321523347292,1.0016547574016712,0.2503491226505808,0.12694137610461964,-37.61386729394793
stellar_R42k,1,577,69,1104,3.4374150642417622,0.577561513132937,59.650288180289806,3.1800419471939634,328.43327379376285,1.0819391783698187,0.7314599061942926,0.48427020695179546,594.4151228355954
stellar_R42k,1,578,69,1144,3.4479829848831494,0.4374181744277362,444.27714240548886,2.4084155739529676,2446.180912168454,0.9804633187769521,0.24769800150339008,0.09889950409756686,-105.53682953512785
stellar_R42k,1,579,69,1184,3.4598324154596107,0.6048424289562085,214.1982813803232,3.33025011498769,1179.3713817795567,0.9930876643231511,0.12227576375877232,0.06758779493964667,133.31370971826797
stellar_R42k,1,580,69,1224,3.4701792802224505,1.987456660333097,353.7126850991989,10.942895958918504,1947.5348517745886,1.0355947196220383,0.43201492788926005,0.13258169501144093,-13.51180591882821
stellar_R42k,1,581,69,1264,3.4818095621603393,0.7079604898537241,23.027426349603118,3.8980160614902992,126.7885412420176,0.7933806576084433,0.8606451567448037,0.8987206723771359,1323.81636252896
stellar_R42k,1,582,69,1304,3.4919965775822237,2.47870590261454,268.09340929412826,13.647704297874895,1476.1168601712857,1.0669174541316864,0.6041221022296528,0.24064617833997806,-132.13472153043784
stellar_R42k,1,583,69,1344,3.5039426163973317,1.240392359188824,44.82140818976962,6.829575107597999,246.78576209589554,0.9971756183810372,0.789259330979425,0.586025405279897,90.47887477799054
stellar_R42k,1,584,69,1384,3.51462163073001,1.3704071419069224,136.68948956393552,7.545433857527719,752.6095500996389,1.0006239438903979,0.628254324084422,0.3284783702003292,-96.8091394132868
stellar_R42k,1,585,69,1424,3.526120572117584,0.6258889374744847,22.270541071061146,3.446131762930337,122.62114628884478,1.0015133387297837,0.7662161432788371,0.6511290349798196,82.10324217214877
stellar_R42k,1,586,69,1464,3.5376563089044746,0.43949711188485396,13.222808796202315,2.419862161318815,72.80451635974966,0.9949039683046619,0.2575220689602611,0.30173468666507897,289.302913893477
stellar_R42k,1,587,69,1504,3.5507116966735706,1.4975438198466597,347.6319566625353,8.245445821071067,1914.054484647642,1.0047618682494923,0.10364648636512319,0.058057180083181135,-88.73294539028441
stellar_R42k,1,588,69,1544,3.5606564460663255,2.510832596594142,344.9713154624393,13.82459322166349,1899.4050483013004,0.990776500505746,0.533506830060666,0.16891430870935895,5.355553815819605
stellar_R42k,1,589,69,1584,3.5743780438005337,1.7388053175544413,21.96069192125279,9.573826721647098,120.91512317046195,nan,0.865463093449637,0.6914584027300169,-36.60607202473991
stellar_R42k,1,590,69,1624,3.585121420086763,4.9038253987327725,1074.6840703998064,27.00036293120527,5917.188639032326,1.0015864036938051,0.36709715678327476,0.0779937988627077,34.575742752555776
stellar_R42k,1,591,69,1664,3.5969786098946446,0.6927173450981787,1.17428018487515,3.8140876164198487,6.465562820149595,0.9937193444510816,0.946469152398444,0.9404919932885046,47.49935385492652
stellar_R42k,1,592,69,1704,3.6085436577498258,2.433899443200513,524.378241908799,13.40100084343427,2887.2159372606716,1.0008069301466465,0.24817967505856778,0.06993452247409943,24.471654741249928
stellar_R42k,1,593,69,1744,3.621780715934954,7.601921819118802,1164.2088324860379,41.85602695885073,6410.110158685677,0.9990161830963882,0.231064926790448,0.05929993683795978,7.410305537073493
stellar_R42k,1,594,69,1784,3.6343564136823656,0.6462819151507804,16.45329076059987,3.5584150833459125,90.59148436721318,1.0031688025125127,0.8492255475190308,0.7569101508828192,41.405430694939895
stellar_R42k,1,595,69,1824,3.6467729438952547,3.3882299925503845,1415.1869839607848,18.655525442830022,7791.990757324514,1.0008670371219337,0.2727194720999956,0.03277834860103714,12.015928665994801
stellar_R42k,1,596,69,1864,3.661092013767304,5.445664010329461,539.0471219711708,29.983715308928904,2967.9824926075867,1.0234074335940717,0.48648920675166607,0.12441489442744505,59.418779414826446
stellar_R42k,1,597,69,1904,3.6739177935291965,2.220198852208774,618.4260122750927,12.224369734814239,3405.0410485333496,0.9725091158569198,0.4478745868104496,0.11385301402613357,-44.46251576489976
stellar_R42k,1,598,69,1944,3.6857580659876614,3.7698648350010435,683.3844607736994,20.75679912521356,3762.7009451038152,1.0002731397713787,0.36860531520123346,0.05704573944585068,35.66003045776763
stellar_R42k,1,599,69,1984,3.698867550845079,1.4581314341000016,195.05495453833993,8.028442026560066,1073.9686134473477,0.9967652659519995,0.6525832363754264,0.3237741560075648,30.17331907028216
arc_skew,1,0,58,24,2.8697826537209106,1.0954660154527673,19.64473772051839,6.031613605914572,108.16352643375158,1.0011133843829851,0.37990882686730504,0.19365529166178824,81.7393681386415
arc_skew,1,1,58,64,2.8697826537209106,0.19012251270580224,0.1840878674331329,1.0468106890134983,1.0135840548504507,0.9993409481062381,0.8983676791704104,0.8765505976366734,-15.762837491449988
arc_skew,1,2,58,104,2.8697826537209106,0.3129742494404377,0.34431435725002424,1.7232298534114023,1.8957878497423089,1.0019260763960547,0.9043065308582112,0.8857186186093222,94.67756811356793
arc_skew,1,3,58,144,2.8697826537209106,0.6652324320371337,3.7585061029754163,3.6627562439830137,20.694258177648525,1.0002937370602938,0.6672842857165681,0.44583000365682973,160.66193731271272
arc_skew,1,4,58,184,2.8697826537209106,0.2971467938023133,0.5035989044589503,1.636084204502829,2.772805327788139,0.97112075510181,0.8752458027770853,0.9216097927384607,202.67631559609444
arc_skew,1,5,58,224,2.8697826537209106,0.25675744838683506,1.6235758987085203,1.4137012899207695,8.939375884552504,1.018971436976441,0.7355629699013554,0.6273747754988817,93.5183628283624
arc_skew,1,6,58,264,2.8697826537209106,0.494215009316032,0.48809210982416457,2.7211377919430326,2.6874252318436387,1.000207122044893,0.9007580967907851,0.8857430954805516,-52.73136442092597
arc_skew,1,7,58,304,2.8697826537209106,0.47467599945094874,1.721579802676229,2.6135564009314405,9.478983386990688,1.0055807532302266,0.740920168420192,0.6282408136989887,105.81516803786505
arc_skew,1,8,58,344,2.8697826537209106,0.5013360313576735,0.4826577930770085,2.760345994505693,2.657503994335008,0.9987384454683416,0.9392107599066619,0.9272468674067166,2.506593352696556
arc_skew,1,9,58,384,2.8697826537209106,0.3496640848028912,0.5894778813353204,1.9252433408672178,3.2456532282092643,0.99865764583316,0.8677061571097572,0.8241127702880376,106.0833199527256
arc_skew,1,10,58,424,2.8697826537209106,0.4810591605008779,0.36998526886897415,2.6487019558773723,2.037131367124811,0.9996297379898712,0.9238289273767071,0.9158412938482124,-101.92011692871158
arc_skew,1,11,58,464,2.8697826537209106,0.6725155099759637,12.625801617995702,3.702856723020355,69.5174069760675,1.0005566856892893,0.3674952494358156,0.19865653675613798,81.71149789533118
arc_skew,1,12,58,504,2.8697826537209106,0.7023992904599875,1.3827667936703048,3.8673962107096234,7.613485848816167,0.9987550572049235,0.7693261603283637,0.6819825239173715,80.24017809051564
arc_skew,1,13,58,544,2.8697826537209106,0.26104271786053596,0.4675014249818612,1.4372958965064442,2.5740533397921954,1.0006090941183403,0.8690628645666912,0.8233745318285921,108.85955056944826
arc_skew,1,14,58,584,2.8697826537209106,0.5695273353244543,3.6729572633328784,3.1358059275471533,20.22322800612388,1.0009797282223094,0.6821569051724368,0.5188405585702477,119.9891679317305
arc_skew,1,15,58,624,2.8697826537209106,0.2922805708990868,0.8082455455342,1.6092908801472736,4.450183538874119,1.0002119669429046,0.8482178706926815,0.7708633234996961,112.73332644426125
arc_skew,1,16,58,664,2.8697826537209106,0.5041659376360803,0.7888785802486908,2.775927400931384,4.343549421819313,0.9997020648027295,0.8368738612470221,0.7831864975142254,68.30734762640215
arc_skew,1,17,58,704,2.8697826537209106,0.1577329147406592,0.15004031815466093,0.8684742212263942,0.8261189408448827,1.0051568501903096,0.9300780595679105,0.9245213623976274,-43.63305942846526
arc_skew,1,18,58,744,2.8697826537209106,0.4619731696438957,0.4886607825037805,2.5436148783127117,2.6905563320542334,0.9962298133902973,0.9067574899968021,0.8882347707062462,-27.504977795967676
arc_skew,1,19,58,784,2.8697826537209106,0.6597394663212512,13.345473691463775,3.6325120864451415,73.47990677879548,0.9995153353067716,0.4815341798718591,0.2761966952304193,101.88577877306102
arc_skew,1,20,58,824,2.8697826537209106,0.36848561253421197,8.037566004693423,2.028874289839571,44.25467498625067,1.000665651432289,0.40201173345187974,0.25080998242290764,124.78147579228701
arc_skew,1,21,58,864,2.8697826537209106,0.33382588689757764,0.29448621580830253,1.8380385452539343,1.6214351161679073,0.9972961884187183,0.8116583331495818,0.8069434991416605,-55.31640663948742
arc_skew,1,22,58,904,2.8697826537209106,0.7812315883689219,11.450355130770623,4.301445240022976,63.04542251889476,1.0012043592491657,0.5216591137772835,0.28508130125147046,132.15811052846436
arc_skew,1,23,58,944,2.8697826537209106,0.2308829726058576,0.20135171703325652,1.2712369524014102,1.108638459706206,nan,0.9721263451164658,0.9698311597995011,-116.32196825842716
arc_skew,1,24,58,984,2.8697826537209106,0.44627163772304224,0.7562130872736564,2.457162562830904,4.163693881717786,0.9964550304477344,0.8577321463659813,0.8078335792282825,66.57779398050775
arc_skew,1,25,58,1024,2.8697826537209106,0.29887873431016165,0.9573024952418752,1.645620233721823,5.270888073045678,1.0622988505781232,0.7577133275736088,0.6817791707547403,206.43176157011462
arc_skew,1,26,58,1064,2.8697826537209106,0.3557973805080886,1.014715672097319,1.9590131423058106,5.587003857374183,0.9242621732100947,0.858043603873616,0.7860811169179108,40.473224068647795
arc_skew,1,27,58,1104,2.8697826537209106,0.222683929406739,0.2124239885561429,1.2260931872661263,1.1696021615680292,0.9985890497638703,0.943298848753453,0.9293003296210746,20.516957677076086
arc_skew,1,28,58,1144,2.8697826537209106,0.6231258377447063,4.8048422930960895,3.430918192002952,26.455363964288768,1.001285412533228,0.7061024304939283,0.5426655982593026,185.10164587026628
arc_skew,1,29,58,1184,2.8697826537209106,0.5613183233456221,0.9979202487335458,3.0906072745134714,5.4945285978508105,1.0004376027416095,0.8384690352697336,0.7917003911347152,65.19614980733593
arc_skew,1,30,58,1224,2.8697826537209106,0.22611113702101684,1.8450334420354064,1.244963322701618,10.158716615000253,1.0043811763226471,0.7349770724653066,0.6478397619141436,89.558011092705
arc_skew,1,31,58,1264,2.8697826537209106,0.41843634572215327,3.1338924263320656,2.3039020110758814,17.2551479749233,0.9952813707168784,0.73861402036148,0.5138555719798948,144.8009124783959
arc_skew,1,32,58,1304,2.8697826537209106,0.2854972482496014,0.3059867278446012,1.5719420435710567,1.6847567015887506,nan,0.9564668778096346,0.9346286960989979,58.04486048335237
arc_skew,1,33,58,1344,2.8697826537209106,0.5247213716116135,3.429024486600924,2.88910520242718,18.88013909755845,1.0139552497340891,0.7104342269294547,0.5474984964377398,81.14378722562121
arc_skew,1,34,58,1384,2.8697826537209106,2.844080159654278,9.775973843241058,15.659447527628089,53.82631319656862,0.9973216042363231,0.31127953313258644,0.20352421445582478,29.947854866532452
arc_skew,1,35,58,1424,2.8697826537209106,0.45250113717249213,2.4679819299243078,2.491462060129147,13.588658322303369,0.9990147474772859,0.6852449596851459,0.5417501922464878,120.648377339988
arc_skew,1,36,58,1464,2.8697826537209106,0.4618980603692089,1.9155065414359647,2.5432013281735557,10.546740067302142,0.9324839979404037,0.7853074374466357,0.6672332364330469,185.73516181930424
arc_skew,1,37,58,1504,2.8697826537209106,0.449314449726824,3.452647310103109,2.4739162238512913,19.0102058834158,1.1523530400701774,0.709347053764501,0.5082420911672784,64.86482539917547
arc_skew,1,38,58,1544,2.8697826537209106,0.6584635209379756,13.228335933174785,3.6254867571098552,72.83494866353146,1.0066567381758185,0.5355231145784639,0.3625074164361618,90.49198988504484
arc_skew,1,39,58,1584,2.8697826537209106,0.35264570420638114,3.059278609171736,1.941660076674687,16.844325814833326,0.991709552934055,0.6647636154153997,0.5497323538045724,78.46453921381966
arc_skew,1,40,58,1624,2.8697826537209106,0.2935156028538389,0.245837361597851,1.616090940977041,1.3535755141092933,0.9946923874830802,0.944312581555046,0.9346456604122353,-85.74093625260693
arc_skew,1,41,58,1664,2.8697826537209106,0.46383099562244495,4.154230444515315,2.553844030373634,22.873108355522028,1.0025566022018992,0.6774971785625167,0.5016886540380935,117.91533757974553
arc_skew,1,42,58,1704,2.8697826537209106,0.15793551505620135,1.5636158348793516,0.8695897344441014,8.609236992334981,0.9990606163258547,0.7689585015918555,0.6555596809712038,110.2581318210859
arc_skew,1,43,58,1744,2.8697826537209106,0.3363662721642502,2.8522609331996924,1.8520258548761264,15.704490700421571,1.0010246447789084,0.6888492849364165,0.49969842978719536,113.63728411519179
arc_skew,1,44,58,1784,2.8697826537209106,0.19446913190370324,0.18430865429301438,1.0707430859331355,1.0147997028114857,1.0013279579975354,0.9395783661979942,0.9345515553677265,-25.09046828558156
arc_skew,1,45,58,1824,2.8697826537209106,0.3949138709509493,2.4068353128394726,2.1743877432908274,13.25198629198748,0.9997080644354105,0.7149056022017419,0.5221568260378935,118.55665234464624
arc_skew,1,46,58,1864,2.8697826537209106,0.17500207857010713,0.16863772472128927,0.9635578861207498,0.9285158832417113,1.0010669699206256,0.9549763621769962,0.951454795355475,-68.70860880352366
arc_skew,1,47,58,1904,2.8697826537209106,0.4123919246972253,0.46707909411357995,2.2706215518196777,2.5717279946191,0.9985767999116136,0.8772642448804512,0.8692192615140356,18.29742897528149
arc_skew,1,48,58,1944,2.8697826537209106,0.2685820041109627,0.5186261478722273,1.478807053297706,2.8555450244581904,1.000720074195667,0.834261408203745,0.7813273333638303,54.4175838963259
arc_skew,1,49,58,1984,2.8697826537209106,0.7739705941715427,1.772668782111871,4.2614663536170125,9.760278268921779,1.0015586871879736,0.7247911609289731,0.6264935557241904,85.83450910998704
arc_skew,1,250,63,24,2.4073567886699156,0.3833079033286281,2.9921666386536976,2.1104855215576737,16.47480866981351,1.0025566034225628,0.6585819015661003,0.4979789306260146,91.06548826279688
arc_skew,1,251,63,64,2.4073567886699156,0.9781672365506658,2.6389377719705323,5.385768914428946,14.529937712399656,0.9997386543088189,0.729712407152901,0.6468223575074431,68.0416280015195
arc_skew,1,252,63,104,2.4073567886699156,0.11696787194105233,0.18552337358409382,0.64402272448674,1.0214879225281086,0.9950901054771347,0.922920730539913,0.9003702431791754,56.413635297430964
arc_skew,1,253,63,144,2.4073567886699156,0.528104787835045,2.45691248500246,2.9077342233551247,13.527710183649388,0.9994705873717731,0.6363555998943964,0.45948897971293107,79.36172466141683
arc_skew,1,254,63,184,2.4073567886699156,0.4086653921450097,7.262591253843463,2.2501033393623637,39.98767976638078,1.001811108659885,0.4763126773824117,0.3172570708860506,69.41457630042481
arc_skew,1,255,63,224,2.4073567886699156,0.5365136088618518,0.5237735764306235,2.954033020944045,2.8838866614330843,1.0144028495552597,0.8445925160927815,0.8129453747831691,78.28085349755182
arc_skew,1,256,63,264,2.4073567886699156,0.2199028458412701,0.5308926530617656,1.2107805977051123,2.9230841526050924,0.9908028094957941,0.8766383675194145,0.8348535949850765,36.90453430382986
arc_skew,1,257,63,304,2.4073567886699156,0.3514494720038259,0.3162454025264738,1.9350736464915625,1.7412407557876024,nan,0.9708899221650815,0.9668260385076508,-0.40618360101728007
arc_skew,1,258,63,344,2.4073567886699156,0.20054808739280494,0.18403962045271144,1.1042136912468572,1.0133184079573025,0.9998811244277175,0.9219073833524093,0.9136668312668716,-18.626511315389262
arc_skew,1,259,63,384,2.4073567886699156,0.49409224036439625,4.219667779823819,2.7204618285917057,23.23340499313012,1.0011765475239849,0.5577618020071213,0.4001869156326103,74.72355680202868
arc_skew,1,260,63,424,2.4073567886699156,0.09315139942452283,1.353583072498984,0.5128897110940634,7.45280087346766,1.0059043398698637,0.7221306711418061,0.5903452565542585,59.12780913364312
arc_skew,1,261,63,464,2.4073567886699156,0.22795292584114946,4.305899198749552,1.2551041744943976,23.70819343230849,0.9960536236453869,0.6837750636577036,0.5953182630121644,79.7984084555761
arc_skew,1,262,63,504,2.4073567886699156,0.2970598230875975,3.6317768013807465,1.6356053455160633,19.996489219977544,0.9980672610728024,0.6304667848626847,0.4932772748160318,90.99150723680259
arc_skew,1,263,63,544,2.4073567886699156,0.37002844427123793,0.5539613153765883,2.0373690900117483,3.0500997382331185,0.991775656622812,0.829184099951432,0.7912678260682025,52.803025534193985
arc_skew,1,264,63,584,2.4073567886699156,0.30803962859683515,3.7174321230983787,1.6960599313869373,20.468105679642452,1.0069733953728466,0.6682689824410856,0.5440976042710085,99.79436067319187
arc_skew,1,265,63,624,2.4073567886699156,0.567671833268354,0.9650300928291685,3.1255895709559804,5.3134360682286115,0.9972867736375349,0.7539390758583723,0.7128669807825504,38.425409700468784
arc_skew,1,266,63,664,2.4073567886699156,0.07668839789202007,1.093302565061124,0.4222447594142115,6.01970169204971,1.0116285470498187,0.7412523938692117,0.6502763885887203,88.58125668756747
arc_skew,1,267,63,704,2.4073567886699156,0.24513106016604963,0.6869784351050774,1.349686632787704,3.7824892946926316,0.9866265096216835,0.871776395904784,0.8430240355360662,61.932182804331575
arc_skew,1,268,63,744,2.4073567886699156,0.1712342811648333,0.27012083413469173,0.9428124702215752,1.4872798201178412,0.983735865314154,0.9078966460642998,0.8803617402555135,35.84212627205273
arc_skew,1,269,63,784,2.4073567886699156,0.4407953434361064,2.712018381229277,2.427010197841815,14.932318060959703,1.0021215693699994,0.7374607180006166,0.6332299935914331,55.32126574866222
arc_skew,1,270,63,824,2.4073567886699156,0.2789603279769663,1.4125539417318151,1.5359498934714404,7.777493280351997,1.0004977814678908,0.8078735193221036,0.7223213700246506,82.3683279430933
arc_skew,1,271,63,864,2.4073567886699156,0.30814458234505626,1.066629287391779,1.696637804590517,5.872839167575809,0.9979175932526122,0.7979196575006496,0.7148548174264763,76.01218085803846
arc_skew,1,272,63,904,2.4073567886699156,0.19427686051710996,3.6874515850164125,1.0696844435881927,20.30303344658638,1.0054969195505508,0.6558080079985753,0.5410200745479968,70.39781630178489
arc_skew,1,273,63,944,2.4073567886699156,0.17271742635053297,4.661611749407741,0.9509786374558142,25.66673950318568,0.9902350500736493,0.5671949045786221,0.45302966667911054,57.86021712065632
arc_skew,1,274,63,984,2.4073567886699156,0.4781734471321995,7.21834630371942,2.632813276747426,39.74406797067309,0.984835866680808,0.5435676607605474,0.4166355857286834,68.69263257867829
arc_skew,1,275,63,1024,2.4073567886699156,0.5129114858384322,8.76020598762809,2.824080211501856,48.23351603815234,1.0073090724782434,0.3788246516293876,0.25725205401297935,71.63786618455134
arc_skew,1,276,63,1064,2.4073567886699156,0.4435451076088809,1.1236928325679272,2.442150343463501,6.187029886987511,1.0010946400735377,0.8244969778362995,0.7565294561314596,73.24753329755261
arc_skew,1,277,63,1104,2.4073567886699156,3.5580485355660443,5.989998775357843,19.59054288758982,32.980811456690745,1.0002897882161275,0.6511419510303074,0.5436635624330877,75.3215815795567
arc_skew,1,278,63,1144,2.4073567886699156,0.26471421257752337,1.275233362039761,1.4575110717621294,7.021408960839502,1.0012008857225922,0.7328151535297058,0.6588295728540802,60.66823545195787
arc_skew,1,279,63,1184,2.4073567886699156,0.36691343206658267,1.269846616487576,2.020217896153468,6.99174964936307,1.0035693073197742,0.7477163669699937,0.6792325445879733,37.837563345679804
arc_skew,1,280,63,1224,2.4073567886699156,0.22645484276461922,2.1395690742227305,1.2468557595369918,11.780423816746222,1.000192995305667,0.7681862936256318,0.674862918759185,54.00132230665422
arc_skew,1,281,63,1264,2.4073567886699156,0.35968769572922765,1.5825061741851147,1.9804331388078658,8.713246816437003,0.997530357943468,0.7314807259224474,0.6392773198872419,58.21784527396478
arc_skew,1,282,63,1304,2.4073567886699156,0.2703015826689361,0.6422811672458068,1.488275017872056,3.5363870467321985,1.0075290680609283,0.856942430814858,0.8153183056111456,49.67262684712813
arc_skew,1,283,63,1344,2.4073567886699156,0.47095338108676843,0.5073676552335262,2.5930597399138575,2.793555992919305,0.9810613214859752,0.8910796874141841,0.8672932069931578,30.09059959911079
arc_skew,1,284,63,1384,2.4073567886699156,0.18577662199148576,0.16989688686460508,1.0228823031096643,0.9354488043990484,0.9970367622967587,0.9719997780093651,0.9669871269972601,-3.2189630981381585
arc_skew,1,285,63,1424,2.4073567886699156,0.28507632704346764,0.9097372237552301,1.5696244599690816,5.008994655430809,1.0038282784480148,0.7318599524004517,0.6593198429192683,46.268323285780944
arc_skew,1,286,63,1464,2.4073567886699156,0.11713383782973297,0.13417521594887022,0.644936529295071,0.7387660107002428,0.9933550625839926,0.9312782392266594,0.9287465514767663,47.16447463838888
arc_skew,1,287,63,1504,2.4073567886699156,0.18959483934210108,0.2136132095705864,1.0439053302026517,1.176149988291976,1.0039041964732032,0.9217431058447761,0.9013548861114691,36.69879440857469
arc_skew,1,288,63,1544,2.4073567886699156,0.35989521204170316,3.617326880371986,1.9815757194047265,19.916928248727505,0.9969848403954696,0.5850050140866067,0.46534525731669163,56.33615833645448
arc_skew,1,289,63,1584,2.4073567886699156,0.19264584290421577,0.20801652341328952,1.0607040937766534,1.1453347481127234,1.0014465004530761,0.9281723684891034,0.9135820614165528,39.47121130065517
arc_skew,1,290,63,1624,2.4073567886699156,0.40955700080499347,5.746676425816642,2.2550125185142944,31.641083547825197,1.0013379876202717,0.44685583491794584,0.348009857757369,55.30184931275511
arc_skew,1,291,63,1664,2.4073567886699156,0.1419257180106023,3.645414758574372,0.7814401174536967,20.07157953497189,1.0002618587363097,0.5865389736235097,0.48471283842578666,50.54438884947426
arc_skew,1,292,63,1704,2.4073567886699156,0.10600913128291509,0.1219155472371172,0.5836841212576929,0.6712645240610136,0.9830582333510905,0.8410981705379202,0.8450347813785283,86.9240692964688
arc_skew,1,293,63,1744,2.4073567886699156,0.32218920414638025,3.862120027535867,1.773967206645749,21.26475433939638,1.0025395679742268,0.5360532771811963,0.432547513134333,48.16765843862756
arc_skew,1,294,63,1784,2.4073567886699156,0.44819083900973256,4.290091393546708,2.4677296460904476,23.621155978297004,1.001189015997471,0.3775599295240664,0.2703420036525607,35.04370342702678
arc_skew,1,295,63,1824,2.4073567886699156,0.1815771042469772,0.8584619535621603,0.9997598438012499,4.72667406037735,1.0031180750482538,0.7384688527095946,0.6599944453797304,49.03602645986306
arc_skew,1,296,63,1864,2.4073567886699156,0.24118819408746228,1.6812426612744382,1.3279772923331057,9.256887906646478,0.9960591348134085,0.6864307009755984,0.5742131370250809,67.33830657766929
arc_skew,1,297,63,1904,2.4073567886699156,0.14676195153784183,0.2599226951391757,0.8080683209148709,1.4311290741771383,0.963414110282468,0.8311600311497174,0.8539378460538486,107.35772986341523
arc_skew,1,298,63,1944,2.4073567886699156,0.333137863050671,3.1838616289370396,1.8342502999431196,17.53027738839424,1.0272003555834706,0.6396727664474644,0.5367978551624448,77.17633297388225
arc_skew,1,299,63,1984,2.4073567886699156,0.1585578074081012,0.4709290981032022,0.8730160634799905,2.5929260383001114,0.9773176673258914,0.8183996314865505,0.7959835990109952,-133.31771062334687
arc_skew,1,550,69,24,2.403026786283089,0.21220211684730206,6.641330836630141,1.1683805404506833,36.56703254189223,0.9952904143267297,0.5829067781808444,0.44608998802499306,89.37812022410962
arc_skew,1,551,69,64,2.403026786283089,1.2243101299270651,10.468072679037672,6.741026680298253,57.636995313350795,0.9955274302303139,0.4629021072539806,0.3418994482802414,109.81911518932256
arc_skew,1,552,69,104,2.403026786283089,0.200017706320538,6.872521903485901,1.101293423847706,37.83996585496883,1.012105330739135,0.32757595299654974,0.221553156889517,48.27603223834237
arc_skew,1,553,69,144,2.403026786283089,0.1943347908461866,0.29270298917675885,1.0700034068021353,1.611616706594697,0.9671384618770384,0.8662480708597604,0.8761060681789596,5.322877044926647
arc_skew,1,554,69,184,2.403026786283089,0.24209734776204733,1.007707451860048,1.3329830739786712,5.548416739252679,1.0072261423951798,0.832607726923595,0.7723508937956945,94.215084704346
arc_skew,1,555,69,224,2.403026786283089,0.30738427097960874,17.272457352309782,1.6924515456725082,95.1017989642626,0.9985704530466716,0.39952930771573847,0.2597749962075936,55.852382154736134
arc_skew,1,556,69,264,2.403026786283089,0.2870409863936556,13.392613754134388,1.580441834401901,73.73945900531545,0.9995730093491569,0.25032775723517714,0.1683247188960609,51.74487792750428
arc_skew,1,557,69,304,2.403026786283089,0.12044921101263176,0.5928815470421473,0.6631909066254271,3.2643937423810314,1.0037270560067566,0.8600069416776743,0.8044935960744375,83.36447827786338
arc_skew,1,558,69,344,2.403026786283089,0.19643219410394402,22.47216146988405,1.0815516664908218,123.73126410502142,0.9986417621241842,0.3383614580698329,0.2345778093665051,62.54249592111055
arc_skew,1,559,69,384,2.403026786283089,0.21934563877745988,8.0936205670226,1.2077126269420024,44.56331026662357,1.0091125392000624,0.3652249410772017,0.20986409999420982,91.00934752562073
arc_skew,1,560,69,424,2.403026786283089,0.10060785728509328,6.9369829737883535,0.5539448164550062,38.19488719730494,0.9980302918290904,0.5856489026693341,0.3993065966969387,92.16676488465923
arc_skew,1,561,69,464,2.403026786283089,0.16330891844815498,9.499682367119831,0.8991755842575979,52.30505794714654,0.9862831070650594,0.4342175137605423,0.28365062903932964,72.74545757311861
arc_skew,1,562,69,504,2.403026786283089,0.1890347754302974,16.94984984027598,1.040821629692581,93.32552856289456,1.0126656369944085,0.4045604266841904,0.2659413512753123,87.83235715269953
arc_skew,1,563,69,544,2.403026786283089,0.24005101816257537,0.703122107146722,1.3217160248139745,3.871376024689053,0.9956850625579277,0.8201136840217186,0.7542861107929943,48.43082460206877
arc_skew,1,564,69,584,2.403026786283089,0.2429523083298062,11.648431741215173,1.3376904694800127,64.13602830831945,0.9792592568086549,0.3194307488247177,0.186049827644382,62.62576655448611
arc_skew,1,565,69,624,2.403026786283089,0.20122680536794157,16.20862869385791,1.1079506986169314,89.24438000268202,1.0156896886633684,0.3556169075566235,0.22699584915737075,79.38225420889788
arc_skew,1,566,69,664,2.403026786283089,0.08115599035186248,6.246805694437124,0.44684323265423204,34.39478513123819,1.0056188684213914,0.48356206756610187,0.3287242406237814,59.38823673543394
arc_skew,1,567,69,704,2.403026786283089,0.14818987613134058,9.739152307706414,0.8159304446913054,53.62357457064271,0.9982347928896327,0.4811001928514332,0.3191853674203262,70.647234501426
arc_skew,1,568,69,744,2.403026786283089,0.11336778102582672,0.45710730571299224,0.624200697111633,2.5168235304514672,1.0124428289114396,0.787979574035562,0.7546479304548017,49.191210976405834
arc_skew,1,569,69,784,2.403026786283089,0.17651520409327393,6.958188123406606,0.9718891244834637,38.311642319918256,0.9937663915735395,0.523606434187551,0.3551266040008042,70.44485280749839
arc_skew,1,570,69,824,2.403026786283089,0.1529500891887107,0.26237716305929726,0.8421400809911763,1.444643324636261,0.9962804954085935,0.9038227400521284,0.8809668164774219,72.01667393338515
arc_skew,1,571,69,864,2.403026786283089,0.27549549452803335,0.5431658033374452,1.51687259095542,2.9906598684611683,0.9709826735508724,0.8296158278463308,0.8577547312474321,77.51385913387873
arc_skew,1,572,69,904,2.403026786283089,0.48995390582819975,7.847372576530615,2.6976762427841603,43.207473838172895,1.012182363872633,0.314405043397103,0.21090463050103442,28.077536859321256
arc_skew,1,573,69,944,2.403026786283089,0.17321143250498472,1.7962084464573174,0.9536986252971213,9.88988718215308,0.9979828452789846,0.688291871583565,0.6062784485703433,73.20196529995485
arc_skew,1,574,69,984,2.403026786283089,0.0874234137713091,14.751034697460643,0.4813515385601324,81.21889709718496,0.9990338084301902,0.3433983925837138,0.23262868112111992,44.730245086310475
arc_skew,1,575,69,1024,2.403026786283089,0.1002210724674093,5.851535815375286,0.5518151871137074,32.21843721452786,1.0007727087447478,0.14977795160702712,0.11966125789805261,25.020387348269963
arc_skew,1,576,69,1064,2.403026786283089,0.20050417310763416,11.93827864492555,1.1039719000856585,65.7319194664118,1.0009603145084351,0.2503491226505808,0.2060889123869311,41.52557127120152
arc_skew,1,577,69,1104,2.403026786283089,0.1346594525512373,1.1020641332571195,0.7414322075864255,6.067942708379434,1.0274395531807365,0.7314599061942926,0.6468069532322248,133.96998224470568
arc_skew,1,578,69,1144,2.403026786283089,0.060829047372070275,7.598678043828679,0.33492349793485715,41.838166798062126,0.9927339094645669,0.24769800150339008,0.18610057286213244,9.298258221367181
arc_skew,1,579,69,1184,2.403026786283089,0.15536376122656978,3.4042200555040325,0.855429710152104,18.743566404311416,0.9976169479321625,0.12227576375877232,0.09876064265813173,8.583245046593962
arc_skew,1,580,69,1224,2.403026786283089,0.12252644281620717,5.780826055795112,0.6746281026975531,31.829110716089247,1.0129590615223345,0.43201492788926005,0.3061033653533751,61.44895183696988
arc_skew,1,581,69,1264,2.403026786283089,0.19166622939651484,0.4118640726421365,1.0553103617226796,2.2677152091376844,0.9170676963129265,0.8606451567448037,0.9074601338843693,135.7791820875128
arc_skew,1,582,69,1304,2.403026786283089,0.5399317515590061,3.7897618002930913,2.97285324513018,20.866351411527365,1.028437205930422,0.6041221022296528,0.4895963837976837,42.194423385578276
arc_skew,1,583,69,1344,2.403026786283089,0.18613566000222742,0.9551155602963783,1.0248591590961413,5.258846853704832,0.9982628772692373,0.789259330979425,0.7167185239281297,61.86592431543422
arc_skew,1,584,69,1384,2.403026786283089,0.14920942837215087,2.0235791381278267,0.8215440785976665,11.141785587143062,0.9997579674928929,0.628254324084422,0.5092029950880014,51.92138261372054
arc_skew,1,585,69,1424,2.403026786283089,0.29552065506332764,0.5318449728300931,1.6271307176718233,2.9283276058850665,0.9996265446969574,0.7662161432788371,0.7286883269236342,39.70118090756787
arc_skew,1,586,69,1464,2.403026786283089,0.05798031182753971,0.2665455493054859,0.31923841795276264,1.467594374547953,0.9977973316031576,0.2575220689602611,0.27919008590083755,59.026906054222835
arc_skew,1,587,69,1504,2.403026786283089,0.05895848454495909,4.851901606480639,0.3246242170447433,26.714471586881633,1.0020242395774754,0.10364648636512319,0.0824699180666528,37.54733676493824
arc_skew,1,588,69,1544,2.403026786283089,0.23524582479828612,4.6197285798655034,1.2952587278588348,25.436131623337054,0.99667294967084,0.533506830060666,0.4215162992667278,57.23206574453437
arc_skew,1,589,69,1584,2.403026786283089,0.6310476689416639,0.9452275100548391,3.474535633491157,5.204403450138192,nan,0.865463093449637,0.8112601607287435,54.98415932065088
arc_skew,1,590,69,1624,2.403026786283089,0.4941616607205332,11.454665378779442,2.7208440556610047,63.069154656786885,1.001578957222526,0.36709715678327476,0.26833721279650014,45.572883510474945
arc_skew,1,591,69,1664,2.403026786283089,0.18098277768278398,0.17685850913787768,0.996487493823818,0.9737793550782989,0.9902828787463309,0.946469152398444,0.9356999467024555,6.225057247134151
arc_skew,1,592,69,1704,2.403026786283089,0.1924213371637004,6.838871794191668,1.059467969734468,37.65468903743495,1.0009211528113486,0.24817967505856778,0.1646213395292669,22.79615366549532
arc_skew,1,593,69,1744,2.403026786283089,0.11739001729404039,14.132405329806057,0.6463470482164032,77.81273637806716,0.9995518494657569,0.231064926790448,0.16229262560811772,40.75153521368348
arc_skew,1,594,69,1784,2.403026786283089,0.1265233667043444,0.30441303225497945,0.6966350843523235,1.6760919656717654,0.9990922129909199,0.8492255475190308,0.8108205866667723,47.40509420152527
arc_skew,1,595,69,1824,2.403026786283089,0.11724889080189223,15.329793219725463,0.6455700086202967,84.40552975231914,0.9999434225039874,0.2727194720999956,0.18225667273884627,29.087917009566848
arc_skew,1,596,69,1864,2.403026786283089,0.09269696201688553,6.035660549949125,0.5103875879681271,33.23222425910539,1.008609593382327,0.48648920675166607,0.3543707559423978,57.97340278895253
arc_skew,1,597,69,1904,2.403026786283089,0.1390680393183838,5.887242387303734,0.7657057966822821,32.415036873509685,0.9876932821089086,0.4478745868104496,0.3258637860710919,36.84860257998151
arc_skew,1,598,69,1944,2.403026786283089,0.1320004939868808,7.337099569974738,0.7267920357982508,40.397921039950035,1.0035412868298654,0.36860531520123346,0.24965582029917666,36.68182554466888
arc_skew,1,599,69,1984,2.403026786283089,0.07615897544005065,1.934687857960769,0.41932977015892586,10.652352006055482,1.0005575258930128,0.6525832363754264,0.5447567440821843,57.90220881357361
